{"2019": {"6": {"1": [46.183597564697266, 40.61186981201172, 39.31365203857422, 33.079986572265625, 31.069168090820312, 33.05365753173828, 35.66762924194336, 29.512231826782227, 36.73812484741211, 38.751853942871094, 35.35136413574219, 34.2905158996582, 34.55168151855469, 36.34500503540039, 39.6329345703125, 39.14826965332031, 39.835208892822266, 36.51185607910156, 35.717132568359375, 35.89125061035156, 33.80487823486328, 39.00251388549805, 49.796852111816406, 43.49530792236328], "2": [41.045433044433594, 42.97905731201172, 41.95779800415039, 41.68572235107422, 39.263427734375, 42.57516098022461, 35.36576843261719, 28.943016052246094, 37.29643630981445, 34.267425537109375, 33.984283447265625, 37.2711181640625, 36.562889099121094, 36.96366882324219, 37.82912063598633, 37.29756164550781, 37.37881851196289, 39.84093475341797, 43.3532600402832, 39.06361389160156, 35.652503967285156, 38.72643280029297, 46.77952575683594, 46.68648147583008], "3": [42.124656677246094, 40.59797286987305, 43.62009811401367, 40.6601448059082, 41.358558654785156, 40.04926300048828, 34.90556716918945, 36.301578521728516, 42.97563552856445, 57.97615051269531, 63.540260314941406, 65.34266662597656, 59.472328186035156, 57.953224182128906, 61.15044021606445, 61.145992279052734, 58.45415115356445, 59.25681686401367, 59.41960525512695, 58.85700225830078, 52.24357986450195, 47.28805923461914, 54.845916748046875, 56.438961029052734], "4": [49.699462890625, 43.304710388183594, 37.9714469909668, 35.01679611206055, 37.3333625793457, 30.762243270874023, 31.037654876708984, 37.793922424316406, 42.18227005004883, 61.945072174072266, 64.44674682617188, 64.18419647216797, 55.566932678222656, 57.913841247558594, 58.99367904663086, 58.73863983154297, 54.001983642578125, 54.959869384765625, 53.65636444091797, 52.676361083984375, 53.348472595214844, 46.75919723510742, 49.019996643066406, 51.39230728149414], "5": [45.48483657836914, 39.940338134765625, 31.874343872070312, 29.240062713623047, 34.66060256958008, 35.15074157714844, 31.17455291748047, 36.07489776611328, 48.42039489746094, 56.44088363647461, 64.445068359375, 63.172245025634766, 63.77287292480469, 69.27118682861328, 61.98480987548828, 65.07784271240234, 62.7273063659668, 54.79432678222656, 54.72634506225586, 52.03498077392578, 47.38581085205078, 47.57440948486328, 45.05207443237305, 50.92342758178711], "6": [40.729679107666016, 42.705867767333984, 33.69541931152344, 34.20590591430664, 34.86082077026367, 30.37125587463379, 33.07977294921875, 30.926836013793945, 42.30789566040039, 57.011619567871094, 57.485069274902344, 64.29501342773438, 58.4123420715332, 58.596168518066406, 61.650699615478516, 60.03165817260742, 57.22288513183594, 55.33456039428711, 50.86707305908203, 60.37467956542969, 54.26823425292969, 52.078941345214844, 50.01465606689453, 52.04473114013672], "7": [44.73199462890625, 49.105438232421875, 30.74415397644043, 34.68738555908203, 32.29806137084961, 32.97224807739258, 28.861787796020508, 34.09511184692383, 41.605220794677734, 49.50410842895508, 50.39788055419922, 54.948081970214844, 60.746788024902344, 55.69588088989258, 61.50468826293945, 52.9694938659668, 56.372615814208984, 53.07613754272461, 51.9924201965332, 51.58270263671875, 52.03744888305664, 45.33281707763672, 49.17941665649414, 51.81170654296875], "8": [43.63761901855469, 31.710975646972656, 32.51337814331055, 29.75349998474121, 32.374855041503906, 31.270797729492188, 32.87531280517578, 29.23607635498047, 28.8678035736084, 33.28839874267578, 30.390987396240234, 31.19521713256836, 32.74593734741211, 29.89415740966797, 31.239978790283203, 30.443344116210938, 33.59462356567383, 29.813335418701172, 35.87445831298828, 30.08053970336914, 34.38654327392578, 29.70134925842285, 40.9323616027832, 40.88788604736328], "9": [43.1210823059082, 40.53981018066406, 38.52916717529297, 42.452239990234375, 42.20178985595703, 39.6798095703125, 32.55816650390625, 34.49821472167969, 31.88324737548828, 29.928312301635742, 31.340253829956055, 36.89984130859375, 33.38143539428711, 28.560073852539062, 31.61518096923828, 33.08296203613281, 30.226505279541016, 32.13057327270508, 29.12565803527832, 29.533559799194336, 32.420040130615234, 30.43413543701172, 40.26640319824219, 41.828617095947266], "10": [37.07819366455078, 39.44967269897461, 42.354278564453125, 36.14362716674805, 40.2037239074707, 41.37642288208008, 28.47638702392578, 39.38589096069336, 45.16672134399414, 48.563507080078125, 56.7077751159668, 59.22380065917969, 56.88518524169922, 56.850257873535156, 60.83034133911133, 59.16972351074219, 56.377601623535156, 50.368343353271484, 52.61109924316406, 54.00374984741211, 53.70964050292969, 48.251190185546875, 45.08177185058594, 46.0297966003418], "11": [48.87673568725586, 33.70803451538086, 28.522470474243164, 30.43941879272461, 28.57763671875, 32.02659225463867, 29.824453353881836, 35.96477127075195, 44.7329216003418, 51.114173889160156, 59.30345153808594, 54.69313049316406, 54.38920211791992, 62.69178009033203, 54.440147399902344, 55.52405548095703, 54.414730072021484, 53.11268615722656, 51.420654296875, 54.718563079833984, 48.491947174072266, 52.74174118041992, 44.51915740966797, 44.705142974853516], "12": [48.00264358520508, 44.01373291015625, 34.81139373779297, 31.186649322509766, 32.1342658996582, 31.22516632080078, 30.783294677734375, 38.851905822753906, 48.77948760986328, 54.53028106689453, 59.407981872558594, 57.82538604736328, 58.03269577026367, 58.0689582824707, 58.96764373779297, 58.62987518310547, 58.168701171875, 54.53044891357422, 51.747989654541016, 58.27113342285156, 47.999263763427734, 49.194644927978516, 46.90182113647461, 45.155364990234375], "13": [42.64167404174805, 41.443504333496094, 38.66716766357422, 34.000240325927734, 31.934803009033203, 31.721376419067383, 34.96723175048828, 38.987876892089844, 45.99983215332031, 57.23398971557617, 55.000244140625, 57.74605178833008, 59.74166488647461, 59.74762725830078, 63.16510009765625, 60.33004379272461, 60.05003356933594, 56.9704704284668, 53.02521514892578, 55.992000579833984, 48.083866119384766, 50.400962829589844, 46.448272705078125, 46.1375732421875], "14": [51.596397399902344, 44.09328079223633, 29.68193817138672, 31.856361389160156, 29.739639282226562, 33.480323791503906, 29.333742141723633, 40.42418670654297, 50.384796142578125, 55.71661376953125, 59.22320556640625, 58.096195220947266, 62.36142349243164, 61.08229446411133, 57.01851272583008, 56.03280258178711, 56.32803726196289, 56.283241271972656, 53.3634033203125, 52.95655822753906, 47.144775390625, 48.666316986083984, 46.40863800048828, 42.1762809753418], "15": [38.661346435546875, 28.829153060913086, 29.695125579833984, 29.30276107788086, 31.774883270263672, 27.80750846862793, 29.845476150512695, 27.73875617980957, 27.562332153320312, 28.972511291503906, 32.225120544433594, 29.876419067382812, 29.925861358642578, 29.762359619140625, 28.657073974609375, 30.227066040039062, 32.63957595825195, 32.961952209472656, 31.137001037597656, 31.734296798706055, 28.925594329833984, 31.399660110473633, 42.24319839477539, 41.0263671875], "16": [39.665870666503906, 40.321311950683594, 40.33382034301758, 37.80769348144531, 36.951900482177734, 41.254188537597656, 33.60024642944336, 29.33908462524414, 31.548566818237305, 33.26923370361328, 27.417539596557617, 28.548681259155273, 32.98703384399414, 30.197391510009766, 31.077735900878906, 33.29798126220703, 32.881202697753906, 35.1916389465332, 30.34795379638672, 30.966121673583984, 34.453304290771484, 32.61058044433594, 40.52672576904297, 37.2103385925293], "17": [42.276397705078125, 41.16370391845703, 39.810577392578125, 38.67085647583008, 40.87672424316406, 38.28977584838867, 32.675880432128906, 40.59954071044922, 40.63152313232422, 51.59617614746094, 51.70266342163086, 60.98717498779297, 56.2467041015625, 56.525177001953125, 58.05493927001953, 55.332252502441406, 55.13896560668945, 52.06863784790039, 49.911720275878906, 44.82746505737305, 48.3366813659668, 42.836997985839844, 47.54929733276367, 45.36853790283203],