{"2019": {"6": {"1": [143.77638244628906, 122.31005859375, 130.39527893066406, 118.35516357421875, 130.2169647216797, 139.39871215820312, 134.12977600097656, 185.54258728027344, 198.5624237060547, 200.07333374023438, 245.09426879882812, 267.03753662109375, 273.2635498046875, 260.5572814941406, 264.82427978515625, 268.4836730957031, 281.7936706542969, 298.62725830078125, 258.8565979003906, 256.3881530761719, 253.89556884765625, 259.5252685546875, 211.7073974609375, 138.18972778320312], "2": [159.90106201171875, 136.86805725097656, 145.245849609375, 135.31163024902344, 132.9969024658203, 133.73062133789062, 126.46038818359375, 143.96273803710938, 153.49331665039062, 151.6578369140625, 183.02276611328125, 191.39178466796875, 190.85626220703125, 195.42550659179688, 221.82676696777344, 225.68174743652344, 210.92539978027344, 200.69119262695312, 176.0864715576172, 168.62649536132812, 183.53074645996094, 158.06253051757812, 161.425048828125, 145.76734924316406], "3": [146.93699645996094, 150.9366455078125, 149.32801818847656, 133.8526153564453, 141.34066772460938, 143.05628967285156, 132.53636169433594, 185.25326538085938, 261.5821838378906, 297.5015869140625, 301.09112548828125, 317.3394470214844, 327.7896728515625, 315.9358825683594, 318.9246520996094, 337.4365539550781, 328.1935729980469, 316.42279052734375, 302.8693542480469, 337.58489990234375, 302.8578796386719, 254.77638244628906, 248.4918212890625, 162.3445587158203], "4": [131.33438110351562, 129.34649658203125, 123.99173736572266, 132.4685516357422, 135.3153076171875, 149.36842346191406, 131.78903198242188, 192.6054229736328, 235.96739196777344, 256.3824157714844, 294.2442626953125, 312.8212890625, 300.9001770019531, 302.8260192871094, 304.469482421875, 331.1759033203125, 302.8983459472656, 324.8009033203125, 295.2008972167969, 290.77886962890625, 254.3430938720703, 248.64413452148438, 238.30580139160156, 174.814208984375], "5": [133.22532653808594, 124.24988555908203, 132.3710479736328, 125.4856185913086, 120.59114837646484, 125.51839447021484, 133.93255615234375, 182.34034729003906, 252.93927001953125, 258.9288635253906, 309.08819580078125, 281.5330505371094, 309.27984619140625, 299.3177795410156, 322.14739990234375, 296.52923583984375, 306.115234375, 284.92437744140625, 258.1009521484375, 246.5936737060547, 256.0539855957031, 238.14364624023438, 230.36492919921875, 162.13381958007812], "6": [131.69883728027344, 129.29959106445312, 124.48095703125, 129.47186279296875, 120.88668060302734, 129.991943359375, 131.91416931152344, 179.85043334960938, 225.56228637695312, 283.2432861328125, 258.72991943359375, 289.8782043457031, 273.16082763671875, 282.8611755371094, 268.4375305175781, 277.1747741699219, 273.0491027832031, 276.6225280761719, 239.9311981201172, 249.36126708984375, 251.36256408691406, 222.47923278808594, 241.3925018310547, 158.97015380859375], "7": [143.68753051757812, 127.8912124633789, 127.78258514404297, 116.00997161865234, 124.39447784423828, 120.79045104980469, 127.38063049316406, 199.63772583007812, 207.1170196533203, 267.3320007324219, 263.62371826171875, 275.35955810546875, 252.91104125976562, 271.7098388671875, 263.4705810546875, 276.15350341796875, 252.25843811035156, 309.4604797363281, 297.4624328613281, 265.68170166015625, 269.96417236328125, 231.4376220703125, 231.32095336914062, 166.07958984375], "8": [137.92630004882812, 125.8504409790039, 124.79248809814453, 119.65819549560547, 120.21745300292969, 125.34736633300781, 112.08106994628906, 182.14437866210938, 178.75253295898438, 208.59182739257812, 182.3915252685547, 212.38803100585938, 183.26844787597656, 213.93931579589844, 186.56307983398438, 202.2373046875, 202.8817138671875, 215.40052795410156, 256.96240234375, 235.40916442871094, 244.08267211914062, 209.3221893310547, 187.56625366210938, 123.52275085449219], "9": [135.74879455566406, 134.85816955566406, 133.86663818359375, 143.65538024902344, 156.85643005371094, 142.6864013671875, 137.17935180664062, 120.26229095458984, 124.62923431396484, 131.9462432861328, 128.86688232421875, 125.45818328857422, 133.24658203125, 155.9299774169922, 135.08807373046875, 137.98648071289062, 135.18287658691406, 126.10614013671875, 123.62113952636719, 144.37203979492188, 138.6381378173828, 130.20399475097656, 128.65274047851562, 125.76453399658203], "10": [131.99435424804688, 135.11753845214844, 147.43191528320312, 135.3117218017578, 130.4945831298828, 137.20321655273438, 128.29769897460938, 176.9189910888672, 217.3830108642578, 241.1298828125, 269.3824157714844, 293.05035400390625, 283.37762451171875, 279.5499572753906, 309.8354797363281, 328.1259765625, 290.9046325683594, 333.43853759765625, 335.36285400390625, 298.484619140625, 308.0723571777344, 307.88250732421875, 240.01895141601562, 176.4247283935547], "11": [155.09352111816406, 150.22137451171875, 132.91000366210938, 129.7627716064453, 134.15711975097656, 137.65859985351562, 135.48338317871094, 178.09510803222656, 218.7987823486328, 252.34713745117188, 282.8632507324219, 299.0863342285156, 321.7585144042969, 304.3272705078125, 302.9296875, 334.7018737792969, 339.4585266113281, 345.11004638671875, 352.8802795410156, 330.6916198730469, 310.9574890136719, 307.5478210449219, 264.45941162109375, 178.1892852783203], "12": [129.2909393310547, 130.97720336914062, 124.06059265136719, 127.9385986328125, 117.2303237915039, 142.6378631591797, 122.1598892211914, 194.1270294189453, 247.81381225585938, 276.4006652832031, 322.8594665527344, 353.77239990234375, 354.60906982421875, 359.5637512207031, 347.8450012207031, 359.5393371582031, 373.3135986328125, 374.75482177734375, 352.6390686035156, 333.6448974609375, 337.248291015625, 321.8276672363281, 261.09771728515625, 173.28909301757812], "13": [141.32423400878906, 126.255615234375, 149.1353302001953, 134.86219787597656, 139.35888671875, 129.10415649414062, 137.4023895263672, 212.5244140625, 219.6364288330078, 284.1358642578125, 332.8554382324219, 322.599609375, 371.1333312988281, 364.2901306152344, 382.8543395996094, 383.3988952636719, 403.9379577636719, 384.2925109863281, 347.208251953125, 328.045654296875, 340.7217102050781, 315.3145751953125, 259.5675354003906, 168.99395751953125], "14": [139.12857055664062, 131.5069122314453, 153.55313110351562, 129.76068115234375, 136.52122497558594, 131.3301544189453, 126.23335266113281, 184.7241668701172, 237.7471923828125, 254.25924682617188, 276.09283447265625, 306.44573974609375, 289.6256103515625, 287.4821472167969, 306.0740966796875, 295.2137145996094, 293.0335388183594, 355.54461669921875, 312.26983642578125, 328.5245056152344, 328.8385009765625, 291.4177551269531, 224.89276123046875, 158.7393798828125], "15": [121.21063995361328, 122.913818359375, 133.34332275390625, 137.15809631347656, 119.92603302001953, 120.43080139160156, 113.9996337890625, 191.45416259765625, 203.76748657226562, 197.24195861816406, 225.22366333007812, 209.5594024658203, 220.78158569335938, 230.00726318359375, 233.3332977294922, 224.54644775390625, 245.0699005126953, 266.2431640625, 274.3576354980469, 286.1523132324219, 252.05384826660156, 263.6207580566406, 213.82713317871094, 133.62391662597656], "16": [135.8089599609375, 134.25401306152344, 125.97203826904297, 145.20518493652344, 138.02169799804688, 136.7877960205078, 124.60009765625, 131.7362823486328, 123.02938079833984, 149.75343322753906, 133.0089111328125, 125.7410659790039, 123.8895263671875, 136.18417358398438, 130.34046936035156, 125.70350646972656, 127.67005920410156, 132.9942169189453, 142.93824768066406, 133.12281799316406, 121.86808013916016, 136.15521240234375, 133.03378295898438, 129.17605590820312],