{"2019": {"6": {"1": [54.46514892578125, 52.612579345703125, 53.43256378173828, 53.83182907104492, 56.578651428222656, 57.81224822998047, 56.69887161254883, 87.034912109375, 87.55819702148438, 94.12532806396484, 103.83535766601562, 102.41111755371094, 100.48448181152344, 103.40093994140625, 101.9839859008789, 101.124755859375, 97.85594940185547, 91.28532409667969, 84.96484375, 84.17972564697266, 62.575050354003906, 56.345558166503906, 55.830928802490234, 55.3266487121582], "2": [55.673675537109375, 53.340084075927734, 53.04573440551758, 53.100616455078125, 55.634273529052734, 56.10761642456055, 57.76364517211914, 45.27437973022461, 46.294620513916016, 60.58978271484375, 115.31974029541016, 118.29948425292969, 109.06459045410156, 121.66362762451172, 131.9930419921875, 134.8956298828125, 147.35731506347656, 98.29171752929688, 132.62722778320312, 129.32403564453125, 107.44259643554688, 87.34291076660156, 64.94249725341797, 62.97422409057617], "3": [52.539398193359375, 51.556793212890625, 49.2281379699707, 53.97761535644531, 56.077816009521484, 53.39497375488281, 56.80695343017578, 97.45039367675781, 109.4670639038086, 106.36530303955078, 108.49019622802734, 115.33975982666016, 114.37725067138672, 115.47920227050781, 115.58869934082031, 148.39886474609375, 145.3197021484375, 148.7335968017578, 133.5253143310547, 125.23291778564453, 117.81828308105469, 100.75919342041016, 63.86623764038086, 53.22883987426758], "4": [44.72138595581055, 45.24415969848633, 43.002357482910156, 43.10087966918945, 45.45205307006836, 48.907161712646484, 48.13969039916992, 90.67496490478516, 103.18243408203125, 105.76732635498047, 109.92106628417969, 116.56266784667969, 119.06432342529297, 124.04428100585938, 120.54114532470703, 132.8673553466797, 127.4269027709961, 134.06118774414062, 118.14915466308594, 84.05850982666016, 58.89205551147461, 51.43878173828125, 48.79395294189453, 53.981475830078125], "5": [43.819976806640625, 44.53657913208008, 43.05449676513672, 42.44224548339844, 49.908836364746094, 52.98714065551758, 44.36481475830078, 100.375244140625, 105.20771026611328, 112.57093811035156, 112.746337890625, 119.7091064453125, 118.323486328125, 124.31175231933594, 121.6854476928711, 131.79901123046875, 136.05653381347656, 128.5217742919922, 124.47976684570312, 110.05399322509766, 105.54571533203125, 100.3039321899414, 52.34095764160156, 49.2996711730957], "6": [45.002830505371094, 41.30360412597656, 49.732032775878906, 42.95229721069336, 46.26344680786133, 43.496498107910156, 52.5506591796875, 91.67403411865234, 93.55980682373047, 97.40753173828125, 102.02765655517578, 105.02931213378906, 110.82586669921875, 112.2227554321289, 128.92233276367188, 125.05181121826172, 131.55763244628906, 125.48567962646484, 120.54106140136719, 102.01541137695312, 99.83085632324219, 89.08319091796875, 59.97787857055664, 54.36784744262695], "7": [43.72830581665039, 49.79605484008789, 42.13664627075195, 49.321136474609375, 53.81789779663086, 46.683929443359375, 50.17058563232422, 88.4164047241211, 94.85716247558594, 101.42092895507812, 103.89627075195312, 102.7637710571289, 112.24748992919922, 116.18087768554688, 118.6675033569336, 115.80006408691406, 113.575927734375, 104.43042755126953, 104.92166137695312, 86.38228607177734, 61.46897888183594, 52.014976501464844, 61.669776916503906, 59.31776809692383], "8": [53.18868637084961, 50.927730560302734, 46.691158294677734, 49.879310607910156, 47.89667892456055, 50.857791900634766, 53.8972053527832, 69.9899673461914, 70.97126770019531, 71.94345092773438, 85.25345611572266, 91.47216796875, 86.45281982421875, 94.1046371459961, 99.226806640625, 93.1330795288086, 89.71187591552734, 85.56749725341797, 84.70553588867188, 81.09725952148438, 55.319725036621094, 53.0728759765625, 51.7830810546875, 47.37293243408203], "9": [49.137699127197266, 49.75048065185547, 48.53174591064453, 46.27357482910156, 44.806541442871094, 47.915138244628906, 43.5035285949707, 51.8515510559082, 47.480648040771484, 54.58137512207031, 93.64061737060547, 91.20402526855469, 98.60202026367188, 99.39564514160156, 96.56723022460938, 101.46910095214844, 90.05907440185547, 58.86647415161133, 58.68341064453125, 54.34356689453125, 56.31967544555664, 53.29895782470703, 44.1596565246582, 45.41408920288086], "10": [51.895957946777344, 41.451332092285156, 42.1998176574707, 49.88616943359375, 46.24833297729492, 45.84034729003906, 54.39670181274414, 93.92765045166016, 102.6668701171875, 99.86882019042969, 113.43510437011719, 115.44141387939453, 115.66162109375, 117.25732421875, 146.23486328125, 137.7841339111328, 134.15676879882812, 128.07240295410156, 116.09371185302734, 88.50515747070312, 60.176055908203125, 57.680267333984375, 45.574039459228516, 51.75041580200195], "11": [45.801212310791016, 48.743690490722656, 39.89202117919922, 50.51852798461914, 48.72073745727539, 43.2890739440918, 53.24261474609375, 94.66993713378906, 94.9906997680664, 106.4903335571289, 110.11759185791016, 113.9403076171875, 132.01632690429688, 133.72459411621094, 133.66746520996094, 130.74844360351562, 130.53623962402344, 125.36883544921875, 126.45288848876953, 102.0031509399414, 61.55672836303711, 59.866363525390625, 55.26741027832031, 55.242698669433594], "12": [51.08711624145508, 50.806453704833984, 47.50548553466797, 42.26316833496094, 44.090484619140625, 48.15376663208008, 54.57170867919922, 100.03671264648438, 108.372314453125, 116.27079010009766, 121.55664825439453, 133.63568115234375, 136.4637908935547, 136.6591796875, 135.79904174804688, 133.27206420898438, 132.89834594726562, 132.21865844726562, 126.08904266357422, 109.03515625, 60.56315612792969, 62.30580139160156, 57.92609405517578, 55.61384963989258], "13": [44.12080001831055, 50.401248931884766, 50.055442810058594, 47.4240837097168, 41.76274490356445, 44.612998962402344, 45.250492095947266, 95.83731079101562, 113.71917724609375, 120.78024291992188, 132.19154357910156, 137.2056121826172, 135.89129638671875, 138.90940856933594, 135.30001831054688, 136.31800842285156, 134.46641540527344, 131.71632385253906, 129.8185577392578, 106.537109375, 59.19842529296875, 61.54243850708008, 55.73147201538086, 52.500431060791016], "14": [43.54161071777344, 48.55584716796875, 48.61627197265625, 45.217674255371094, 44.313377380371094, 42.144683837890625, 48.67060470581055, 98.48880004882812, 106.96458435058594, 114.21106719970703, 117.76853942871094, 123.59312438964844, 119.07907104492188, 138.08287048339844, 140.68629455566406, 140.78152465820312, 141.7007293701172, 133.07603454589844, 126.52507019042969, 93.27690887451172, 65.06248474121094, 65.34504699707031, 57.812191009521484, 46.44606018066406], "15": [51.60512161254883, 55.63801193237305, 42.93488311767578, 53.01533889770508, 50.325862884521484, 51.206520080566406, 55.23774337768555, 71.63423156738281, 79.40994262695312, 72.22183227539062, 95.80916595458984, 105.05316925048828, 101.62430572509766, 103.60017395019531, 103.89788055419922, 111.851318359375, 131.03591918945312, 107.68008422851562, 112.6932373046875, 110.1866226196289, 77.32899475097656, 78.76045227050781, 78.55966186523438, 69.97540283203125], "16": [67.06083679199219, 65.61577606201172, 56.609771728515625, 56.34357452392578, 40.83710479736328, 47.914527893066406, 48.494712829589844, 53.720584869384766, 55.307777404785156, 57.50376892089844, 98.15009307861328, 98.81021881103516, 113.54818725585938, 116.32677459716797, 111.76560974121094, 98.82099151611328, 94.24443054199219, 76.53744506835938, 69.9063720703125, 74.61825561523438, 69.7243881225586, 70.5362777709961, 66.23885345458984, 65.20665740966797],