{"2019": {"6": {"1": [326.6170349121094, 300.54840087890625, 279.9468994140625, 269.45977783203125, 264.2066345214844, 245.07119750976562, 246.9583740234375, 269.3979797363281, 355.38287353515625, 426.94512939453125, 426.21807861328125, 474.1025390625, 459.5249938964844, 433.69586181640625, 467.5843505859375, 440.664306640625, 467.0937805175781, 448.104736328125, 451.7122802734375, 434.3575744628906, 423.98162841796875, 421.2978515625, 422.6728515625, 402.3642272949219], "2": [308.7559509277344, 278.0382995605469, 271.3409729003906, 260.9986877441406, 253.26963806152344, 265.8247985839844, 260.09075927734375, 260.1715393066406, 369.2106018066406, 399.77813720703125, 426.4659729003906, 464.475341796875, 478.5964660644531, 474.8828430175781, 484.93060302734375, 503.29541015625, 481.1017761230469, 498.9302062988281, 476.6451721191406, 423.366943359375, 450.61822509765625, 396.1413879394531, 372.56024169921875, 354.509765625], "3": [296.87017822265625, 299.41937255859375, 265.77655029296875, 254.98263549804688, 255.65011596679688, 249.68499755859375, 246.7518768310547, 316.1365051269531, 392.45648193359375, 454.17364501953125, 500.8807678222656, 570.1241455078125, 553.7802734375, 536.6668090820312, 572.19677734375, 511.01910400390625, 513.1808471679688, 528.227294921875, 498.2621154785156, 466.5113525390625, 447.799560546875, 406.5932922363281, 386.5460205078125, 370.651611328125], "4": [283.4446105957031, 267.2923583984375, 270.79541015625, 265.67169189453125, 260.06341552734375, 253.40054321289062, 257.90142822265625, 282.885009765625, 404.0471496582031, 454.11053466796875, 460.9207763671875, 538.6781616210938, 528.0196533203125, 536.1558837890625, 566.8809814453125, 566.7099609375, 515.01806640625, 491.27142333984375, 458.5630798339844, 431.5217590332031, 430.0562744140625, 379.2490539550781, 376.6174621582031, 354.6839294433594], "5": [282.06854248046875, 273.0583190917969, 264.5315246582031, 267.2117004394531, 235.1465606689453, 255.5689239501953, 236.50758361816406, 296.8661804199219, 372.7604064941406, 462.0095520019531, 493.2296142578125, 551.8060913085938, 556.1922607421875, 543.3705444335938, 529.3414916992188, 504.0494079589844, 529.2169189453125, 484.3357849121094, 449.12579345703125, 426.8970031738281, 377.2779235839844, 354.26531982421875, 347.7738952636719, 341.2290344238281], "6": [288.4866027832031, 281.2605895996094, 284.4193115234375, 262.5271911621094, 235.40301513671875, 260.5370178222656, 236.49057006835938, 288.9495544433594, 393.90966796875, 454.8488464355469, 496.22161865234375, 516.5970458984375, 502.3956604003906, 502.7138671875, 537.7535400390625, 503.0362854003906, 489.26416015625, 436.895751953125, 467.09759521484375, 358.1255187988281, 331.8733825683594, 331.28729248046875, 341.59356689453125, 328.45794677734375], "7": [275.822021484375, 263.1107482910156, 262.2362976074219, 257.7762451171875, 234.99755859375, 243.28472900390625, 230.8165740966797, 279.3403015136719, 344.3074645996094, 437.24334716796875, 449.3641052246094, 458.96270751953125, 467.2888488769531, 475.76788330078125, 498.40625, 442.3639831542969, 416.7325439453125, 390.8931884765625, 396.6486511230469, 371.61566162109375, 357.9106140136719, 325.7918701171875, 319.5665588378906, 308.87652587890625], "8": [257.1734619140625, 253.1912841796875, 251.24610900878906, 252.79859924316406, 226.86688232421875, 246.1224822998047, 236.21353149414062, 236.7244110107422, 285.02069091796875, 319.0146484375, 362.7791748046875, 366.4556579589844, 352.39739990234375, 359.2701721191406, 368.8960266113281, 362.1209411621094, 360.6646728515625, 346.4005432128906, 380.054443359375, 302.23760986328125, 302.23388671875, 289.5824890136719, 286.9642333984375, 275.70465087890625], "9": [259.4092102050781, 254.66238403320312, 261.2920227050781, 249.39109802246094, 254.32369995117188, 251.02725219726562, 244.2525177001953, 242.46304321289062, 275.4173889160156, 317.2704772949219, 360.99493408203125, 371.8612976074219, 375.5429992675781, 352.740966796875, 377.59637451171875, 378.1557312011719, 372.453369140625, 349.9361572265625, 365.0928039550781, 303.406005859375, 302.64794921875, 297.8848571777344, 279.12713623046875, 277.7231140136719], "10": [256.300537109375, 257.6167907714844, 252.89756774902344, 252.62762451171875, 247.7019805908203, 253.40164184570312, 246.10755920410156, 314.12347412109375, 360.1756591796875, 453.94036865234375, 459.8518371582031, 496.3495788574219, 503.89739990234375, 508.7483825683594, 490.95184326171875, 526.4984741210938, 498.76190185546875, 456.2728271484375, 471.66180419921875, 443.1919860839844, 438.2052001953125, 371.1944885253906, 392.9259338378906, 335.5024108886719], "11": [296.6382751464844, 267.98455810546875, 265.64105224609375, 250.73159790039062, 238.91004943847656, 245.2909393310547, 236.4201202392578, 326.8598327636719, 403.7834777832031, 440.4006652832031, 457.1112365722656, 479.998779296875, 493.467041015625, 520.2036743164062, 569.22900390625, 508.7447204589844, 482.8702392578125, 485.9755554199219, 470.9970397949219, 426.56951904296875, 428.185546875, 350.678466796875, 347.1533203125, 343.2147216796875], "12": [295.0829162597656, 312.9509582519531, 301.80572509765625, 290.7190856933594, 263.015625, 268.5058898925781, 266.57257080078125, 331.3397216796875, 429.19610595703125, 493.6194763183594, 504.5571594238281, 540.6143188476562, 523.7040405273438, 584.8338623046875, 580.8106079101562, 563.5274047851562, 557.9423217773438, 519.644287109375, 504.23858642578125, 483.2373352050781, 439.5972900390625, 349.5009460449219, 367.1427307128906, 347.72943115234375], "13": [333.7499694824219, 346.73284912109375, 336.2044677734375, 338.4952087402344, 287.1562805175781, 300.0068664550781, 273.6031494140625, 335.6594543457031, 429.1897888183594, 483.506103515625, 528.0885009765625, 576.3128051757812, 590.3584594726562, 582.1229248046875, 584.81884765625, 612.5435180664062, 532.6551513671875, 526.9639282226562, 473.5092468261719, 450.5767822265625, 464.5118713378906, 356.1193542480469, 368.2308044433594, 364.9111022949219], "14": [285.8666076660156, 278.23345947265625, 284.3744201660156, 268.977294921875, 245.50254821777344, 259.0928955078125, 246.0871124267578, 351.4683532714844, 396.56298828125, 488.469482421875, 498.09735107421875, 543.5226440429688, 545.2322387695312, 565.3583984375, 541.0668334960938, 540.6068115234375, 512.4763793945312, 489.5708923339844, 467.2472839355469, 447.3682861328125, 455.674560546875, 372.7815246582031, 356.70111083984375, 309.1516418457031], "15": [270.8280944824219, 279.5871276855469, 273.3312683105469, 285.23150634765625, 241.0008544921875, 254.20101928710938, 230.7738494873047, 264.6190490722656, 319.4336853027344, 377.7007141113281, 367.0613098144531, 408.2982177734375, 414.50640869140625, 412.1410217285156, 431.25421142578125, 412.0793151855469, 453.9493103027344, 440.0086669921875, 425.4654235839844, 343.15472412109375, 369.62744140625, 339.2676086425781, 343.5322570800781, 315.4151306152344], "16": [276.1663513183594, 282.6501159667969, 263.6524353027344, 260.3157043457031, 249.02049255371094, 263.9881286621094, 235.8188018798828, 243.3592071533203, 334.6928405761719, 331.3722229003906, 365.8315734863281, 368.3008728027344, 362.200927734375, 392.57586669921875, 401.8416442871094, 405.7627868652344, 420.86724853515625, 432.0201110839844, 424.8400573730469, 357.9654235839844, 349.3743896484375, 349.3841247558594, 354.75146484375, 341.6706237792969], "17": [299.0276184082031, 270.4065246582031, 262.4539489746094, 256.0143127441406, 253.720947265625, 253.31686401367188, 242.34754943847656, 337.30828857421875, 413.85968017578125, 533.5847778320312, 515.0145874023438, 524.1394653320312, 542.1867065429688, 558.6068115234375, 559.6714477539062, 551.7213745117188, 527.7105102539062, 509.0047607421875, 473.4117126464844, 465.8564147949219, 455.93353271484375, 348.3827819824219, 364.3107604980469, 328.4845886230469],