{"2019": {"6": {"1": [36.665870666503906, 37.01909255981445, 38.33688735961914, 36.81344985961914, 39.84217071533203, 35.106170654296875, 35.21974563598633, 29.837566375732422, 33.10527420043945, 33.64188003540039, 34.74563217163086, 40.22305679321289, 40.57129669189453, 45.27177429199219, 40.420814514160156, 55.76909255981445, 37.7016716003418, 40.27532958984375, 39.849082946777344, 40.106143951416016, 39.023887634277344, 35.27566146850586, 37.65990447998047, 38.169395446777344], "2": [38.04319381713867, 38.170623779296875, 36.8513298034668, 33.722652435302734, 38.135345458984375, 32.428314208984375, 33.83380126953125, 29.86838722229004, 34.255577087402344, 38.16312026977539, 38.47855758666992, 38.120052337646484, 39.371463775634766, 41.566123962402344, 46.44218063354492, 51.83304214477539, 51.78550338745117, 50.69675064086914, 37.00214385986328, 38.637943267822266, 38.22083282470703, 43.33646774291992, 37.748023986816406, 39.47953414916992], "3": [36.09734344482422, 38.8585319519043, 35.704254150390625, 39.43273162841797, 34.2376594543457, 40.75057601928711, 31.640417098999023, 33.65227508544922, 53.487884521484375, 69.93840789794922, 80.01206970214844, 75.74607849121094, 75.44355010986328, 75.74506378173828, 82.71269989013672, 68.00950622558594, 65.75265502929688, 61.54036331176758, 43.55022048950195, 39.91835021972656, 40.468666076660156, 39.29460525512695, 45.82884216308594, 40.53650665283203], "4": [41.78068161010742, 37.939491271972656, 41.10902786254883, 39.39850997924805, 39.36430740356445, 39.78586959838867, 33.35875701904297, 33.5818977355957, 51.61506652832031, 58.620704650878906, 59.63959884643555, 61.70650863647461, 64.06555938720703, 60.97334671020508, 57.80523681640625, 56.82305145263672, 60.31605529785156, 52.621009826660156, 50.14863204956055, 45.27240753173828, 41.99153518676758, 39.80592346191406, 41.62514877319336, 40.09162902832031], "5": [37.683692932128906, 39.02077865600586, 39.42484664916992, 38.36085510253906, 36.912593841552734, 38.79897689819336, 33.487483978271484, 36.28527069091797, 48.48905944824219, 59.71481704711914, 58.81882095336914, 57.810218811035156, 62.559791564941406, 64.14952087402344, 56.24069595336914, 62.949981689453125, 56.39133834838867, 51.19575881958008, 49.79307556152344, 49.21639633178711, 50.64985656738281, 60.165191650390625, 66.60809326171875, 62.746402740478516], "6": [44.2179069519043, 41.642765045166016, 41.16758728027344, 42.024627685546875, 39.72751998901367, 42.77387619018555, 36.87812042236328, 35.743499755859375, 52.164222717285156, 61.52864074707031, 62.26226043701172, 69.86725616455078, 64.89183044433594, 62.77852249145508, 63.91147232055664, 63.311832427978516, 60.73686599731445, 62.10338592529297, 56.637569427490234, 54.467742919921875, 50.68098449707031, 60.736019134521484, 69.70128631591797, 47.60908508300781], "7": [47.843502044677734, 39.97636032104492, 42.62226867675781, 40.051788330078125, 47.87244415283203, 44.31564712524414, 43.85512924194336, 33.4758415222168, 55.46062469482422, 62.718814849853516, 63.16910171508789, 66.10221099853516, 62.82856369018555, 63.77733612060547, 62.75922775268555, 59.2132453918457, 54.624839782714844, 46.832637786865234, 43.32191467285156, 36.3946533203125, 39.140995025634766, 40.82462692260742, 43.8871955871582, 43.02316665649414], "8": [39.98765182495117, 39.30512619018555, 38.40426254272461, 41.11314392089844, 39.705047607421875, 40.86769104003906, 33.10233688354492, 38.342777252197266, 33.29780578613281, 36.90852355957031, 42.72996139526367, 44.198974609375, 42.30339050292969, 42.314945220947266, 40.1074333190918, 41.63139724731445, 38.7375373840332, 44.37820053100586, 51.37052536010742, 47.669090270996094, 49.721073150634766, 54.38642883300781, 54.4329833984375, 55.25370407104492], "9": [55.35554122924805, 52.751953125, 51.32973861694336, 44.7153434753418, 42.72357177734375, 40.83345413208008, 35.69874954223633, 30.7974910736084, 38.903282165527344, 39.650062561035156, 39.17540740966797, 45.723873138427734, 48.32483673095703, 49.15632247924805, 44.95212936401367, 45.185157775878906, 45.65070343017578, 44.88337326049805, 39.801727294921875, 36.215484619140625, 32.799320220947266, 35.138511657714844, 38.418800354003906, 38.723880767822266], "10": [38.29166793823242, 36.71438217163086, 38.591426849365234, 38.74945831298828, 35.891387939453125, 36.42558670043945, 35.35810470581055, 30.12114715576172, 54.992252349853516, 54.00885009765625, 55.66435623168945, 57.75656509399414, 54.79218673706055, 60.95958709716797, 54.675777435302734, 56.046409606933594, 57.71926498413086, 50.57197189331055, 44.50997543334961, 40.784427642822266, 37.687870025634766, 40.33502960205078, 38.99681854248047, 41.169776916503906], "11": [33.60627746582031, 37.39749526977539, 37.311676025390625, 39.46147918701172, 34.67958068847656, 38.506202697753906, 31.485076904296875, 32.55586242675781, 52.16696548461914, 54.3587760925293, 64.73699951171875, 65.74910736083984, 76.42396545410156, 80.5653305053711, 71.63752746582031, 76.85043334960938, 67.46013641357422, 65.39981842041016, 42.538848876953125, 41.36872863769531, 39.02286148071289, 39.38425827026367, 42.39449691772461, 38.92690658569336], "12": [37.795684814453125, 34.80766296386719, 40.70095443725586, 36.50211715698242, 38.4669303894043, 34.78084945678711, 34.415164947509766, 27.263874053955078, 54.112125396728516, 64.5694580078125, 69.63097381591797, 71.95499420166016, 69.54312896728516, 68.56633758544922, 67.17118072509766, 68.18136596679688, 63.42979049682617, 71.00494384765625, 54.35080337524414, 56.5374755859375, 50.015289306640625, 51.543663024902344, 52.19765090942383, 46.893585205078125], "13": [45.067047119140625, 43.858699798583984, 44.01520919799805, 43.194244384765625, 45.94681167602539, 43.80878448486328, 36.20198059082031, 38.87953567504883, 60.603050231933594, 73.6737289428711, 69.6739730834961, 75.27288818359375, 73.90555572509766, 80.56495666503906, 79.67420959472656, 80.57768249511719, 70.06317901611328, 65.11763763427734, 51.13252639770508, 39.53593444824219, 41.1893196105957, 36.888511657714844, 42.971595764160156, 42.64215087890625], "14": [41.8392219543457, 36.29827880859375, 41.08816146850586, 37.804176330566406, 37.69020462036133, 37.58640670776367, 37.26396179199219, 33.926307678222656, 55.032798767089844, 57.146018981933594, 66.29869842529297, 63.16094207763672, 67.52124786376953, 67.17179107666016, 63.81681823730469, 65.98688507080078, 66.0602798461914, 58.136573791503906, 38.8541145324707, 37.82343292236328, 38.07976150512695, 37.35834884643555, 40.70851516723633, 39.02243423461914], "15": [38.93525695800781, 42.206687927246094, 37.488285064697266, 41.760765075683594, 38.47124481201172, 38.89400100708008, 33.22674560546875, 35.14131546020508, 35.2447624206543, 39.054710388183594, 38.81688690185547, 42.82522964477539, 41.941715240478516, 40.63682174682617, 43.45840835571289, 39.21497344970703, 42.324588775634766, 42.71258544921875, 36.995506286621094, 38.52088928222656, 37.570716857910156, 34.40690994262695, 43.15216827392578, 37.214298248291016], "16": [41.90013885498047, 35.23574447631836, 39.01860427856445, 37.0303955078125, 40.43102264404297, 36.211448669433594, 35.1320915222168, 30.5712833404541, 35.7901611328125, 31.487953186035156, 32.3271369934082, 34.775962829589844, 33.34599304199219, 35.43537521362305, 30.155500411987305, 35.32768630981445, 30.30791473388672, 35.850006103515625, 32.192256927490234, 35.982662200927734, 32.61618423461914, 37.09710693359375, 38.22124481201172, 39.3935661315918], "17": [37.870975494384766, 38.012298583984375, 41.4490852355957, 38.089111328125, 41.140933990478516, 38.03160858154297, 32.03774642944336, 34.737632751464844, 51.01304626464844, 67.15202331542969, 66.93257141113281, 67.79458618164062, 64.80458068847656, 66.83163452148438, 68.48091125488281, 67.45954132080078, 67.5186538696289, 55.03229904174805, 42.072181701660156, 42.43037796020508, 36.42448425292969, 44.431331634521484, 37.24079132080078, 39.556148529052734],