{"2019": {"6": {"1": [455.85028076171875, 461.9010314941406, 487.9410705566406, 433.7716369628906, 342.9981994628906, 383.9150695800781, 358.4099426269531, 397.8019104003906, 430.704833984375, 435.6104431152344, 480.6252746582031, 436.399169921875, 412.1180419921875, 427.9757995605469, 446.0127868652344, 425.5600280761719, 429.0315856933594, 428.35662841796875, 423.5865173339844, 445.7022705078125, 420.2233581542969, 356.2082214355469, 331.01666259765625, 407.3398742675781], "2": [433.13568115234375, 433.4076843261719, 432.1855773925781, 428.03485107421875, 346.68096923828125, 387.6278076171875, 356.7109680175781, 359.4654235839844, 406.57379150390625, 468.0211486816406, 464.87164306640625, 424.5430603027344, 439.0741882324219, 416.9515380859375, 455.4019775390625, 452.8979187011719, 446.0264587402344, 447.09356689453125, 454.9045104980469, 469.51165771484375, 433.1842956542969, 349.2047424316406, 347.2643127441406, 432.00750732421875], "3": [428.7459411621094, 434.85223388671875, 431.1970520019531, 421.6459045410156, 345.8198547363281, 401.2901611328125, 401.8414001464844, 424.0666809082031, 429.6693420410156, 473.3498840332031, 467.4821472167969, 439.450439453125, 442.525634765625, 421.6875915527344, 427.0133056640625, 421.0228271484375, 413.15716552734375, 444.8725891113281, 413.85662841796875, 448.71630859375, 413.8386535644531, 440.36260986328125, 335.5538635253906, 392.4372253417969], "4": [435.1035461425781, 432.76513671875, 432.05755615234375, 433.87347412109375, 343.5497131347656, 389.93572998046875, 402.7369384765625, 436.5398254394531, 439.0501403808594, 487.94012451171875, 477.827880859375, 476.7301025390625, 424.3150634765625, 422.0274658203125, 453.6492004394531, 423.797119140625, 403.37579345703125, 431.2354431152344, 417.5908203125, 448.296875, 444.7457580566406, 426.047607421875, 377.7096252441406, 476.330078125], "5": [487.8209228515625, 492.4292907714844, 496.7050476074219, 499.6188659667969, 410.6936340332031, 472.0450744628906, 469.84906005859375, 535.7357177734375, 499.8330993652344, 531.8223876953125, 540.4139404296875, 549.70166015625, 537.7533569335938, 534.274658203125, 420.9354553222656, 488.80438232421875, 487.4407043457031, 501.55816650390625, 507.03863525390625, 516.936767578125, 513.2732543945312, 502.2020568847656, 477.5541076660156, 425.2479553222656], "6": [463.1155090332031, 467.10107421875, 443.9899597167969, 466.1542053222656, 379.465576171875, 409.4266052246094, 389.93072509765625, 460.0088195800781, 431.9811096191406, 463.00555419921875, 477.1082763671875, 481.3676452636719, 476.8215026855469, 412.2869567871094, 423.81976318359375, 396.2261047363281, 398.3891296386719, 400.1192932128906, 476.07611083984375, 478.73779296875, 473.25927734375, 479.484130859375, 417.796875, 441.51336669921875], "7": [451.3949279785156, 430.1708068847656, 450.0693359375, 441.61083984375, 357.56634521484375, 409.74322509765625, 362.4596862792969, 447.49151611328125, 484.5002136230469, 495.30615234375, 490.125732421875, 480.33795166015625, 462.2115478515625, 469.62591552734375, 409.00360107421875, 388.74847412109375, 412.7602233886719, 407.5885314941406, 423.5030212402344, 457.93603515625, 469.1522216796875, 447.7182312011719, 448.2616271972656, 424.4268493652344], "8": [452.4976806640625, 449.65277099609375, 428.75506591796875, 453.7504577636719, 398.5847473144531, 431.360107421875, 434.0838623046875, 406.1131286621094, 404.09442138671875, 451.91705322265625, 456.7939453125, 448.3309020996094, 445.2749938964844, 407.1603698730469, 413.5476989746094, 403.4431457519531, 418.3768005371094, 420.00079345703125, 410.9020080566406, 414.19476318359375, 408.7361145019531, 368.1585998535156, 412.2543029785156, 413.66650390625], "9": [430.77923583984375, 435.28131103515625, 432.0700988769531, 469.53533935546875, 403.40570068359375, 438.1865539550781, 408.1502380371094, 426.9098815917969, 401.8001708984375, 462.8558349609375, 454.81591796875, 406.55047607421875, 406.44775390625, 407.8798828125, 416.2063903808594, 404.8135070800781, 424.56561279296875, 417.77349853515625, 433.20849609375, 451.3948059082031, 411.6611022949219, 336.96270751953125, 322.3887939453125, 435.87841796875], "10": [432.63623046875, 434.06048583984375, 432.1617431640625, 428.8352355957031, 347.73883056640625, 391.0569152832031, 402.9703369140625, 439.98321533203125, 436.16552734375, 463.9671936035156, 425.0413513183594, 442.867919921875, 431.115966796875, 422.61590576171875, 434.19677734375, 417.2601318359375, 408.9501037597656, 436.6270751953125, 431.3253479003906, 434.2289733886719, 448.69012451171875, 423.2294921875, 364.87933349609375, 432.0779113769531], "11": [433.0597229003906, 429.1222229003906, 434.76593017578125, 433.4815368652344, 340.8659362792969, 389.4742431640625, 368.8381652832031, 449.9797668457031, 427.3636474609375, 452.2767333984375, 421.03143310546875, 425.9389343261719, 444.5884704589844, 443.0779113769531, 422.42108154296875, 441.28387451171875, 429.7962646484375, 412.1044921875, 461.5664367675781, 472.64691162109375, 479.5942687988281, 424.952392578125, 392.416015625, 382.0154724121094], "12": [399.7383728027344, 426.7436218261719, 428.1580505371094, 415.7356872558594, 343.97998046875, 332.633056640625, 362.1386413574219, 441.60540771484375, 392.34124755859375, 442.6363220214844, 420.14501953125, 438.63165283203125, 432.0141296386719, 489.26080322265625, 553.5825805664062, 470.8348693847656, 462.79022216796875, 533.4150390625, 567.6820068359375, 549.139892578125, 561.0506591796875, 553.3485107421875, 491.9875793457031, 356.5614013671875], "13": [371.98138427734375, 421.5175476074219, 415.1816711425781, 372.0555114746094, 350.7373046875, 334.3955993652344, 342.51617431640625, 418.4532165527344, 426.1135559082031, 412.1603088378906, 430.37158203125, 433.0377197265625, 410.2226867675781, 431.9365539550781, 417.8946838378906, 431.594970703125, 441.1086120605469, 447.66412353515625, 444.305419921875, 401.3229064941406, 409.5350646972656, 422.94818115234375, 375.1858825683594, 396.673095703125], "14": [430.09881591796875, 428.0446472167969, 428.18994140625, 430.244384765625, 337.41766357421875, 386.0433349609375, 371.7919921875, 464.000732421875, 447.8661804199219, 472.4521484375, 470.26116943359375, 440.0414733886719, 467.3561706542969, 460.21697998046875, 456.0516662597656, 468.6340637207031, 468.8033752441406, 461.4148864746094, 468.1312561035156, 473.3233642578125, 476.71124267578125, 415.7243957519531, 372.9249267578125, 386.44580078125], "15": [405.8124084472656, 428.3701171875, 425.26043701171875, 429.2228088378906, 388.291748046875, 428.5322570800781, 399.93365478515625, 400.11419677734375, 426.4234619140625, 464.5384521484375, 438.5997009277344, 419.2018127441406, 420.9042663574219, 442.2077331542969, 419.70172119140625, 438.74749755859375, 425.0936584472656, 455.7461853027344, 446.8570251464844, 449.02923583984375, 455.1829833984375, 405.2508239746094, 363.8128967285156, 418.2182922363281], "16": [429.4397888183594, 425.74151611328125, 428.24615478515625, 427.7756042480469, 333.12939453125, 381.66357421875, 347.4356384277344, 350.4811096191406, 377.7089538574219, 454.9594421386719, 402.21124267578125, 406.6963806152344, 399.5545959472656, 415.6971435546875, 421.45745849609375, 422.4546203613281, 407.5963134765625, 397.4402770996094, 430.10760498046875, 420.7030944824219, 448.8488464355469, 321.1529541015625, 346.7888488769531, 373.8525390625], "17": [422.2828369140625, 416.49774169921875, 422.2862854003906, 422.2306823730469, 331.79620361328125, 376.6391906738281, 385.6893615722656, 410.7419738769531, 431.3016052246094, 439.14373779296875, 413.0613098144531, 434.52838134765625, 418.5711669921875, 432.3847351074219, 443.73480224609375, 419.9922790527344, 416.9448547363281, 422.27850341796875, 431.86614990234375, 427.5045166015625, 441.0902404785156, 409.7166748046875, 367.6703796386719, 388.29791259765625],