{"2019": {"6": {"1": [19.81136131286621, 18.1237154006958, 17.0790798664093, 16.879433393478394, 16.031566381454468, 17.084594011306763, 14.916281938552856, 14.047817945480347, 14.672961711883545, 14.445972442626953, 17.2583065032959, 17.23296856880188, 17.0874080657959, 17.394161701202393, 16.8745379447937, 16.706193208694458, 17.072285175323486, 15.32319164276123, 13.654097199440002, 14.282457828521729, 14.722143530845642, 15.332821488380432, 16.229060173034668, 16.607083082199097], "2": [15.504008412361145, 17.090753078460693, 15.537673234939575, 16.918163299560547, 15.569127082824707, 16.40615725517273, 14.136678695678711, 14.350932836532593, 14.071935534477234, 16.107149124145508, 18.548901557922363, 16.47113847732544, 16.764567852020264, 17.462192058563232, 16.595133781433105, 19.227367877960205, 21.155824184417725, 16.90629243850708, 15.52972149848938, 16.083739757537842, 15.403038024902344, 18.03321385383606, 17.34021759033203, 18.518945932388306], "3": [17.71070170402527, 18.338495016098022, 18.193011045455933, 18.228314876556396, 17.93237280845642, 17.386646628379822, 18.397064447402954, 17.166149854660034, 34.66086769104004, 43.42198944091797, 45.473567962646484, 45.890329360961914, 45.37573051452637, 44.79695510864258, 47.20246505737305, 45.45242500305176, 45.238338470458984, 31.004783630371094, 20.203921794891357, 22.2818706035614, 18.98285984992981, 22.42672324180603, 21.86113405227661, 21.850752592086792], "4": [22.60790729522705, 18.950252771377563, 17.651424884796143, 18.196932792663574, 16.368533611297607, 17.53980255126953, 15.005598425865173, 15.50335168838501, 33.057838439941406, 43.602444648742676, 45.6682186126709, 48.93643569946289, 47.482778549194336, 52.00480270385742, 50.16765022277832, 48.08154106140137, 47.52726745605469, 32.265013694763184, 23.356393575668335, 30.28575825691223, 29.291849613189697, 31.961241722106934, 22.92802143096924, 22.052573919296265], "5": [21.367499470710754, 21.525986194610596, 15.715641379356384, 16.734260320663452, 17.903660774230957, 16.46939444541931, 14.72032642364502, 14.933145523071289, 42.578946113586426, 44.80062198638916, 45.09719276428223, 47.339555740356445, 49.33213806152344, 45.25367546081543, 45.10077476501465, 47.77624320983887, 47.09786033630371, 31.01736330986023, 18.911545038223267, 19.124976873397827, 20.000553607940674, 20.958699464797974, 21.115459442138672, 21.41977572441101], "6": [20.41598868370056, 20.416098833084106, 15.197320222854614, 16.603482246398926, 15.525557518005371, 16.365830898284912, 14.40132474899292, 14.510229349136353, 33.13383197784424, 50.01742362976074, 52.467058181762695, 53.275774002075195, 51.72552680969238, 57.064022064208984, 54.377403259277344, 52.96874809265137, 52.537363052368164, 30.414733409881592, 18.859204530715942, 20.91792058944702, 20.452707767486572, 24.3524227142334, 22.69192600250244, 22.264052867889404], "7": [23.922428488731384, 18.900395393371582, 17.656088709831238, 19.027493715286255, 18.12667489051819, 20.25510585308075, 16.724551677703857, 16.284642934799194, 32.63240146636963, 45.475135803222656, 48.014705657958984, 54.1812686920166, 48.24467086791992, 49.29225540161133, 46.46447944641113, 48.92332649230957, 47.49514198303223, 33.401939153671265, 21.924726009368896, 23.214227437973022, 23.506487607955933, 24.806593894958496, 26.566697001457214, 26.27976369857788], "8": [26.12586998939514, 21.521602392196655, 21.905131101608276, 21.164270997047424, 22.115617990493774, 20.84391164779663, 20.204156637191772, 20.015869855880737, 20.081866979599, 21.403446435928345, 22.463746547698975, 21.838996171951294, 22.001319408416748, 22.216051816940308, 22.215128421783447, 22.232151746749878, 22.679147720336914, 20.71778392791748, 21.17786407470703, 19.78439235687256, 20.51291823387146, 21.981616735458374, 21.146968126296997, 23.42546796798706], "9": [21.17165243625641, 22.01200270652771, 22.248893976211548, 21.45841407775879, 21.965810537338257, 21.834465742111206, 20.144142389297485, 20.744865655899048, 19.799973964691162, 20.516290187835693, 22.29094362258911, 22.66095209121704, 23.308342933654785, 22.461474418640137, 22.017282485961914, 27.8167085647583, 22.852761030197144, 21.55164647102356, 20.29517126083374, 19.136637210845947, 20.23672366142273, 20.81157124042511, 21.68888282775879, 22.023057460784912], "10": [21.251440048217773, 21.95203471183777, 21.945170760154724, 21.95901131629944, 22.096866846084595, 21.805819034576416, 20.192269444465637, 19.553604245185852, 36.202823638916016, 45.403212547302246, 46.75480079650879, 49.23969841003418, 49.1702880859375, 48.948434829711914, 47.830692291259766, 48.26782989501953, 48.15909004211426, 34.7726674079895, 20.442505598068237, 19.701873421669006, 20.135411739349365, 20.685240268707275, 21.817272186279297, 22.456855297088623], "11": [20.905680537223816, 17.337374448776245, 16.631985783576965, 16.918917775154114, 17.240349769592285, 17.29296064376831, 14.545639157295227, 15.783660888671875, 30.666168212890625, 42.76861572265625, 46.74687957763672, 45.65727996826172, 46.28885269165039, 46.546058654785156, 45.89323806762695, 46.545576095581055, 45.82467174530029, 32.11656308174133, 16.73690688610077, 17.24795627593994, 20.370903491973877, 20.985037803649902, 20.73801279067993, 21.182908535003662], "12": [22.029443979263306, 16.24475395679474, 16.67752730846405, 17.07265305519104, 16.261210560798645, 17.654433131217957, 15.576723098754883, 15.308010220527649, 31.035554885864258, 47.32041645050049, 46.04025459289551, 50.2898063659668, 47.57883834838867, 48.855546951293945, 48.46929931640625, 51.05986404418945, 52.07661819458008, 50.35213661193848, 22.14837396144867, 22.290196418762207, 22.034982085227966, 22.890626907348633, 24.882071256637573, 23.82002627849579], "13": [23.224247336387634, 20.27875518798828, 19.350556135177612, 20.266878128051758, 19.329092025756836, 19.329266786575317, 18.09461522102356, 17.21752119064331, 36.23888969421387, 47.35518169403076, 50.70523262023926, 51.836631774902344, 51.8904972076416, 54.56785011291504, 54.433387756347656, 51.73812294006348, 51.77523422241211, 38.270068645477295, 14.052383780479431, 20.924057483673096, 22.498987913131714, 25.28191089630127, 24.711867809295654, 23.24550724029541], "14": [24.16094446182251, 17.38417649269104, 19.0765061378479, 18.22377872467041, 18.396788835525513, 17.882588624954224, 17.36287271976471, 16.500669479370117, 35.26215171813965, 47.8460807800293, 50.32649040222168, 52.09690475463867, 51.54666709899902, 50.00702476501465, 47.65973091125488, 52.77288818359375, 51.56814384460449, 34.05844688415527, 21.522462844848633, 21.97293734550476, 21.46147644519806, 23.88258957862854, 25.483229875564575, 27.663498759269714], "15": [26.96087384223938, 20.28917920589447, 19.907296180725098, 19.463587522506714, 20.30265212059021, 19.658852100372314, 18.244675397872925, 18.449913024902344, 17.998509645462036, 18.750948190689087, 19.09167790412903, 20.61326837539673, 19.944327116012573, 19.967522859573364, 20.6429705619812, 20.49769687652588, 20.46387791633606, 18.85593605041504, 18.77922761440277, 18.138169407844543, 18.209095239639282, 19.51848292350769, 20.307400465011597, 22.40354609489441], "16": [19.34923243522644, 20.256361484527588, 20.29325246810913, 20.331592798233032, 19.64640188217163, 20.30542826652527, 18.04358983039856, 18.607826232910156, 18.32985234260559, 18.22830605506897, 20.8144850730896, 20.466350555419922, 20.1243314743042, 20.06349468231201, 20.589285850524902, 21.09047842025757, 19.69663381576538, 18.95089101791382, 17.459545135498047, 18.263741731643677, 17.700957417488098, 19.264137983322144, 19.286170721054077, 20.549827337265015],