{"2019": {"6": {"1": [3.2837109565734863, 4.098376274108887, 5.149831771850586, 3.8495070934295654, 3.9159412384033203, 3.8648293018341064, 3.8508737087249756, 3.626537799835205, 3.625256299972534, 12.786048889160156, 21.76178741455078, 23.07773208618164, 22.00393295288086, 22.238374710083008, 21.207006454467773, 21.56261444091797, 20.857202529907227, 20.44338607788086, 12.656100273132324, 13.564004898071289, 12.683368682861328, 12.668347358703613, 14.377662658691406, 3.8787968158721924], "2": [4.005843162536621, 5.669484615325928, 4.118003845214844, 3.8869497776031494, 4.90903377532959, 3.855923891067505, 4.352214336395264, 3.6570801734924316, 5.295764446258545, 20.787630081176758, 22.119504928588867, 22.945829391479492, 22.283647537231445, 23.471654891967773, 22.501977920532227, 24.046451568603516, 21.809362411499023, 21.73577880859375, 20.648576736450195, 20.300487518310547, 22.00927734375, 21.503664016723633, 15.21509838104248, 4.532071113586426], "3": [4.180972099304199, 5.774892807006836, 4.527953624725342, 6.687692165374756, 4.873382568359375, 4.797715187072754, 4.5546441078186035, 6.133692264556885, 6.739902019500732, 17.759763717651367, 14.671661376953125, 14.32284164428711, 13.753348350524902, 14.336214065551758, 13.263460159301758, 14.784784317016602, 22.210695266723633, 23.030357360839844, 21.330488204956055, 22.17366600036621, 22.018083572387695, 22.264739990234375, 13.894946098327637, 4.7067413330078125], "4": [5.797290802001953, 4.124286651611328, 5.732716083526611, 4.385542392730713, 3.992149591445923, 5.493716239929199, 4.9323577880859375, 11.610895156860352, 5.0024614334106445, 17.488187789916992, 14.445062637329102, 16.198383331298828, 13.591105461120605, 19.597084045410156, 20.91575813293457, 20.901702880859375, 21.567529678344727, 21.790088653564453, 23.021284103393555, 22.186853408813477, 22.04039192199707, 13.924105644226074, 13.55034351348877, 5.809567928314209], "5": [4.928922653198242, 4.198817729949951, 5.475203990936279, 4.074770927429199, 5.3860182762146, 3.94496750831604, 3.9734930992126465, 7.188016414642334, 12.40518856048584, 22.284191131591797, 21.87264060974121, 22.80401611328125, 22.017549514770508, 21.75508689880371, 23.076942443847656, 21.700693130493164, 23.350433349609375, 22.94806671142578, 25.009187698364258, 22.642059326171875, 22.578989028930664, 23.785308837890625, 14.289290428161621, 6.781235694885254], "6": [4.334946632385254, 5.3798909187316895, 4.295796871185303, 3.6971778869628906, 4.296611785888672, 4.059786319732666, 4.156070232391357, 3.645411729812622, 3.6381871700286865, 16.87948226928711, 17.142986297607422, 23.427074432373047, 23.09140396118164, 23.780574798583984, 21.252971649169922, 23.02374839782715, 21.773862838745117, 22.755573272705078, 22.103595733642578, 24.157907485961914, 22.621522903442383, 14.910970687866211, 15.619940757751465, 6.487954139709473], "7": [3.8101916313171387, 4.446229457855225, 4.102210521697998, 5.588615894317627, 3.7824888229370117, 3.8682985305786133, 5.33739709854126, 5.549736022949219, 5.103569507598877, 14.835822105407715, 19.340557098388672, 25.35210418701172, 15.884540557861328, 15.772869110107422, 16.490413665771484, 21.54416847229004, 21.5541934967041, 23.58696174621582, 22.072175979614258, 23.55314064025879, 22.04319190979004, 14.995035171508789, 13.873250961303711, 6.393089771270752], "8": [3.8096160888671875, 5.3481292724609375, 3.8040313720703125, 5.5786848068237305, 4.130673885345459, 4.386385440826416, 4.591549396514893, 4.357154369354248, 4.33745813369751, 14.088253021240234, 14.844121932983398, 23.583799362182617, 21.002761840820312, 21.6012020111084, 22.891550064086914, 21.24119758605957, 13.729374885559082, 13.531874656677246, 12.956628799438477, 14.185091018676758, 12.747937202453613, 15.206384658813477, 13.877546310424805, 4.636692047119141], "9": [5.183073997497559, 4.314405918121338, 5.824733257293701, 3.9813406467437744, 4.030998229980469, 4.220083236694336, 4.195815563201904, 3.7769570350646973, 3.879922866821289, 13.180822372436523, 20.877538681030273, 21.376605987548828, 23.889883041381836, 21.177043914794922, 23.21154022216797, 21.38713264465332, 23.109798431396484, 20.67487907409668, 15.173197746276855, 13.618086814880371, 15.18993854522705, 13.778185844421387, 13.814959526062012, 4.705448627471924], "10": [4.277197360992432, 5.735452651977539, 4.354294776916504, 5.463650226593018, 4.019773006439209, 3.9230496883392334, 3.9710826873779297, 3.895357370376587, 5.545039176940918, 21.013036727905273, 21.699796676635742, 24.039440155029297, 21.792949676513672, 21.66860008239746, 23.075620651245117, 21.54328155517578, 22.996315002441406, 21.525009155273438, 24.069440841674805, 22.827882766723633, 22.758689880371094, 24.24159049987793, 13.888484001159668, 6.262670516967773], "11": [4.399990081787109, 5.391565799713135, 4.348169803619385, 3.9118361473083496, 3.9623119831085205, 3.9471702575683594, 4.005783557891846, 3.916252613067627, 4.2363362312316895, 23.95345687866211, 21.297714233398438, 21.567136764526367, 22.221355438232422, 21.821388244628906, 22.290935516357422, 23.370407104492188, 21.489242553710938, 22.291872024536133, 21.714611053466797, 23.295799255371094, 21.518840789794922, 20.943740844726562, 15.52712345123291, 3.7006006240844727], "12": [4.8927507400512695, 4.323030948638916, 4.326141834259033, 5.623815536499023, 4.186392307281494, 4.223602294921875, 4.088542461395264, 3.909071445465088, 3.9231107234954834, 13.309003829956055, 13.575213432312012, 16.756977081298828, 21.685222625732422, 23.82952117919922, 20.804462432861328, 22.49357032775879, 21.170881271362305, 22.25940704345703, 22.19765281677246, 21.87421417236328, 23.205081939697266, 20.789710998535156, 14.77788257598877, 5.07392692565918], "13": [3.19921875, 3.2786569595336914, 3.4806392192840576, 4.487036228179932, 3.0329394340515137, 3.6158254146575928, 3.8584444522857666, 3.8966896533966064, 3.925269365310669, 14.471695899963379, 20.95191192626953, 22.986879348754883, 23.1874942779541, 23.026735305786133, 21.443376541137695, 21.68720245361328, 21.547672271728516, 21.618366241455078, 22.665863037109375, 21.35611915588379, 21.479385375976562, 14.047873497009277, 12.970616340637207, 3.585494041442871], "14": [4.775453567504883, 3.7955498695373535, 4.161983489990234, 5.2747907638549805, 3.9777233600616455, 4.006795406341553, 5.221197605133057, 9.285969734191895, 3.667482614517212, 16.30653190612793, 13.903054237365723, 15.77497386932373, 21.158294677734375, 22.56728172302246, 21.83500862121582, 22.084758758544922, 23.851707458496094, 22.178680419921875, 23.619489669799805, 21.48101043701172, 21.982126235961914, 12.593741416931152, 12.462273597717285, 5.237246990203857], "15": [3.9905786514282227, 3.966878890991211, 5.416640281677246, 4.012322902679443, 3.979504108428955, 3.89365553855896, 3.9243624210357666, 3.624257802963257, 3.690113067626953, 13.154882431030273, 13.488067626953125, 21.658958435058594, 21.055994033813477, 22.636201858520508, 21.309118270874023, 22.319618225097656, 20.976871490478516, 21.905597686767578, 20.428611755371094, 22.16826820373535, 20.35544204711914, 20.193958282470703, 13.569058418273926, 3.4768407344818115], "16": [3.867013692855835, 3.723598003387451, 5.544638633728027, 3.9514389038085938, 4.007004261016846, 3.923696279525757, 3.805314302444458, 3.801220178604126, 3.7007009983062744, 22.41417694091797, 21.854509353637695, 22.99174690246582, 21.984676361083984, 23.78162956237793, 22.617454528808594, 23.8245792388916, 21.3640079498291, 22.390945434570312, 21.148332595825195, 22.734424591064453, 21.292531967163086, 21.946142196655273, 13.115582466125488, 3.72375750541687],