{"2019": {"6": {"1": [184.03634643554688, 171.28616333007812, 164.07291412353516, 171.64386749267578, 166.40652465820312, 163.6795425415039, 169.12220764160156, 167.91885375976562, 217.20043182373047, 221.2458038330078, 244.83477783203125, 265.71376037597656, 252.80868530273438, 253.36180114746094, 261.23622131347656, 236.81890869140625, 249.73556518554688, 245.42056274414062, 203.14048767089844, 197.49659729003906, 203.3439483642578, 196.06651306152344, 183.53591918945312, 180.65208435058594], "2": [177.82635498046875, 165.2964324951172, 169.8689727783203, 163.61500549316406, 164.8436737060547, 162.78912353515625, 167.30328369140625, 176.63751220703125, 211.9816131591797, 214.95584106445312, 248.66622924804688, 252.52392578125, 259.9604034423828, 255.64439392089844, 268.3830261230469, 263.6661682128906, 262.5503845214844, 263.7069854736328, 220.25656127929688, 217.8490447998047, 210.02313232421875, 196.457275390625, 187.73353576660156, 185.95773315429688], "3": [176.61875915527344, 171.4348602294922, 170.6637420654297, 167.82810974121094, 166.10633850097656, 161.5404510498047, 168.08718872070312, 179.55621337890625, 208.4237518310547, 214.47584533691406, 259.4676513671875, 263.76109313964844, 274.8489532470703, 283.5337829589844, 256.54298400878906, 273.5968933105469, 265.2002868652344, 253.96322631835938, 230.2450408935547, 227.77630615234375, 226.0449676513672, 219.72308349609375, 227.49725341796875, 211.16326904296875], "4": [172.62298583984375, 171.1417999267578, 165.3920135498047, 170.07249450683594, 171.29345703125, 164.46853637695312, 168.6289520263672, 176.5365447998047, 206.28541564941406, 247.95953369140625, 247.96371459960938, 266.3062438964844, 274.2450714111328, 274.65814208984375, 285.21507263183594, 276.05491638183594, 274.1009826660156, 257.67149353027344, 247.1934814453125, 230.4929962158203, 226.68353271484375, 212.9430694580078, 219.55288696289062, 200.45384216308594], "5": [170.3377685546875, 163.4811248779297, 166.44473266601562, 170.80447387695312, 165.94004821777344, 163.8242950439453, 176.45065307617188, 171.47898864746094, 205.5933837890625, 211.40597534179688, 221.17645263671875, 243.4966278076172, 264.1061096191406, 248.1360626220703, 262.10569763183594, 260.6551513671875, 255.06201171875, 249.29586791992188, 235.05563354492188, 221.09217834472656, 215.11917114257812, 208.57127380371094, 212.79823303222656, 203.0460205078125], "6": [170.72012329101562, 177.2885284423828, 166.02264404296875, 167.6649932861328, 177.44227600097656, 170.0286102294922, 172.89622497558594, 178.5808563232422, 206.98941040039062, 216.72882080078125, 244.21583557128906, 247.09127807617188, 258.3937072753906, 257.1610870361328, 265.9512481689453, 251.1484832763672, 256.3774719238281, 243.78933715820312, 226.5656280517578, 213.6830596923828, 207.5701904296875, 199.09303283691406, 202.6840057373047, 199.5196075439453], "7": [172.61390686035156, 171.7056121826172, 170.8579559326172, 174.55859375, 169.86460876464844, 171.7034454345703, 171.02505493164062, 174.92791748046875, 207.13128662109375, 217.2206268310547, 218.46250915527344, 231.39068603515625, 254.146728515625, 248.5994873046875, 258.1450653076172, 249.1663055419922, 255.57249450683594, 240.40528869628906, 223.0488739013672, 218.3369598388672, 217.2545928955078, 206.82745361328125, 217.63548278808594, 198.73898315429688], "8": [168.8496856689453, 172.87066650390625, 169.8300323486328, 166.70748901367188, 175.2310028076172, 169.36489868164062, 167.37286376953125, 171.9498748779297, 181.13003540039062, 179.7160186767578, 215.555419921875, 196.8330078125, 216.13619995117188, 232.87586975097656, 240.6840362548828, 242.1627197265625, 240.66139221191406, 231.50978088378906, 205.87632751464844, 217.32919311523438, 209.69851684570312, 180.07704162597656, 180.822509765625, 181.06251525878906], "9": [168.98348999023438, 170.87437438964844, 170.52737426757812, 173.20516967773438, 170.6425323486328, 172.31614685058594, 178.82757568359375, 170.85595703125, 194.20811462402344, 213.86361694335938, 217.30319213867188, 233.18600463867188, 233.0143585205078, 224.00619506835938, 258.69029235839844, 231.99160766601562, 235.43223571777344, 216.8997039794922, 204.42538452148438, 200.9852294921875, 197.02554321289062, 180.9396209716797, 178.54287719726562, 181.503662109375], "10": [163.58409118652344, 174.1202850341797, 176.39273071289062, 167.31874084472656, 169.7666778564453, 170.37777709960938, 169.5477752685547, 171.39141845703125, 203.41751098632812, 222.76531982421875, 255.40615844726562, 284.0019836425781, 297.8382568359375, 289.7164611816406, 293.09144592285156, 295.17478942871094, 279.90869140625, 283.14886474609375, 283.22715759277344, 275.71250915527344, 258.93116760253906, 240.65704345703125, 258.58836364746094, 251.3994903564453], "11": [175.4187774658203, 168.09268188476562, 175.8417205810547, 174.34947204589844, 170.14036560058594, 168.8497772216797, 177.96798706054688, 187.43814086914062, 261.4914245605469, 277.4284210205078, 305.9712219238281, 311.3348083496094, 316.55535888671875, 297.80262756347656, 303.6925048828125, 307.7472229003906, 285.3319396972656, 308.7372741699219, 265.02996826171875, 263.53981018066406, 273.27427673339844, 272.21482849121094, 264.06268310546875, 272.8022766113281], "12": [198.11277770996094, 205.60125732421875, 201.63401794433594, 192.17581176757812, 188.34268188476562, 193.12615966796875, 185.1331787109375, 199.45619201660156, 258.43553161621094, 290.03564453125, 310.4200439453125, 322.70233154296875, 328.4431915283203, 303.9257354736328, 328.07733154296875, 322.5966339111328, 305.6128692626953, 330.23500061035156, 297.2271270751953, 285.01502990722656, 292.4426574707031, 302.8810729980469, 268.5847930908203, 273.35968017578125], "13": [218.95846557617188, 221.936279296875, 208.4735565185547, 196.54055786132812, 200.15444946289062, 198.3599090576172, 177.9377899169922, 205.1367645263672, 259.21034240722656, 278.03570556640625, 308.6329803466797, 298.9673614501953, 312.54248046875, 311.07643127441406, 315.2937469482422, 299.5804138183594, 315.2816162109375, 311.79722595214844, 271.9010925292969, 261.5710906982422, 256.55503845214844, 268.8366241455078, 258.5592346191406, 218.64767456054688], "14": [170.62132263183594, 163.16867065429688, 160.69485473632812, 166.45936584472656, 160.81222534179688, 164.0543975830078, 168.41433715820312, 166.45790100097656, 189.3131561279297, 210.5763397216797, 237.60794067382812, 261.96693420410156, 281.3260040283203, 265.2533264160156, 289.9034423828125, 273.010498046875, 291.8148956298828, 263.6389465332031, 250.7498016357422, 241.2640838623047, 225.5210418701172, 236.65431213378906, 213.33645629882812, 210.18785095214844], "15": [167.20822143554688, 171.71563720703125, 171.5170440673828, 161.1012420654297, 164.8965606689453, 170.97555541992188, 167.4151611328125, 166.66799926757812, 185.33319091796875, 196.4180145263672, 235.2228240966797, 248.38143920898438, 249.60565185546875, 238.40603637695312, 247.3201904296875, 244.56996154785156, 255.20730590820312, 256.3746643066406, 220.24659729003906, 212.2890167236328, 201.5406494140625, 202.6707763671875, 193.15586853027344, 182.6630096435547], "16": [171.8746795654297, 169.59124755859375, 172.83114624023438, 167.76063537597656, 161.9989471435547, 166.35977172851562, 164.475341796875, 170.6924285888672, 223.05284118652344, 190.28724670410156, 236.5447540283203, 245.19248962402344, 262.3275146484375, 242.9951934814453, 248.2130889892578, 253.69357299804688, 276.62770080566406, 263.122314453125, 225.84133911132812, 229.47251892089844, 226.9195098876953, 212.0684356689453, 193.94602966308594, 190.4015350341797],