{"2019": {"6": {"1": [375.0514221191406, 347.8790283203125, 345.23260498046875, 340.18048095703125, 332.5943908691406, 355.49224853515625, 337.9881591796875, 336.10736083984375, 337.8111572265625, 329.48779296875, 361.25726318359375, 387.0496520996094, 420.5673828125, 362.693359375, 370.0694885253906, 396.030029296875, 375.4585266113281, 367.127685546875, 383.065673828125, 377.28936767578125, 371.4634704589844, 365.5033874511719, 359.3771057128906, 346.53546142578125], "2": [359.6793518066406, 358.70355224609375, 339.7991943359375, 338.4178771972656, 334.7238464355469, 337.3594970703125, 347.0211486816406, 317.87933349609375, 352.2150573730469, 357.9052734375, 360.51080322265625, 354.8520202636719, 380.594482421875, 362.468017578125, 394.32037353515625, 404.1312561035156, 419.37310791015625, 404.0210266113281, 415.5979919433594, 381.442626953125, 384.5094909667969, 377.4046630859375, 379.9267578125, 375.5901184082031], "3": [376.1982116699219, 334.5149841308594, 343.1756896972656, 343.7381591796875, 339.47216796875, 323.3359375, 341.8004150390625, 359.2070617675781, 378.1515197753906, 360.3815612792969, 373.66815185546875, 386.3619689941406, 395.8685302734375, 391.1524353027344, 415.08233642578125, 388.33819580078125, 403.5501403808594, 389.48455810546875, 428.9015197753906, 371.5619812011719, 375.4593505859375, 361.7418212890625, 377.6749267578125, 362.8854675292969], "4": [374.60211181640625, 324.06494140625, 325.0671081542969, 318.3142395019531, 319.05780029296875, 322.9168395996094, 323.2981872558594, 320.5641174316406, 347.61566162109375, 358.3766784667969, 364.27276611328125, 398.48248291015625, 404.2207946777344, 396.068115234375, 415.43292236328125, 401.3289489746094, 403.858642578125, 392.0345153808594, 374.2719421386719, 365.0780944824219, 367.99822998046875, 360.54736328125, 358.83526611328125, 357.230224609375], "5": [352.5584411621094, 345.565673828125, 329.8703308105469, 334.67401123046875, 348.591064453125, 324.34600830078125, 316.16015625, 316.1256103515625, 354.7825012207031, 359.6429443359375, 358.539306640625, 355.1982116699219, 357.9284973144531, 362.70611572265625, 363.942138671875, 387.3276672363281, 391.5009460449219, 376.5969543457031, 361.00396728515625, 342.47930908203125, 340.36456298828125, 349.4118347167969, 355.53533935546875, 356.52392578125], "6": [332.2658996582031, 325.3132019042969, 326.00054931640625, 336.569091796875, 317.38311767578125, 313.0850524902344, 341.9949951171875, 332.4693603515625, 331.48974609375, 367.49456787109375, 358.3187561035156, 360.43365478515625, 364.76922607421875, 384.407958984375, 383.9399719238281, 388.7572937011719, 356.2145080566406, 377.3676452636719, 374.5923156738281, 342.5296325683594, 334.5732116699219, 356.9627380371094, 331.63421630859375, 331.6983642578125], "7": [325.66021728515625, 344.7947998046875, 311.3035583496094, 323.40850830078125, 335.4533996582031, 313.3613586425781, 318.8172302246094, 340.9861755371094, 328.8731689453125, 344.4010314941406, 366.4221496582031, 364.1198425292969, 374.6727294921875, 359.244140625, 367.5714416503906, 378.75408935546875, 377.259765625, 351.03253173828125, 352.579345703125, 366.62225341796875, 361.7373352050781, 331.5107116699219, 332.591064453125, 344.5819091796875], "8": [348.2388916015625, 338.9660339355469, 317.83074951171875, 313.71502685546875, 341.2023010253906, 314.2757568359375, 317.5854797363281, 323.29058837890625, 345.2586364746094, 330.5001220703125, 338.1983642578125, 344.9144287109375, 363.8338623046875, 358.5907287597656, 343.29510498046875, 339.7783203125, 347.86151123046875, 350.8247375488281, 374.9613037109375, 359.1051330566406, 360.2590637207031, 348.69244384765625, 329.8018493652344, 319.72943115234375], "9": [323.2950439453125, 324.7916564941406, 338.67529296875, 313.5933532714844, 340.91217041015625, 320.1113586425781, 317.7588806152344, 314.8280944824219, 345.50140380859375, 337.9338684082031, 334.0013122558594, 353.5368957519531, 361.7249755859375, 334.6838684082031, 346.239013671875, 333.4361267089844, 346.34649658203125, 359.9888916015625, 362.7468566894531, 349.2314758300781, 348.5599365234375, 350.03466796875, 343.76251220703125, 336.4380798339844], "10": [347.1964416503906, 346.1352233886719, 342.6346435546875, 339.0520935058594, 341.9722900390625, 326.8221435546875, 337.8050537109375, 319.4024353027344, 333.8612365722656, 350.2379455566406, 382.0301208496094, 358.3218994140625, 384.68145751953125, 385.2352294921875, 382.8619079589844, 380.9678955078125, 387.85333251953125, 376.5228576660156, 373.1086730957031, 367.11572265625, 371.63653564453125, 366.1285400390625, 380.602783203125, 365.30181884765625], "11": [354.1555480957031, 339.37896728515625, 339.86871337890625, 341.9297180175781, 335.50775146484375, 316.6278381347656, 314.982421875, 322.82110595703125, 330.34136962890625, 344.6396484375, 377.9774475097656, 390.69976806640625, 397.87213134765625, 418.9007568359375, 409.7254638671875, 413.4466857910156, 401.6560974121094, 402.0619201660156, 400.0323791503906, 393.3633728027344, 390.0507507324219, 389.9196472167969, 383.29754638671875, 371.109619140625], "12": [372.56158447265625, 411.212158203125, 382.7851257324219, 334.6061096191406, 355.0295715332031, 360.30938720703125, 344.05828857421875, 340.7984619140625, 372.72161865234375, 385.8402099609375, 403.1478271484375, 402.7301025390625, 414.8968811035156, 409.134521484375, 415.2056579589844, 444.5749206542969, 435.4589538574219, 448.44921875, 453.6436462402344, 427.9659423828125, 443.2233581542969, 425.1485900878906, 430.2356262207031, 405.7208251953125], "13": [402.523193359375, 394.168212890625, 385.4364013671875, 360.5647277832031, 358.6670837402344, 354.4116516113281, 337.5904846191406, 341.7922668457031, 373.29449462890625, 371.6206970214844, 402.2605895996094, 435.9532470703125, 431.7112121582031, 434.24127197265625, 432.8622741699219, 434.62701416015625, 423.2291259765625, 420.6409912109375, 418.32879638671875, 410.6285095214844, 362.2818603515625, 376.6535339355469, 362.4156494140625, 359.1217956542969], "14": [350.7103576660156, 358.4868469238281, 307.9842529296875, 333.18560791015625, 338.09423828125, 323.8083190917969, 311.45050048828125, 338.0393981933594, 353.3747863769531, 366.8345947265625, 360.4708251953125, 369.44842529296875, 381.65753173828125, 409.9275817871094, 406.28924560546875, 399.6490478515625, 389.8935852050781, 376.1468811035156, 395.13623046875, 367.19207763671875, 379.8379211425781, 355.802001953125, 365.57269287109375, 354.24334716796875], "15": [354.7633972167969, 346.76300048828125, 338.4139404296875, 336.9515686035156, 333.65557861328125, 314.3482360839844, 324.7245178222656, 310.6687927246094, 339.4500732421875, 354.8167419433594, 379.169921875, 345.00439453125, 383.41607666015625, 356.5410461425781, 375.5125732421875, 360.9705810546875, 386.1358642578125, 386.50347900390625, 387.05419921875, 362.090576171875, 374.8885498046875, 343.5903625488281, 359.2886657714844, 356.0733642578125], "16": [360.5910339355469, 340.9665222167969, 336.9054870605469, 309.7670593261719, 312.1268005371094, 311.71868896484375, 317.6755065917969, 312.2214660644531, 317.9327697753906, 330.68597412109375, 357.26287841796875, 364.9990234375, 381.42218017578125, 368.7560729980469, 352.36114501953125, 373.8173522949219, 369.5165710449219, 384.79180908203125, 380.7391052246094, 379.5274658203125, 375.7397155761719, 369.46795654296875, 349.7764892578125, 351.38934326171875], "17": [342.5591125488281, 345.5837707519531, 333.9612121582031, 319.6319274902344, 311.9655456542969, 311.3218688964844, 311.3067321777344, 338.38720703125, 367.7279968261719, 380.81842041015625, 379.4840393066406, 423.4030456542969, 372.2518005371094, 408.6600036621094, 403.31146240234375, 410.288818359375, 405.3903503417969, 398.5491943359375, 396.0442810058594, 381.36126708984375, 381.65142822265625, 377.7952880859375, 368.61260986328125, 351.7193603515625],