{"2019": {"6": {"1": [395.8479919433594, 394.05316162109375, 337.8612060546875, 328.9049072265625, 345.941650390625, 340.1501770019531, 350.4783630371094, 347.5375061035156, 348.2574157714844, 385.6360168457031, 344.5439758300781, 346.147216796875, 384.3507995605469, 414.944580078125, 393.220703125, 367.56683349609375, 388.2440490722656, 385.2968444824219, 405.4822692871094, 390.8420104980469, 395.54998779296875, 402.4253234863281, 371.6742858886719, 392.76446533203125], "2": [408.6497497558594, 349.0649108886719, 348.08349609375, 338.0924377441406, 362.74560546875, 349.0700988769531, 362.8299865722656, 336.7251892089844, 382.5787658691406, 356.62939453125, 334.0716247558594, 327.7420349121094, 369.1549072265625, 432.13421630859375, 396.67205810546875, 394.1280517578125, 410.1322937011719, 401.27410888671875, 408.55706787109375, 399.1890563964844, 396.5406799316406, 397.2781677246094, 395.2153625488281, 380.5149841308594], "3": [372.9336242675781, 362.3312072753906, 364.45782470703125, 359.531005859375, 359.0286865234375, 328.2261962890625, 329.4632568359375, 372.20111083984375, 394.7449951171875, 364.04510498046875, 360.8313293457031, 375.8948059082031, 402.98883056640625, 381.44488525390625, 433.418701171875, 448.7025451660156, 436.4356689453125, 403.64544677734375, 429.1076965332031, 420.92779541015625, 393.8072814941406, 363.9072265625, 364.46197509765625, 362.5583801269531], "4": [360.9733581542969, 338.8974914550781, 342.21295166015625, 299.59600830078125, 311.0040283203125, 295.0011901855469, 346.1809997558594, 308.2191162109375, 346.9790344238281, 354.3191223144531, 387.35247802734375, 395.9732971191406, 372.5115661621094, 405.9971618652344, 456.87017822265625, 401.73248291015625, 436.9185791015625, 409.8465881347656, 422.1094970703125, 394.8173522949219, 380.9255676269531, 397.205810546875, 371.8972473144531, 335.9281311035156], "5": [337.26910400390625, 359.375732421875, 355.0331726074219, 344.2803649902344, 334.7139587402344, 343.10858154296875, 332.2622985839844, 334.8706359863281, 361.1293640136719, 379.47076416015625, 370.2852783203125, 361.4666748046875, 387.8289489746094, 410.5163269042969, 393.7901306152344, 363.325927734375, 389.1376953125, 379.75726318359375, 381.4399108886719, 355.9509582519531, 360.6528625488281, 403.88946533203125, 342.8599853515625, 350.46453857421875], "6": [353.1513977050781, 354.31121826171875, 294.62750244140625, 327.5716552734375, 294.55413818359375, 299.4821472167969, 302.9178466796875, 299.2884216308594, 327.2028503417969, 346.0540466308594, 380.6493225097656, 377.2222595214844, 372.67138671875, 367.98516845703125, 383.0846862792969, 402.5060119628906, 369.4307556152344, 356.9104919433594, 343.97259521484375, 361.8821105957031, 328.65032958984375, 362.83367919921875, 365.25250244140625, 352.9920654296875], "7": [358.1763610839844, 326.993408203125, 303.64947509765625, 327.6290588378906, 294.5155944824219, 317.10723876953125, 290.5525207519531, 302.85064697265625, 344.3995361328125, 348.92926025390625, 351.6108703613281, 365.8377380371094, 408.363525390625, 373.9640197753906, 402.96142578125, 377.72265625, 370.8127136230469, 360.9426574707031, 369.9566955566406, 356.11859130859375, 331.0733642578125, 378.0075378417969, 345.3780517578125, 367.5692443847656], "8": [354.9886474609375, 342.2344970703125, 325.73974609375, 300.8941650390625, 335.4712219238281, 328.6915588378906, 301.0030517578125, 328.18231201171875, 330.48394775390625, 337.86920166015625, 356.31768798828125, 345.1607360839844, 337.7410888671875, 406.08392333984375, 352.32037353515625, 324.1246032714844, 372.3330078125, 348.5551452636719, 379.64764404296875, 341.5229187011719, 354.23468017578125, 352.8681640625, 377.80255126953125, 330.3508605957031], "9": [348.9689636230469, 337.55047607421875, 359.26239013671875, 344.46417236328125, 312.8439025878906, 345.1345520019531, 331.9119873046875, 334.6637268066406, 353.12689208984375, 359.9183654785156, 376.8816223144531, 369.297119140625, 356.9276428222656, 334.5625915527344, 382.88275146484375, 357.59521484375, 362.5273742675781, 340.94146728515625, 346.48968505859375, 347.2649841308594, 434.2900695800781, 349.7574462890625, 339.1637878417969, 336.1291809082031], "10": [313.6861572265625, 377.9544677734375, 328.1863098144531, 360.3097229003906, 341.72808837890625, 366.4975280761719, 318.49603271484375, 373.23748779296875, 373.167236328125, 385.0541076660156, 409.0755920410156, 373.40277099609375, 385.71563720703125, 370.32305908203125, 397.1306457519531, 411.7442321777344, 456.20269775390625, 426.4802551269531, 428.85882568359375, 409.4532470703125, 392.3121032714844, 379.9052734375, 389.85595703125, 398.7991638183594], "11": [368.55059814453125, 364.95086669921875, 345.3284912109375, 346.7267761230469, 335.7457275390625, 362.9896240234375, 345.15350341796875, 362.8261413574219, 385.5149230957031, 376.23956298828125, 450.0787353515625, 427.70819091796875, 463.1303405761719, 424.3297424316406, 489.2001037597656, 492.2503967285156, 465.454833984375, 449.9358215332031, 479.68951416015625, 431.1041259765625, 439.495361328125, 441.1768493652344, 453.2721252441406, 392.2154846191406], "12": [397.5853576660156, 351.3948059082031, 414.9394836425781, 365.7243347167969, 377.9800109863281, 374.2648620605469, 378.6113586425781, 357.3608703613281, 414.61138916015625, 377.0137023925781, 439.26702880859375, 463.0501708984375, 467.8786926269531, 479.22015380859375, 495.240966796875, 486.1312561035156, 517.2804565429688, 500.4491271972656, 478.62786865234375, 473.9927673339844, 462.542236328125, 449.7249450683594, 438.28265380859375, 431.5321960449219], "13": [427.76544189453125, 404.4966125488281, 409.69830322265625, 389.3179626464844, 398.891357421875, 397.20733642578125, 390.5390625, 400.787109375, 408.4984130859375, 424.0057678222656, 428.2819519042969, 447.10565185546875, 467.4510803222656, 464.18975830078125, 494.7044372558594, 496.0578308105469, 480.1773376464844, 513.2628173828125, 461.9332275390625, 455.5376281738281, 431.9499816894531, 400.1355895996094, 451.7492980957031, 408.3832092285156], "14": [383.54254150390625, 372.65728759765625, 337.708984375, 345.2048034667969, 362.2962951660156, 340.6662292480469, 343.1558837890625, 353.6678161621094, 392.4256591796875, 414.2088317871094, 392.1369323730469, 401.2646484375, 446.62103271484375, 417.8338928222656, 442.9972839355469, 468.10345458984375, 430.940185546875, 428.2042541503906, 436.1714782714844, 408.953125, 430.4845275878906, 412.474365234375, 391.7613220214844, 379.0052490234375], "15": [367.6366271972656, 389.3470458984375, 346.8064880371094, 363.6238708496094, 391.1511535644531, 339.17437744140625, 358.9721984863281, 366.3660888671875, 385.5250549316406, 367.5948486328125, 372.3961486816406, 385.5308837890625, 332.4352722167969, 363.580810546875, 400.6952819824219, 391.38671875, 396.8759765625, 394.879150390625, 386.9690856933594, 387.4390869140625, 374.6277160644531, 387.1731262207031, 386.9014892578125, 359.8193054199219], "16": [373.3363952636719, 383.5667419433594, 349.09814453125, 333.4736633300781, 323.5419921875, 340.0326232910156, 329.8857116699219, 334.4357604980469, 388.8604431152344, 356.6982727050781, 377.82293701171875, 354.61285400390625, 349.425048828125, 385.2162780761719, 387.268798828125, 383.3720397949219, 404.3209533691406, 401.1395263671875, 404.0544738769531, 410.9979553222656, 401.2733459472656, 414.0166015625, 395.3910827636719, 372.0242004394531], "17": [377.51104736328125, 368.6220397949219, 365.1448669433594, 352.2085876464844, 352.53912353515625, 367.9768981933594, 333.884765625, 334.68560791015625, 377.7403869628906, 392.0342712402344, 401.3542175292969, 419.2459411621094, 440.65673828125, 450.4806213378906, 446.70745849609375, 439.8227844238281, 458.1795654296875, 443.6937255859375, 444.80010986328125, 421.34527587890625, 414.4420471191406, 430.9269104003906, 408.2227478027344, 396.6778869628906],