{"2019": {"6": {"1": [145.52301025390625, 126.65313720703125, 128.41824340820312, 126.02429962158203, 125.35635375976562, 127.28382110595703, 118.10652160644531, 126.51541137695312, 144.98329162597656, 146.19552612304688, 153.4353485107422, 144.27268981933594, 150.12515258789062, 149.01577758789062, 144.80416870117188, 145.5334014892578, 177.97503662109375, 171.04232788085938, 170.4718017578125, 160.81353759765625, 160.24293518066406, 157.13343811035156, 160.92657470703125, 149.62701416015625], "2": [123.52220153808594, 127.38421630859375, 126.57295227050781, 125.33837890625, 124.62560272216797, 125.79499053955078, 121.3803482055664, 145.11724853515625, 151.3271942138672, 148.5099334716797, 194.341064453125, 152.77975463867188, 176.1627960205078, 187.08489990234375, 171.50942993164062, 187.014892578125, 195.86439514160156, 186.721923828125, 182.32513427734375, 163.101806640625, 153.84603881835938, 156.57647705078125, 156.53292846679688, 144.43597412109375], "3": [137.85618591308594, 134.10557556152344, 136.36659240722656, 130.6844024658203, 130.39724731445312, 132.17022705078125, 133.24281311035156, 154.66357421875, 207.53807067871094, 218.1715087890625, 195.6427459716797, 215.78981018066406, 245.48739624023438, 209.63494873046875, 236.73414611816406, 230.0515594482422, 227.30360412597656, 194.46383666992188, 179.60989379882812, 155.60133361816406, 157.774169921875, 155.3539581298828, 161.68748474121094, 142.07293701171875], "4": [140.11927795410156, 137.286376953125, 136.168212890625, 135.04226684570312, 133.58816528320312, 136.0223846435547, 134.68344116210938, 148.0065460205078, 200.26907348632812, 205.69725036621094, 230.02272033691406, 280.0413513183594, 303.9713439941406, 241.1160430908203, 225.9120330810547, 202.57525634765625, 225.42044067382812, 205.5711669921875, 160.84503173828125, 172.13189697265625, 158.4635009765625, 159.55130004882812, 168.69680786132812, 138.82640075683594], "5": [134.32225036621094, 130.5613250732422, 135.5984649658203, 133.9512481689453, 130.1884002685547, 135.33328247070312, 130.64305114746094, 140.0974884033203, 192.3696746826172, 215.0064697265625, 241.88661193847656, 231.93540954589844, 249.65919494628906, 227.0238494873047, 203.24948120117188, 199.01805114746094, 189.32171630859375, 174.1276092529297, 165.0185546875, 150.65487670898438, 150.3570098876953, 161.71197509765625, 158.02914428710938, 136.6732940673828], "6": [135.5557098388672, 131.3078155517578, 133.29872131347656, 130.49423217773438, 129.48416137695312, 134.01609802246094, 130.87576293945312, 140.3080596923828, 166.1763916015625, 183.97254943847656, 263.8656311035156, 258.49981689453125, 242.1654052734375, 255.35726928710938, 234.99607849121094, 235.68038940429688, 205.17015075683594, 179.20108032226562, 167.2373504638672, 159.41873168945312, 162.74305725097656, 161.42222595214844, 160.2563934326172, 138.99203491210938], "7": [136.00985717773438, 137.8253631591797, 133.7843017578125, 134.93380737304688, 132.80963134765625, 132.0988006591797, 133.12661743164062, 147.21446228027344, 185.8742218017578, 190.85826110839844, 219.70208740234375, 210.3530731201172, 235.16636657714844, 216.13230895996094, 217.7538604736328, 223.73858642578125, 200.4054718017578, 186.6725311279297, 173.3592987060547, 156.39820861816406, 150.5950469970703, 162.3341827392578, 160.69020080566406, 139.46656799316406], "8": [131.69711303710938, 135.46495056152344, 134.94105529785156, 130.73304748535156, 130.55482482910156, 132.01661682128906, 130.47093200683594, 132.0199432373047, 145.5557098388672, 155.67324829101562, 166.2962188720703, 165.80650329589844, 163.1571807861328, 165.35848999023438, 171.9405517578125, 169.19546508789062, 170.6371307373047, 173.623291015625, 155.85488891601562, 162.33798217773438, 157.4122772216797, 155.27197265625, 161.5207977294922, 135.76133728027344], "9": [136.02919006347656, 130.9542999267578, 130.48886108398438, 131.2498779296875, 128.57923889160156, 133.69366455078125, 132.29811096191406, 137.3634796142578, 142.9160614013672, 164.59014892578125, 180.4452667236328, 179.95777893066406, 165.5723114013672, 154.86016845703125, 150.08670043945312, 152.5218963623047, 151.1609344482422, 148.81593322753906, 149.97413635253906, 173.04283142089844, 161.6610107421875, 159.5907745361328, 148.63571166992188, 129.8887176513672], "10": [127.10515594482422, 130.16725158691406, 131.0421905517578, 131.1948699951172, 127.21646881103516, 123.76815795898438, 121.22034454345703, 149.85891723632812, 179.34803771972656, 217.43975830078125, 216.84207153320312, 222.87611389160156, 252.4034423828125, 247.39793395996094, 245.38172912597656, 241.87637329101562, 235.95095825195312, 199.50653076171875, 182.98062133789062, 162.7745819091797, 162.1903839111328, 161.16722106933594, 160.76141357421875, 151.75413513183594], "11": [130.16888427734375, 126.2486572265625, 125.70494079589844, 125.4205551147461, 122.09256744384766, 120.01781463623047, 121.70106506347656, 153.68272399902344, 174.38365173339844, 237.3722686767578, 225.2001190185547, 249.364990234375, 261.0548095703125, 279.05224609375, 261.6271057128906, 260.0011901855469, 238.8514404296875, 198.2005615234375, 193.2396240234375, 171.0638885498047, 167.7537841796875, 168.07467651367188, 172.5058135986328, 159.69418334960938], "12": [160.3702392578125, 154.83778381347656, 160.8201446533203, 154.089111328125, 155.9418182373047, 159.54879760742188, 151.50987243652344, 161.45082092285156, 192.33529663085938, 199.2864990234375, 261.5254821777344, 264.177734375, 251.56443786621094, 272.8322448730469, 263.3472595214844, 267.1586608886719, 254.8800506591797, 240.41432189941406, 220.60231018066406, 192.91595458984375, 189.09954833984375, 181.9136962890625, 182.74131774902344, 178.76402282714844], "13": [172.9525909423828, 165.059814453125, 162.28707885742188, 166.49290466308594, 164.18505859375, 161.61239624023438, 160.7804718017578, 165.75857543945312, 235.46620178222656, 287.30029296875, 242.6933135986328, 281.00433349609375, 285.3014831542969, 263.4017639160156, 286.685302734375, 262.18682861328125, 243.31114196777344, 216.07656860351562, 205.4446563720703, 172.38546752929688, 175.66830444335938, 169.16848754882812, 170.78558349609375, 157.3062744140625], "14": [140.73744201660156, 137.4273681640625, 135.76492309570312, 135.00204467773438, 134.80593872070312, 136.11361694335938, 135.2205047607422, 144.73387145996094, 171.54962158203125, 256.27679443359375, 229.10031127929688, 212.488525390625, 234.860107421875, 250.24888610839844, 261.16656494140625, 227.8284149169922, 223.35043334960938, 210.32040405273438, 196.37998962402344, 176.02777099609375, 173.96324157714844, 163.22244262695312, 160.58419799804688, 141.05967712402344], "15": [140.96041870117188, 136.5736846923828, 140.56307983398438, 137.04086303710938, 135.34803771972656, 133.47071838378906, 132.95640563964844, 160.499267578125, 160.4734344482422, 163.72633361816406, 181.92202758789062, 184.91119384765625, 179.1952362060547, 175.90711975097656, 178.41165161132812, 178.8546905517578, 176.7223663330078, 176.71888732910156, 179.720947265625, 168.06015014648438, 166.6103057861328, 163.40130615234375, 159.7283477783203, 137.83277893066406], "16": [133.5773468017578, 134.00376892089844, 134.625244140625, 132.89234924316406, 134.98187255859375, 131.92327880859375, 125.91593170166016, 143.90560913085938, 157.45652770996094, 161.0019073486328, 174.73297119140625, 170.00306701660156, 172.0875701904297, 169.2730255126953, 174.80996704101562, 176.97500610351562, 175.69125366210938, 185.1269073486328, 182.57577514648438, 168.26345825195312, 175.9141082763672, 164.86575317382812, 163.91944885253906, 148.44357299804688],