{"2019": {"6": {"1": [111.39909362792969, 118.2230453491211, 121.47227478027344, 120.1453628540039, 112.0931625366211, 112.21379089355469, 115.9842758178711, 109.92993927001953, 134.4259796142578, 124.56752014160156, 123.64656066894531, 125.57606506347656, 126.83455657958984, 124.5691146850586, 127.97437286376953, 138.9627227783203, 123.72062683105469, 130.6876220703125, 120.8162841796875, 125.08290100097656, 127.04778289794922, 118.20670318603516, 113.44109344482422, 115.83428192138672], "2": [115.38665008544922, 118.40675354003906, 116.77029418945312, 114.30158233642578, 114.73359680175781, 110.42158508300781, 113.90221405029297, 118.22721862792969, 112.65901947021484, 136.05508422851562, 121.24197387695312, 120.59664916992188, 125.73389434814453, 135.93325805664062, 114.44715881347656, 126.57491302490234, 119.4691390991211, 123.10441589355469, 120.24667358398438, 113.56076049804688, 103.67755126953125, 101.79074096679688, 102.03785705566406, 97.61903381347656], "3": [97.96588897705078, 108.24811553955078, 112.27539825439453, 106.86018371582031, 108.55155181884766, 112.81257629394531, 106.33438110351562, 107.83175659179688, 133.58450317382812, 127.58304595947266, 144.8126983642578, 147.08419799804688, 151.20228576660156, 153.79713439941406, 151.7021484375, 155.47056579589844, 148.51527404785156, 146.453125, 135.8497772216797, 121.37271118164062, 116.38557434082031, 121.73745727539062, 115.56262969970703, 110.1332015991211], "4": [108.94853210449219, 104.66183471679688, 109.63008117675781, 104.44683074951172, 99.45563507080078, 96.96965789794922, 98.19598388671875, 104.3296127319336, 122.77347564697266, 136.74246215820312, 149.87083435058594, 148.69261169433594, 169.63592529296875, 151.51451110839844, 163.51036071777344, 166.68508911132812, 157.71595764160156, 156.99864196777344, 142.98374938964844, 124.61228942871094, 117.2186279296875, 112.90015411376953, 109.78069305419922, 107.20570373535156], "5": [107.27740478515625, 105.11970520019531, 111.06333923339844, 109.96389770507812, 110.3003921508789, 111.8913345336914, 109.07721710205078, 100.81739044189453, 121.16712951660156, 137.0732421875, 155.34959411621094, 149.3463134765625, 146.7266082763672, 158.7310791015625, 148.6805877685547, 150.49378967285156, 152.895263671875, 146.13096618652344, 142.76283264160156, 133.56072998046875, 126.8277359008789, 127.07920837402344, 117.22429656982422, 108.13758087158203], "6": [102.94405364990234, 101.53861236572266, 94.1490478515625, 93.6112289428711, 94.91014862060547, 96.97859191894531, 95.49565887451172, 102.31000518798828, 121.48259735107422, 136.54913330078125, 147.8214569091797, 146.24671936035156, 158.8119659423828, 154.28890991210938, 149.05929565429688, 152.5644073486328, 154.8230438232422, 148.13951110839844, 127.02498626708984, 121.30609130859375, 112.38797760009766, 116.07027435302734, 113.74102783203125, 112.37602996826172], "7": [103.21582794189453, 97.21195983886719, 98.53926849365234, 95.6614990234375, 97.7148666381836, 95.24978637695312, 95.32857513427734, 103.1960220336914, 119.31209564208984, 130.6304931640625, 146.8767547607422, 150.0439910888672, 173.77444458007812, 168.87083435058594, 163.2643585205078, 152.70513916015625, 153.3695068359375, 135.4099578857422, 120.013427734375, 122.35659790039062, 113.04202270507812, 109.72325897216797, 111.91996765136719, 107.66580963134766], "8": [103.82647705078125, 102.13277435302734, 94.55702209472656, 103.31356811523438, 99.9187240600586, 107.0506362915039, 103.07001495361328, 102.31708526611328, 126.26415252685547, 113.49520874023438, 115.03555297851562, 139.68775939941406, 129.08261108398438, 121.24122619628906, 127.22090148925781, 129.79232788085938, 123.65264129638672, 121.62296295166016, 118.09833526611328, 121.7557373046875, 117.24409484863281, 113.5260238647461, 115.31002807617188, 112.99388885498047], "9": [108.40803527832031, 113.22246551513672, 114.17252349853516, 114.72038269042969, 116.33416748046875, 106.13749694824219, 100.71012878417969, 108.46110534667969, 105.32030487060547, 134.197509765625, 120.962890625, 120.69210815429688, 123.47679138183594, 120.2728042602539, 109.1108169555664, 110.8077392578125, 112.98221588134766, 112.10722351074219, 109.9007797241211, 105.22084045410156, 105.90791320800781, 108.44779205322266, 107.62134552001953, 97.5230484008789], "10": [112.67826080322266, 106.9173355102539, 114.62030029296875, 112.88680267333984, 111.23601531982422, 111.58334350585938, 109.68685913085938, 113.59224700927734, 138.13453674316406, 143.92848205566406, 146.59585571289062, 162.23464965820312, 166.65150451660156, 167.52859497070312, 165.43775939941406, 161.9697723388672, 160.56655883789062, 156.0040740966797, 140.37648010253906, 134.83822631835938, 131.59024047851562, 121.02930450439453, 120.37867736816406, 118.12701416015625], "11": [113.68689727783203, 114.70014953613281, 116.55967712402344, 119.39413452148438, 119.59635162353516, 117.45440673828125, 119.61360931396484, 120.08518981933594, 143.5210723876953, 144.56784057617188, 160.7772979736328, 170.86207580566406, 167.84210205078125, 169.88320922851562, 171.2952423095703, 170.80581665039062, 162.23863220214844, 157.6300506591797, 149.16567993164062, 133.7091064453125, 135.7340087890625, 132.4876251220703, 126.96992492675781, 120.8695297241211], "12": [118.0302505493164, 117.61701965332031, 122.11486053466797, 114.68093872070312, 118.44576263427734, 117.25114440917969, 118.85419464111328, 120.54914093017578, 133.22862243652344, 141.09132385253906, 154.957763671875, 155.03221130371094, 158.37081909179688, 163.2954559326172, 156.67007446289062, 164.6223907470703, 164.96841430664062, 156.30703735351562, 134.6660614013672, 135.38461303710938, 128.57522583007812, 134.9913330078125, 124.91903686523438, 126.57344818115234], "13": [123.24275207519531, 113.98958587646484, 120.26409912109375, 118.75433349609375, 117.66155242919922, 115.98483276367188, 118.41609954833984, 119.4019775390625, 135.34910583496094, 152.89462280273438, 160.05003356933594, 161.59017944335938, 171.65370178222656, 170.15003967285156, 170.91636657714844, 166.54689025878906, 160.3253936767578, 164.10438537597656, 150.0350799560547, 139.57154846191406, 132.3311309814453, 128.95289611816406, 124.39008331298828, 121.77432250976562], "14": [119.06072235107422, 119.63423919677734, 122.95745086669922, 116.6091079711914, 111.81726837158203, 121.7665023803711, 115.6941909790039, 118.90765380859375, 140.42884826660156, 150.32937622070312, 155.78277587890625, 172.88442993164062, 175.7021942138672, 163.3683319091797, 166.8654327392578, 173.3828125, 166.16140747070312, 156.15809631347656, 134.2410888671875, 128.26339721679688, 126.2646713256836, 117.004638671875, 115.422119140625, 109.55176544189453], "15": [106.9334716796875, 109.48748779296875, 115.28611755371094, 110.13789367675781, 116.37374877929688, 110.03832244873047, 112.57980346679688, 110.05838775634766, 130.7666015625, 126.69453430175781, 117.14804077148438, 123.88632202148438, 125.2081069946289, 121.65914154052734, 124.77708435058594, 126.88045501708984, 132.1791534423828, 129.30967712402344, 125.4087142944336, 122.31019592285156, 120.2747802734375, 113.2638168334961, 114.30956268310547, 104.62378692626953], "16": [113.1197280883789, 109.7959213256836, 114.29470825195312, 112.99396514892578, 114.47090148925781, 109.66032409667969, 115.79537200927734, 110.90115356445312, 110.10441589355469, 131.0479278564453, 119.04357147216797, 116.67219543457031, 118.52468872070312, 124.46435546875, 121.33496856689453, 121.26581573486328, 122.8367919921875, 123.85445404052734, 120.82234191894531, 115.70020294189453, 112.098876953125, 111.11404418945312, 105.88999938964844, 105.27397918701172],