{"2019": {"6": {"1": [120.4005126953125, 110.19619750976562, 107.01600646972656, 104.85318756103516, 100.04833984375, 110.28546905517578, 101.66999053955078, 98.83041381835938, 106.71932983398438, 97.94265747070312, 111.8185043334961, 111.51657104492188, 111.15484619140625, 101.71398162841797, 115.86994934082031, 107.90996551513672, 129.79736328125, 139.51541137695312, 125.5994873046875, 120.15629577636719, 133.09262084960938, 111.48994445800781, 113.59867858886719, 126.79122924804688], "2": [122.24374389648438, 120.06559753417969, 105.03223419189453, 103.73477935791016, 104.66161346435547, 103.6275634765625, 91.08045959472656, 79.02055358886719, 86.84630584716797, 98.8830795288086, 109.8585433959961, 113.20587158203125, 111.63108825683594, 112.91329956054688, 105.6084213256836, 106.69422149658203, 113.16309356689453, 146.14410400390625, 132.2923126220703, 129.12567138671875, 126.13673400878906, 119.36398315429688, 127.21370697021484, 132.5108184814453], "3": [127.5138168334961, 121.19200897216797, 117.1666259765625, 111.38015747070312, 108.48040771484375, 108.58045196533203, 109.18339538574219, 102.96804809570312, 160.70916748046875, 231.1857147216797, 202.67214965820312, 246.69219970703125, 238.10337829589844, 237.1427459716797, 258.1503601074219, 234.3769073486328, 187.40049743652344, 166.82020568847656, 124.29666900634766, 107.81153869628906, 110.72380065917969, 117.06290435791016, 129.61021423339844, 115.33720397949219], "4": [115.30904388427734, 113.86888885498047, 117.91812133789062, 115.91574096679688, 114.47135162353516, 114.30618286132812, 104.74009704589844, 101.83304595947266, 158.98048400878906, 241.9317169189453, 237.53213500976562, 214.09915161132812, 225.4961395263672, 234.7531280517578, 226.48825073242188, 230.9233856201172, 204.03790283203125, 185.45166015625, 123.07102966308594, 111.85192108154297, 102.5164794921875, 130.8278350830078, 134.48110961914062, 138.1634521484375], "5": [124.3441162109375, 126.96460723876953, 117.81317901611328, 115.62458038330078, 110.79053497314453, 110.513427734375, 107.29537963867188, 119.31060028076172, 175.02911376953125, 187.76531982421875, 269.5947265625, 242.06246948242188, 256.6947326660156, 209.49876403808594, 214.0275115966797, 219.0035400390625, 209.2078094482422, 183.3999786376953, 131.57379150390625, 113.54210662841797, 96.5614242553711, 118.54962921142578, 123.0434799194336, 116.54815673828125], "6": [123.05061340332031, 122.06698608398438, 118.27509307861328, 118.37895202636719, 118.98636627197266, 120.46826934814453, 113.68719482421875, 124.83917236328125, 184.50311279296875, 204.17417907714844, 217.58358764648438, 220.89833068847656, 235.9814910888672, 206.94338989257812, 238.4591827392578, 232.94039916992188, 188.72157287597656, 192.77064514160156, 116.13675689697266, 111.54119110107422, 99.21611785888672, 115.55078125, 115.21690368652344, 121.67621612548828], "7": [123.40980529785156, 124.65220642089844, 115.9260482788086, 118.75079345703125, 118.22919464111328, 112.5234146118164, 106.79096221923828, 119.20459747314453, 171.79208374023438, 197.34597778320312, 213.2266082763672, 202.35862731933594, 196.6055145263672, 189.98219299316406, 187.70953369140625, 183.84158325195312, 187.47640991210938, 184.40362548828125, 123.4751205444336, 105.53413391113281, 94.20394134521484, 104.92163848876953, 109.62337493896484, 105.43052673339844], "8": [101.84705352783203, 100.95154571533203, 104.23574829101562, 104.84249114990234, 103.52627563476562, 101.42166137695312, 92.73318481445312, 84.04024505615234, 94.63842010498047, 97.34864807128906, 103.84912872314453, 98.71244049072266, 101.56669616699219, 105.8411636352539, 96.96094512939453, 102.32787322998047, 104.22112274169922, 119.70879364013672, 113.7707748413086, 117.24913787841797, 110.85748291015625, 108.93426513671875, 104.66117858886719, 94.66320037841797], "9": [101.85157775878906, 110.978515625, 111.73826599121094, 114.84713745117188, 115.3524169921875, 114.924560546875, 107.41667175292969, 90.21253967285156, 103.70696258544922, 103.33397674560547, 111.41276550292969, 114.98533630371094, 104.17457580566406, 105.1264877319336, 90.48035430908203, 92.45425415039062, 99.64358520507812, 106.48497772216797, 105.1423110961914, 104.0604248046875, 95.96449279785156, 110.00731658935547, 113.57820129394531, 106.2278060913086], "10": [108.74113464355469, 103.9168472290039, 101.30513763427734, 96.86738586425781, 95.83309173583984, 95.9914779663086, 95.25806427001953, 96.32857513427734, 161.95437622070312, 262.05145263671875, 219.9005889892578, 261.4960021972656, 250.4569091796875, 237.2332763671875, 217.18760681152344, 218.03857421875, 222.1692352294922, 182.0791473388672, 128.60902404785156, 108.4169692993164, 98.8311767578125, 101.17306518554688, 121.94737243652344, 118.06905364990234], "11": [113.86302185058594, 112.70942687988281, 107.22140502929688, 98.90504455566406, 99.71050262451172, 98.2072982788086, 99.50970458984375, 114.94196319580078, 198.62869262695312, 244.022216796875, 243.09535217285156, 261.5325622558594, 255.52479553222656, 242.07496643066406, 241.61598205566406, 250.6656951904297, 247.44430541992188, 185.41262817382812, 126.1804428100586, 134.21142578125, 92.08696746826172, 111.259521484375, 120.15013122558594, 132.36375427246094], "12": [124.09976196289062, 121.8280258178711, 113.66558074951172, 117.8380126953125, 111.21969604492188, 114.64252471923828, 108.61260223388672, 98.12381744384766, 256.1513977050781, 234.16055297851562, 256.045166015625, 270.981201171875, 276.854248046875, 276.3769836425781, 263.0057373046875, 271.1956481933594, 248.60360717773438, 223.2664337158203, 133.05352783203125, 135.02102661132812, 130.3770294189453, 122.61894989013672, 133.53091430664062, 130.9832305908203], "13": [130.853271484375, 130.5321044921875, 134.4773712158203, 132.69642639160156, 125.14754486083984, 122.73574829101562, 122.62460327148438, 108.8024673461914, 246.9803924560547, 211.63002014160156, 223.9146728515625, 248.5259552001953, 247.0811309814453, 263.51141357421875, 271.4417419433594, 255.3488006591797, 245.22824096679688, 199.33621215820312, 131.40753173828125, 119.51924133300781, 102.1759262084961, 104.53881072998047, 118.9273681640625, 125.3038330078125], "14": [110.86902618408203, 106.50495147705078, 105.72774505615234, 107.43869018554688, 106.42239379882812, 105.2764663696289, 98.98710632324219, 112.3436050415039, 166.7880859375, 200.219970703125, 270.57208251953125, 234.57261657714844, 255.375732421875, 255.26202392578125, 256.9785461425781, 219.92103576660156, 226.2657470703125, 185.87779235839844, 112.41492462158203, 114.22682189941406, 94.23222351074219, 98.73702239990234, 108.9734115600586, 109.41729736328125], "15": [112.69732666015625, 103.75530242919922, 101.93235778808594, 101.65435791015625, 102.80656433105469, 105.08148193359375, 101.22039031982422, 89.30438232421875, 84.12550354003906, 86.80368041992188, 91.97052001953125, 93.93310546875, 111.05973052978516, 108.63666534423828, 106.69844055175781, 109.18914794921875, 109.17566680908203, 145.46795654296875, 142.4998321533203, 136.02052307128906, 143.1731719970703, 125.28617858886719, 124.00559997558594, 127.63875579833984], "16": [127.51541900634766, 125.30934143066406, 105.7960205078125, 102.71666717529297, 104.22151184082031, 112.31124114990234, 97.10888671875, 89.2232666015625, 94.8082275390625, 89.23124694824219, 91.84291076660156, 104.88536834716797, 110.46136474609375, 105.8470230102539, 110.03511810302734, 106.81424713134766, 125.82591247558594, 143.08900451660156, 146.6697540283203, 142.5930938720703, 142.96884155273438, 134.37289428710938, 151.78515625, 127.629638671875],