{"2019": {"6": {"1": [67.52522277832031, 74.209228515625, 71.94905090332031, 72.74207305908203, 68.60867309570312, 69.81285858154297, 66.53067016601562, 66.46438598632812, 94.26319122314453, 95.84809112548828, 106.76424407958984, 114.41320037841797, 116.20091247558594, 106.57442474365234, 118.34868621826172, 116.73004913330078, 124.16923522949219, 135.95655822753906, 130.0430450439453, 77.50302124023438, 63.715476989746094, 70.14517211914062, 69.44290161132812, 69.31278991699219], "2": [69.59637451171875, 70.3365249633789, 69.7376708984375, 68.69596099853516, 68.99463653564453, 68.6658935546875, 67.6173324584961, 69.5006103515625, 117.75516510009766, 118.51165008544922, 120.79932403564453, 126.99433135986328, 128.6395263671875, 115.75860595703125, 126.07318878173828, 136.3382568359375, 152.83673095703125, 154.7490692138672, 125.597900390625, 65.98517608642578, 63.29118347167969, 68.55057525634766, 67.89110565185547, 67.39067077636719], "3": [66.94026947021484, 66.8578872680664, 66.77706146240234, 67.24234008789062, 67.44358825683594, 66.8516616821289, 91.87040710449219, 91.14725494384766, 124.03318786621094, 141.7853546142578, 155.95993041992188, 170.6001739501953, 173.70338439941406, 167.39248657226562, 155.1898651123047, 172.99046325683594, 176.2689971923828, 159.66989135742188, 128.08322143554688, 116.2021255493164, 106.23955535888672, 99.56509399414062, 91.44298553466797, 88.83055877685547], "4": [90.49210357666016, 101.48431396484375, 103.60929870605469, 104.47691345214844, 87.93102264404297, 89.87847900390625, 84.4399642944336, 93.2337646484375, 134.22894287109375, 145.8468017578125, 148.5211944580078, 145.97604370117188, 160.08518981933594, 143.41787719726562, 151.50262451171875, 146.27171325683594, 139.2850341796875, 134.0086669921875, 125.13762664794922, 112.09679412841797, 98.90095520019531, 102.07550048828125, 97.54380798339844, 89.25859069824219], "5": [89.95816040039062, 93.0909194946289, 94.42908477783203, 92.13802337646484, 84.9899673461914, 87.3117446899414, 81.51795196533203, 87.06647491455078, 113.81438446044922, 141.00489807128906, 152.4570770263672, 147.79747009277344, 139.16140747070312, 145.6551971435547, 148.5333709716797, 146.68052673339844, 136.22218322753906, 133.78192138671875, 111.14490509033203, 102.95487213134766, 95.92448425292969, 104.66291046142578, 99.10289001464844, 92.42652130126953], "6": [94.18840026855469, 97.2513427734375, 89.386962890625, 91.049560546875, 87.33296203613281, 87.60693359375, 85.7529067993164, 95.9621353149414, 113.45286560058594, 119.20748138427734, 126.4577407836914, 128.37835693359375, 126.97267150878906, 130.04420471191406, 124.8490982055664, 121.88159942626953, 116.17962646484375, 119.94601440429688, 99.59149932861328, 97.85122680664062, 94.03961181640625, 100.56669616699219, 94.28334045410156, 91.25353240966797], "7": [93.55745697021484, 89.81999969482422, 89.21137237548828, 87.88842010498047, 86.1089859008789, 89.72716522216797, 84.95569610595703, 88.03081512451172, 93.03598022460938, 104.27427673339844, 107.52335357666016, 110.09136199951172, 114.82997131347656, 117.89492797851562, 110.07672882080078, 107.09656524658203, 96.92154693603516, 96.46340942382812, 89.69351196289062, 86.90245056152344, 85.56734466552734, 84.498779296875, 77.59013366699219, 72.84204864501953], "8": [77.54716491699219, 80.27916717529297, 74.49015045166016, 77.77499389648438, 74.23532104492188, 75.6880874633789, 72.98796081542969, 67.32766723632812, 68.59710693359375, 78.76060485839844, 75.38011169433594, 73.02607727050781, 71.74136352539062, 74.30461883544922, 74.63440704345703, 74.2330322265625, 76.45540618896484, 78.97203063964844, 78.0345230102539, 67.03083038330078, 68.15569305419922, 74.24185943603516, 74.83394622802734, 72.6172103881836], "9": [72.4532699584961, 71.81605529785156, 72.35380554199219, 75.64382934570312, 75.24044036865234, 75.4249496459961, 74.30612182617188, 68.30323028564453, 66.3075942993164, 66.53499603271484, 64.59432220458984, 63.33726119995117, 62.931827545166016, 63.4951286315918, 64.81421661376953, 62.95764923095703, 64.55093383789062, 64.26380920410156, 63.78228759765625, 64.69806671142578, 64.6889419555664, 71.07102966308594, 71.4066162109375, 69.78958892822266], "10": [72.07347106933594, 70.20953369140625, 70.60472106933594, 70.88652038574219, 68.68742370605469, 70.65406799316406, 69.36458587646484, 81.17646026611328, 99.28185272216797, 113.96797180175781, 131.45254516601562, 129.12982177734375, 138.5825653076172, 131.3106689453125, 138.4176788330078, 133.72789001464844, 139.58966064453125, 140.95382690429688, 139.15325927734375, 136.34226989746094, 122.05116271972656, 114.48710632324219, 83.97211456298828, 76.81227111816406], "11": [74.711669921875, 77.6867446899414, 70.24833679199219, 73.10671997070312, 69.920166015625, 72.37551879882812, 67.29589080810547, 78.54234313964844, 98.01309967041016, 107.79964447021484, 122.89389038085938, 143.6665496826172, 145.00531005859375, 145.6911163330078, 142.0486297607422, 157.8975067138672, 155.55006408691406, 143.75045776367188, 132.82896423339844, 127.85618591308594, 113.17174530029297, 106.97115325927734, 80.50365447998047, 74.30612182617188], "12": [71.61042785644531, 75.13556671142578, 73.70752716064453, 78.38660430908203, 71.77741241455078, 72.10435485839844, 65.53785705566406, 81.66072082519531, 107.6139907836914, 126.74765014648438, 138.83677673339844, 152.04930114746094, 155.12063598632812, 137.37940979003906, 159.69212341308594, 168.8212432861328, 153.1084747314453, 135.66644287109375, 159.40005493164062, 156.4617462158203, 147.6360626220703, 130.98492431640625, 101.5694351196289, 79.49742126464844], "13": [77.0783920288086, 76.36534881591797, 72.6268081665039, 77.46851348876953, 71.85802459716797, 77.54014587402344, 70.03727722167969, 85.66957092285156, 114.7435531616211, 125.78364562988281, 153.36790466308594, 160.66094970703125, 161.2357940673828, 168.59463500976562, 166.5102996826172, 160.12083435058594, 153.50137329101562, 157.4527587890625, 158.32742309570312, 152.54676818847656, 127.16586303710938, 111.71438598632812, 93.82088470458984, 72.91107940673828], "14": [74.9887466430664, 76.61310577392578, 72.34737396240234, 74.7120132446289, 70.88795471191406, 74.00767517089844, 68.58773803710938, 75.90349578857422, 102.7908935546875, 112.81119537353516, 122.29830932617188, 119.10596466064453, 122.9660415649414, 111.84945678710938, 128.70440673828125, 117.66008758544922, 115.8907470703125, 100.31449890136719, 102.77244567871094, 95.22386169433594, 96.45354461669922, 81.91400909423828, 74.901123046875, 71.10324096679688], "15": [72.78109741210938, 71.85984802246094, 70.33169555664062, 73.39669799804688, 71.21231079101562, 71.91056823730469, 67.3963623046875, 61.19767379760742, 66.31484985351562, 70.60208129882812, 68.32528686523438, 67.83302307128906, 67.89163970947266, 73.23104858398438, 70.32247924804688, 73.42412567138672, 78.46337890625, 73.51507568359375, 71.06637573242188, 63.69993591308594, 63.400936126708984, 71.03355407714844, 70.71981048583984, 71.80181121826172], "16": [68.75586700439453, 69.55314636230469, 71.09581756591797, 69.57807922363281, 70.72306823730469, 69.51009368896484, 68.1754379272461, 62.18453598022461, 62.42109680175781, 63.025569915771484, 63.73141098022461, 63.499332427978516, 64.17410278320312, 63.505733489990234, 63.87279510498047, 64.22110748291016, 63.948177337646484, 63.23178482055664, 64.5796890258789, 62.8531608581543, 63.99504089355469, 69.8081283569336, 71.54228973388672, 71.61106872558594], "17": [73.3642807006836, 71.21125793457031, 69.88957214355469, 69.68173217773438, 70.37744903564453, 70.2645263671875, 68.25439453125, 83.17231750488281, 111.166748046875, 117.57615661621094, 139.4589080810547, 139.60012817382812, 141.32814025878906, 147.58929443359375, 162.79110717773438, 157.69898986816406, 143.51995849609375, 135.4791717529297, 143.1507568359375, 154.45425415039062, 151.4548797607422, 121.54037475585938, 93.31218719482422, 75.8699722290039],