{"2019": {"6": {"1": [72.61570739746094, 82.6964111328125, 86.72362518310547, 80.68852233886719, 74.49991607666016, 75.81407165527344, 74.65185546875, 68.00912475585938, 88.44100952148438, 95.87486267089844, 89.89987182617188, 91.30680847167969, 94.70218658447266, 88.47945404052734, 86.77482604980469, 88.68317413330078, 92.00210571289062, 89.57331848144531, 76.40254974365234, 67.02574920654297, 69.00003051757812, 69.23918151855469, 74.49774169921875, 69.4316177368164], "2": [68.43795776367188, 72.27705383300781, 67.34152221679688, 69.93633270263672, 71.08868408203125, 66.46406555175781, 71.99192810058594, 69.69295501708984, 89.71961212158203, 94.75996398925781, 94.74967956542969, 93.18731689453125, 92.23404693603516, 93.4391860961914, 92.94445037841797, 91.13379669189453, 91.4344482421875, 89.84232330322266, 87.81143188476562, 81.3118896484375, 82.50606536865234, 90.50953674316406, 83.90982818603516, 84.61272430419922], "3": [85.70109558105469, 87.69465637207031, 84.18489074707031, 84.54368591308594, 88.37947082519531, 85.10869598388672, 82.85041809082031, 88.25919342041016, 100.56815338134766, 101.27511596679688, 104.42350006103516, 100.3956527709961, 103.2800521850586, 102.23846435546875, 101.28719329833984, 101.94941711425781, 99.27307891845703, 98.17544555664062, 89.20087432861328, 85.45382690429688, 87.73966979980469, 83.32830810546875, 89.16820526123047, 85.58747100830078], "4": [82.72025299072266, 93.8375244140625, 100.06607818603516, 94.43502044677734, 85.59658813476562, 90.03390502929688, 80.38296508789062, 76.29246520996094, 105.75239562988281, 103.5518798828125, 100.20597076416016, 100.20138549804688, 101.62562561035156, 99.13796997070312, 99.76712799072266, 99.48542022705078, 97.9744644165039, 94.67913818359375, 88.37445068359375, 87.2159423828125, 86.99615478515625, 89.56983184814453, 85.96273803710938, 84.68326568603516], "5": [88.71556091308594, 98.73809051513672, 88.02420043945312, 85.44670104980469, 83.08291625976562, 75.49201202392578, 80.32457733154297, 70.46141052246094, 100.83537292480469, 105.0364990234375, 105.122802734375, 108.26007843017578, 107.26471710205078, 103.51933288574219, 101.40340423583984, 100.42268371582031, 99.8163833618164, 97.26594543457031, 91.21160888671875, 89.19986724853516, 90.03913879394531, 88.94281768798828, 87.2006607055664, 92.52251434326172], "6": [86.5147705078125, 88.22733306884766, 90.302490234375, 82.76224517822266, 84.83582305908203, 86.0298080444336, 76.51400756835938, 76.05229949951172, 85.25630950927734, 88.85762023925781, 88.64981079101562, 86.66193389892578, 85.94493865966797, 85.87360382080078, 85.4077377319336, 85.56561279296875, 78.70132446289062, 75.18199157714844, 73.36479949951172, 75.43791961669922, 71.57893371582031, 70.57392120361328, 77.59122467041016, 71.67938232421875], "7": [75.1351547241211, 90.9419937133789, 86.76229858398438, 80.87493896484375, 83.92501831054688, 79.28731536865234, 80.01449584960938, 74.26542663574219, 84.61524200439453, 87.93523406982422, 89.04122924804688, 88.51070404052734, 83.50971221923828, 81.57699584960938, 78.88859558105469, 78.07135772705078, 75.59992218017578, 70.68445587158203, 69.76387023925781, 69.87454223632812, 71.13992309570312, 68.26921844482422, 70.64173889160156, 64.13241577148438], "8": [73.42675018310547, 88.60637664794922, 84.30609893798828, 77.93632507324219, 76.7321548461914, 71.51013946533203, 80.78316497802734, 72.41488647460938, 70.7934799194336, 69.395751953125, 64.8218765258789, 68.12177276611328, 67.17122650146484, 62.9160270690918, 65.7032470703125, 67.28620147705078, 63.747283935546875, 68.54910278320312, 70.2311019897461, 64.23693084716797, 67.80101013183594, 73.20626831054688, 67.80227661132812, 71.34212493896484], "9": [72.1243667602539, 66.88511657714844, 72.71939086914062, 70.40179443359375, 67.0537338256836, 72.56678009033203, 69.34776306152344, 65.2363052368164, 69.15113830566406, 66.46039581298828, 62.1285400390625, 65.90089416503906, 67.81664276123047, 67.91116333007812, 65.988525390625, 63.36713790893555, 67.87533569335938, 64.34530639648438, 64.02989959716797, 68.19599914550781, 65.0931167602539, 68.64029693603516, 72.1040267944336, 69.12388610839844], "10": [67.71932220458984, 72.94448852539062, 70.014892578125, 67.20008087158203, 67.96426391601562, 71.37828063964844, 68.1442642211914, 64.84663391113281, 70.93136596679688, 76.4412841796875, 83.41764831542969, 86.55382537841797, 83.46031951904297, 83.12788391113281, 85.62574768066406, 85.62833404541016, 80.20903778076172, 76.92450714111328, 77.03298950195312, 76.1990966796875, 74.8820571899414, 71.15599060058594, 75.86524963378906, 71.6237564086914], "11": [76.95166015625, 82.26673889160156, 87.4207534790039, 84.08002471923828, 86.01670837402344, 75.83423614501953, 70.1338119506836, 69.40070343017578, 73.43087005615234, 75.55365753173828, 82.68290710449219, 83.05142974853516, 88.92655181884766, 87.19894409179688, 87.74746704101562, 87.94096374511719, 86.98045349121094, 80.66502380371094, 78.2714614868164, 78.38093566894531, 78.55555725097656, 76.16384887695312, 73.00923919677734, 76.28011322021484], "12": [73.63945007324219, 88.61376190185547, 87.63922119140625, 79.29190826416016, 77.16429901123047, 76.18048095703125, 67.11161041259766, 66.90006256103516, 69.84900665283203, 71.38997650146484, 76.7823715209961, 77.38748931884766, 79.2839126586914, 75.5885009765625, 77.261962890625, 79.40069580078125, 78.44322967529297, 75.7380142211914, 73.48287200927734, 68.83479309082031, 68.47222137451172, 74.82848358154297, 75.02709197998047, 69.65803527832031], "13": [70.38983917236328, 76.71952819824219, 74.92439270019531, 73.3991470336914, 73.47090911865234, 75.261474609375, 68.84405517578125, 65.28411865234375, 71.99260711669922, 75.47959899902344, 80.8603744506836, 83.09247589111328, 88.43806457519531, 93.50090789794922, 90.60333251953125, 89.78804779052734, 88.49925994873047, 85.32186889648438, 83.83566284179688, 86.95455932617188, 83.82046508789062, 78.5501937866211, 82.78036499023438, 82.2138900756836], "14": [78.41972351074219, 89.17416381835938, 88.16871643066406, 86.31234741210938, 83.33554077148438, 75.89850616455078, 70.61815643310547, 71.52266693115234, 74.04579162597656, 73.24514770507812, 82.3364486694336, 82.80406188964844, 80.2821273803711, 82.00695037841797, 82.66375732421875, 79.4923095703125, 79.14212799072266, 74.10318756103516, 71.35882568359375, 70.24024963378906, 72.3021240234375, 67.56327819824219, 68.62847137451172, 73.27124786376953], "15": [67.96514892578125, 81.40050506591797, 83.09368896484375, 77.81830596923828, 81.59490203857422, 76.26831817626953, 69.06173706054688, 69.2803726196289, 71.31836700439453, 64.61266326904297, 67.08888244628906, 67.87097930908203, 65.37481689453125, 63.22966766357422, 67.03944396972656, 66.1912612915039, 63.041168212890625, 66.40856170654297, 68.18213653564453, 65.72639465332031, 63.02513885498047, 70.9789810180664, 72.30142974853516, 67.81356048583984], "16": [71.98432922363281, 72.47273254394531, 66.94123840332031, 72.4696044921875, 70.30518341064453, 67.74988555908203, 70.2061996459961, 67.23515319824219, 65.21240234375, 66.85257720947266, 63.53154373168945, 63.69831848144531, 68.27776336669922, 64.12179565429688, 63.71479034423828, 66.41987609863281, 68.2449722290039, 64.14080810546875, 63.14872360229492, 65.75917053222656, 69.67019653320312, 68.79669952392578, 69.03534698486328, 71.60690307617188], "17": [70.19497680664062, 69.09166717529297, 70.75157928466797, 71.30136108398438, 66.91056823730469, 67.664306640625, 73.09303283691406, 71.12730407714844, 71.00177001953125, 74.50739288330078, 81.74575805664062, 80.0596923828125, 78.299072265625, 81.35784149169922, 84.12702178955078, 84.43675231933594, 83.20651245117188, 74.86302185058594, 75.06346893310547, 74.968017578125, 75.85466766357422, 74.49580383300781, 70.52143859863281, 74.85375213623047],