{"2019": {"6": {"1": [34.42795181274414, 34.02347183227539, 34.17491149902344, 32.221134185791016, 29.342205047607422, 29.747344970703125, 30.107812881469727, 29.98805809020996, 41.13212585449219, 60.734947204589844, 60.36711502075195, 60.40950393676758, 59.95402526855469, 61.41656494140625, 59.681793212890625, 60.112430572509766, 58.10994338989258, 60.62176513671875, 57.4813232421875, 57.956905364990234, 57.70207595825195, 30.505998611450195, 31.92453956604004, 30.339296340942383], "2": [29.457019805908203, 29.205366134643555, 29.083335876464844, 29.21129035949707, 29.290748596191406, 29.11463165283203, 29.141281127929688, 28.836185455322266, 42.066585540771484, 59.44218826293945, 58.74077606201172, 61.53266143798828, 62.23015213012695, 65.8958740234375, 64.25867462158203, 67.17070007324219, 62.558223724365234, 61.384830474853516, 60.36624526977539, 59.93514633178711, 58.307395935058594, 31.69547462463379, 33.07200241088867, 29.338455200195312], "3": [31.030193328857422, 30.517181396484375, 32.144187927246094, 31.385711669921875, 29.446552276611328, 29.075847625732422, 29.14781951904297, 48.289066314697266, 70.39580535888672, 91.22232818603516, 90.06758117675781, 92.82447052001953, 98.50013732910156, 103.10785675048828, 118.57247161865234, 111.90983581542969, 106.4335708618164, 106.15381622314453, 99.68499755859375, 89.92420959472656, 88.44639587402344, 34.06889343261719, 32.0483283996582, 30.533893585205078], "4": [29.087608337402344, 29.348934173583984, 29.14845085144043, 30.99551010131836, 28.993846893310547, 41.74440383911133, 40.17863464355469, 52.705379486083984, 72.13707733154297, 82.86669921875, 85.3948974609375, 90.41889190673828, 90.4424819946289, 88.01454162597656, 109.84294891357422, 104.22882843017578, 98.82231140136719, 94.57799530029297, 92.50210571289062, 71.96949768066406, 68.74247741699219, 33.67207717895508, 33.00642395019531, 34.333885192871094], "5": [33.74424743652344, 32.57578659057617, 30.25619125366211, 28.886472702026367, 28.226970672607422, 28.461477279663086, 27.665054321289062, 38.763458251953125, 62.28535842895508, 85.79766845703125, 87.23513793945312, 85.3945083618164, 88.3856201171875, 88.03278350830078, 84.73441314697266, 84.1419677734375, 83.2607192993164, 81.61941528320312, 78.03218841552734, 68.08307647705078, 65.23233032226562, 30.384571075439453, 28.418851852416992, 29.41227912902832], "6": [28.18219566345215, 32.610443115234375, 32.65237808227539, 32.57261657714844, 47.17000961303711, 45.29545974731445, 45.303009033203125, 52.22114562988281, 72.6968002319336, 83.3756332397461, 86.33944702148438, 90.2795639038086, 89.74754333496094, 88.02629089355469, 86.22975158691406, 88.41030883789062, 84.1109619140625, 81.10687255859375, 77.36512756347656, 68.01316833496094, 67.10912322998047, 28.746286392211914, 28.646257400512695, 28.407005310058594], "7": [28.566953659057617, 33.147953033447266, 47.94993209838867, 47.35295867919922, 46.66581344604492, 46.77864456176758, 46.20232391357422, 54.32493591308594, 74.93302917480469, 99.42488098144531, 98.95953369140625, 107.27392578125, 72.07530212402344, 69.07413482666016, 67.30110931396484, 66.46724700927734, 66.95720672607422, 62.47450256347656, 60.49455261230469, 69.23915100097656, 66.94829559326172, 27.787092208862305, 28.73139190673828, 28.629867553710938], "8": [28.701709747314453, 28.906471252441406, 29.115406036376953, 28.839885711669922, 28.80453109741211, 28.4199275970459, 27.802043914794922, 27.437150955200195, 27.516551971435547, 27.942190170288086, 46.738525390625, 46.59025573730469, 47.02033233642578, 46.6093864440918, 46.129974365234375, 47.709896087646484, 48.08060836791992, 47.42364501953125, 28.353443145751953, 28.08929443359375, 27.76192855834961, 28.30335807800293, 28.554929733276367, 28.713253021240234], "9": [28.578123092651367, 28.962106704711914, 28.54962730407715, 29.264808654785156, 28.823143005371094, 29.026704788208008, 28.09212303161621, 28.129558563232422, 27.686084747314453, 27.59190559387207, 46.453514099121094, 46.473915100097656, 46.342166900634766, 45.490318298339844, 45.00606155395508, 45.456912994384766, 46.014678955078125, 45.162147521972656, 28.25739860534668, 27.772363662719727, 28.39152717590332, 28.739696502685547, 28.758081436157227, 28.714984893798828], "10": [28.678062438964844, 51.56020736694336, 51.94035339355469, 51.658447265625, 51.718685150146484, 51.58443832397461, 50.6442985534668, 72.31422424316406, 81.04557800292969, 92.38619232177734, 90.72393798828125, 104.55290985107422, 104.20130157470703, 101.74596405029297, 100.97330474853516, 82.46836853027344, 81.3551025390625, 79.6343994140625, 76.54653930664062, 55.74129867553711, 53.019378662109375, 31.80231475830078, 32.51432418823242, 32.50091552734375], "11": [33.34215545654297, 32.815773010253906, 33.11848831176758, 32.725669860839844, 32.956661224365234, 32.47376251220703, 31.992237091064453, 64.77276611328125, 76.83309173583984, 82.45278930664062, 82.15953826904297, 83.59033203125, 83.35466003417969, 84.69943237304688, 85.04535675048828, 83.83211517333984, 80.83995819091797, 80.1458511352539, 74.59251403808594, 56.2721061706543, 52.23796081542969, 33.012176513671875, 33.31560134887695, 32.308990478515625], "12": [32.23606872558594, 32.3194694519043, 32.55571746826172, 32.82838821411133, 32.46624755859375, 33.6312255859375, 31.973901748657227, 66.79194641113281, 76.12085723876953, 79.33964538574219, 82.52802276611328, 89.0184326171875, 114.69435119628906, 117.72681427001953, 119.06135559082031, 125.39610290527344, 125.3543930053711, 86.20525360107422, 81.01549530029297, 48.94744873046875, 48.5845832824707, 31.23788833618164, 32.199214935302734, 32.1345100402832], "13": [32.42218780517578, 49.46944046020508, 49.54176330566406, 49.52888107299805, 49.983116149902344, 49.5988655090332, 48.55677032470703, 82.35256958007812, 110.6594009399414, 99.09558868408203, 104.62641143798828, 109.68701171875, 111.3884048461914, 117.24192810058594, 118.34455871582031, 113.49703216552734, 111.9922103881836, 111.13685607910156, 104.92550659179688, 58.34144592285156, 55.149925231933594, 34.467437744140625, 35.579498291015625, 32.94805145263672], "14": [32.52712631225586, 50.94358825683594, 47.47429656982422, 47.62665939331055, 48.399993896484375, 48.03129196166992, 47.350250244140625, 68.25508117675781, 77.54882049560547, 80.69498443603516, 85.42694091796875, 99.07470703125, 98.33963775634766, 110.47671508789062, 100.4268569946289, 102.97496032714844, 100.70137023925781, 98.17093658447266, 94.71028137207031, 56.35647201538086, 53.399227142333984, 34.52195358276367, 34.31566619873047, 34.11361312866211], "15": [33.984920501708984, 32.548179626464844, 32.5580940246582, 29.28156089782715, 29.572141647338867, 29.329648971557617, 29.13904571533203, 29.996599197387695, 29.374523162841797, 30.17462158203125, 49.02854537963867, 48.68510437011719, 48.874183654785156, 49.45592498779297, 50.338523864746094, 47.194862365722656, 47.85165023803711, 46.17033004760742, 29.232749938964844, 29.671297073364258, 28.55406379699707, 28.828405380249023, 31.024524688720703, 30.8544921875], "16": [30.701040267944336, 29.22967529296875, 29.26813507080078, 29.020299911499023, 28.994783401489258, 29.259145736694336, 29.131502151489258, 29.478710174560547, 28.76907730102539, 30.021150588989258, 48.27226257324219, 46.148277282714844, 46.09675216674805, 45.708805084228516, 45.848358154296875, 47.297508239746094, 45.26200866699219, 46.203495025634766, 28.759469985961914, 28.676326751708984, 29.779640197753906, 28.784664154052734, 31.2651309967041, 28.582876205444336],