{"2019": {"6": {"1": [8.804113388061523, 9.101468086242676, 9.024892807006836, 8.67756462097168, 9.115548133850098, 8.731451034545898, 7.873843669891357, 8.026459693908691, 8.540616989135742, 9.169153213500977, 9.393575668334961, 9.784147262573242, 9.840633392333984, 9.855896949768066, 9.826848983764648, 11.717033386230469, 10.195653915405273, 10.575252532958984, 11.170527458190918, 11.271573066711426, 11.518417358398438, 13.01465892791748, 11.007641792297363, 10.481264114379883], "2": [10.32916259765625, 10.30042839050293, 10.315231323242188, 10.296701431274414, 10.479557991027832, 10.42576789855957, 9.483251571655273, 9.361580848693848, 9.856404304504395, 9.558632850646973, 9.989004135131836, 10.828907012939453, 10.615228652954102, 10.332962036132812, 10.186493873596191, 10.603585243225098, 10.317517280578613, 10.170731544494629, 10.262822151184082, 10.042325019836426, 9.825881004333496, 10.6051664352417, 10.412704467773438, 10.675148010253906], "3": [10.439085006713867, 10.448851585388184, 10.554154396057129, 10.258142471313477, 10.746635437011719, 10.69852352142334, 9.739612579345703, 10.279682159423828, 11.814029693603516, 15.398641586303711, 15.602350234985352, 17.218700408935547, 16.42264747619629, 17.953105926513672, 19.977523803710938, 17.869524002075195, 17.612768173217773, 17.37337875366211, 14.484094619750977, 11.28054428100586, 11.211352348327637, 11.518953323364258, 11.15992546081543, 10.940046310424805], "4": [10.385965347290039, 10.75593090057373, 10.267333984375, 10.234013557434082, 10.868511199951172, 9.99671459197998, 7.9462056159973145, 11.948643684387207, 11.87207317352295, 15.706639289855957, 16.915315628051758, 17.1130428314209, 18.230106353759766, 16.220123291015625, 17.745512008666992, 17.01486587524414, 16.851768493652344, 16.345613479614258, 13.959404945373535, 11.10379409790039, 11.051401138305664, 10.847152709960938, 10.771225929260254, 10.20361614227295], "5": [10.03365421295166, 10.201024055480957, 10.25188159942627, 10.023093223571777, 9.872661590576172, 10.355072021484375, 9.894797325134277, 12.98757553100586, 12.198664665222168, 16.3536376953125, 19.397602081298828, 18.777849197387695, 18.103527069091797, 20.3012638092041, 18.116979598999023, 17.31009292602539, 20.743749618530273, 17.51765251159668, 15.419548988342285, 12.465238571166992, 10.679441452026367, 9.983597755432129, 9.654010772705078, 9.735076904296875], "6": [9.516132354736328, 9.707952499389648, 9.151251792907715, 8.742499351501465, 8.396190643310547, 9.17829418182373, 8.38519287109375, 11.858946800231934, 11.862445831298828, 18.100440979003906, 17.58992576599121, 16.305360794067383, 17.693172454833984, 18.691768646240234, 15.349871635437012, 14.434971809387207, 15.36769962310791, 14.478680610656738, 11.463582992553711, 10.155272483825684, 11.540135383605957, 10.501362800598145, 9.800180435180664, 9.15845775604248], "7": [8.862397193908691, 8.89988899230957, 8.880608558654785, 8.876550674438477, 9.106310844421387, 9.320880889892578, 8.776947975158691, 12.434995651245117, 11.187350273132324, 13.459352493286133, 14.116792678833008, 14.333351135253906, 14.684159278869629, 16.404376983642578, 15.62489128112793, 14.82732105255127, 15.486688613891602, 14.464638710021973, 12.804445266723633, 10.00721549987793, 8.969571113586426, 9.700067520141602, 9.59561538696289, 8.576177597045898], "8": [8.569809913635254, 8.501670837402344, 8.483948707580566, 8.515840530395508, 8.596492767333984, 8.71862506866455, 8.225259780883789, 8.27745532989502, 7.986241340637207, 8.398880004882812, 8.884090423583984, 8.289202690124512, 8.377212524414062, 8.3674898147583, 8.542144775390625, 9.1591796875, 8.92522144317627, 8.720819473266602, 9.02525806427002, 9.0018949508667, 8.489887237548828, 8.688608169555664, 8.441763877868652, 8.460675239562988], "9": [8.440938949584961, 8.439018249511719, 8.534159660339355, 8.435434341430664, 8.493986129760742, 8.536120414733887, 8.16800308227539, 8.087411880493164, 8.001870155334473, 8.193039894104004, 8.428464889526367, 8.492904663085938, 7.9674272537231445, 8.485328674316406, 8.359833717346191, 8.275615692138672, 8.998641967773438, 8.930625915527344, 8.9068021774292, 8.89574146270752, 8.381857872009277, 8.95324420928955, 9.07629680633545, 8.883899688720703], "10": [9.001730918884277, 8.653594017028809, 8.561511993408203, 8.653562545776367, 8.431129455566406, 8.512758255004883, 7.763754844665527, 8.204678535461426, 10.95747184753418, 15.180853843688965, 14.376038551330566, 16.385234832763672, 15.104852676391602, 16.053058624267578, 17.208351135253906, 16.229267120361328, 16.138402938842773, 15.877631187438965, 11.414504051208496, 9.03206729888916, 8.425896644592285, 8.977581024169922, 9.250380516052246, 9.143769264221191], "11": [9.267059326171875, 8.898872375488281, 8.893269538879395, 8.761573791503906, 8.900155067443848, 8.995222091674805, 7.879847049713135, 11.712058067321777, 11.224065780639648, 13.086723327636719, 15.043513298034668, 15.346142768859863, 15.216975212097168, 15.723974227905273, 15.81741714477539, 17.789794921875, 15.302469253540039, 15.503649711608887, 12.185914993286133, 9.459087371826172, 9.19694995880127, 9.908099174499512, 10.17617416381836, 10.429931640625], "12": [9.471138000488281, 9.324182510375977, 9.567022323608398, 9.25436782836914, 9.590767860412598, 9.347309112548828, 8.679850578308105, 12.10655403137207, 11.928595542907715, 13.900672912597656, 14.465882301330566, 15.459294319152832, 15.36911392211914, 15.234050750732422, 14.376972198486328, 15.195320129394531, 15.768060684204102, 14.668190002441406, 11.31733512878418, 8.86194133758545, 8.655570030212402, 10.405742645263672, 10.40023422241211, 11.480979919433594], "13": [11.086627960205078, 10.735517501831055, 10.833839416503906, 10.63913345336914, 10.612885475158691, 10.46074390411377, 10.269349098205566, 13.881921768188477, 12.455513954162598, 14.322794914245605, 15.148214340209961, 14.894636154174805, 15.201201438903809, 17.651653289794922, 17.71295738220215, 16.842966079711914, 16.274551391601562, 16.891620635986328, 11.761693000793457, 9.326820373535156, 8.6681547164917, 9.11401653289795, 9.705322265625, 9.536227226257324], "14": [9.16038703918457, 9.129362106323242, 9.364697456359863, 9.024080276489258, 8.897322654724121, 9.051802635192871, 8.801677703857422, 12.3013277053833, 11.041729927062988, 12.865012168884277, 14.466789245605469, 15.209914207458496, 17.477083206176758, 15.657441139221191, 16.444753646850586, 16.7055606842041, 14.700918197631836, 13.654022216796875, 12.147700309753418, 9.299724578857422, 9.035876274108887, 8.757551193237305, 8.543695449829102, 8.976022720336914], "15": [8.830324172973633, 8.983805656433105, 8.797760963439941, 8.452407836914062, 8.622613906860352, 8.624136924743652, 8.525306701660156, 8.088464736938477, 8.067314147949219, 8.3683443069458, 8.818305015563965, 8.76148796081543, 8.51511287689209, 9.287745475769043, 8.594284057617188, 8.754376411437988, 8.741302490234375, 8.778007507324219, 8.18464469909668, 8.163732528686523, 7.972482204437256, 8.495296478271484, 8.887292861938477, 8.819269180297852], "16": [8.60296630859375, 8.556684494018555, 8.488712310791016, 8.360879898071289, 8.157682418823242, 8.25928783416748, 8.014629364013672, 8.062386512756348, 7.87468957901001, 8.236872673034668, 9.174903869628906, 8.904403686523438, 8.843219757080078, 8.79857349395752, 8.668909072875977, 9.676039695739746, 8.744392395019531, 8.92977237701416, 8.0633544921875, 7.985273361206055, 7.815499782562256, 8.540404319763184, 8.637027740478516, 8.642041206359863], "17": [8.778653144836426, 8.558853149414062, 8.594295501708984, 8.382762908935547, 8.489591598510742, 8.330703735351562, 8.010528564453125, 8.732223510742188, 12.6034517288208, 13.750650405883789, 16.380558013916016, 14.470324516296387, 14.335070610046387, 15.142486572265625, 17.810409545898438, 15.196063995361328, 14.997366905212402, 14.364317893981934, 11.699993133544922, 8.759404182434082, 8.437651634216309, 8.846843719482422, 9.171255111694336, 8.847562789916992],