{"2019": {"6": {"1": [2522.027060031891, 2506.9421372413635, 2481.084442138672, 2433.571038722992, 2460.2798867225647, 2539.404296875, 2511.293637752533, 2577.1869480609894, 2655.183547973633, 2684.20418548584, 2601.1633224487305, 2632.589798927307, 2594.7218055725098, 2596.4462099075317, 2592.331117630005, 2540.974594116211, 2502.3346033096313, 2513.718964576721, 2545.1098556518555, 2480.4779081344604, 2563.8554430007935, 2432.533685684204, 2436.0123176574707, 2424.614037513733], "2": [2568.3332839012146, 2437.1719403266907, 2384.523251056671, 2393.726935863495, 2421.0074410438538, 2441.235764026642, 2460.4321637153625, 2474.920178413391, 2615.6012563705444, 2600.9895343780518, 2600.9724082946777, 2596.721573829651, 2646.9982566833496, 2627.998233795166, 2606.7153005599976, 2637.531973838806, 2621.5820598602295, 2570.4806661605835, 2593.174271583557, 2558.0846061706543, 2553.3695945739746, 2521.6490936279297, 2460.3316106796265, 2504.4103059768677], "3": [2404.0748896598816, 2433.5634117126465, 2485.7254343032837, 2458.33052444458, 2398.492130756378, 2437.6897892951965, 2453.202241420746, 2459.4329166412354, 2663.187155723572, 2652.8178997039795, 2673.1081161499023, 2653.719062805176, 2671.202766418457, 2670.633964538574, 2707.5468702316284, 2658.0056476593018, 2674.5751905441284, 2588.7444772720337, 2615.4330501556396, 2655.3499240875244, 2591.5419387817383, 2593.6340794563293, 2606.6655950546265, 2465.0778036117554], "4": [2529.709717273712, 2484.597602367401, 2542.2275733947754, 2496.9615726470947, 2567.221878051758, 2614.785650253296, 2475.1966767311096, 2395.1496591567993, 2564.2961044311523, 2676.5077056884766, 2782.2409200668335, 2708.3628273010254, 2674.9353170394897, 2721.6179523468018, 2711.251049041748, 2699.741449356079, 2675.560140609741, 2602.746723175049, 2611.358352661133, 2588.8951234817505, 2643.8646535873413, 2616.2025289535522, 2604.6906757354736, 2552.4122171401978], "5": [2639.940495491028, 2509.577673435211, 2467.1853342056274, 2511.4076228141785, 2559.444567680359, 2478.901010990143, 2550.010660171509, 2564.437572479248, 2769.7442626953125, 2830.745614051819, 2822.0497884750366, 2711.9635858535767, 2698.3854875564575, 2733.3120250701904, 2720.7491884231567, 2775.7740001678467, 2726.7503004074097, 2686.773814201355, 2617.460241317749, 2638.7865056991577, 2610.616951942444, 2645.289343357086, 2612.5880575180054, 2571.452046394348], "6": [2626.9483122825623, 2549.041181087494, 2565.9381895065308, 2588.6839394569397, 2623.9719109535217, 2624.695324897766, 2516.1404304504395, 2572.999315261841, 2752.4866886138916, 2757.349458694458, 2798.7906227111816, 2760.735948562622, 2764.222653388977, 2714.794835090637, 2709.19487285614, 2704.6366424560547, 2623.3354873657227, 2599.0253896713257, 2592.201994895935, 2603.3255643844604, 2633.1615352630615, 2570.6535329818726, 2619.9023818969727, 2480.9997568130493], "7": [2550.3119072914124, 2447.5484461784363, 2464.211254119873, 2474.1924805641174, 2476.7951159477234, 2532.6931161880493, 2486.9401693344116, 2483.05513381958, 2549.488723754883, 2663.548559188843, 2657.9324493408203, 2666.810489654541, 2656.165915489197, 2723.700147628784, 2693.743173599243, 2702.291995048523, 2619.4265327453613, 2664.3629245758057, 2594.7857303619385, 2626.11349773407, 2586.9943075180054, 2570.688334465027, 2552.526662826538, 2551.7097511291504], "8": [2598.4729080200195, 2538.53111743927, 2484.6603412628174, 2539.6597471237183, 2500.514624595642, 2491.349371910095, 2487.250288963318, 2516.180715560913, 2652.8252115249634, 2672.3855209350586, 2704.350202560425, 2666.84033870697, 2661.766170501709, 2637.4702644348145, 2630.1369304656982, 2658.0243587493896, 2668.0623540878296, 2657.1778440475464, 2610.5260763168335, 2612.373242378235, 2556.078374862671, 2620.0320501327515, 2544.966468811035, 2525.2045755386353], "9": [2590.2695236206055, 2559.167284965515, 2518.888255596161, 2585.057954311371, 2522.8902173042297, 2500.9910311698914, 2536.717303276062, 2488.7171573638916, 2629.480622291565, 2659.687657356262, 2602.800302505493, 2656.323431968689, 2602.092652320862, 2616.5853781700134, 2608.8693771362305, 2616.968783378601, 2634.4415516853333, 2538.465181350708, 2530.7124967575073, 2574.6384801864624, 2619.1591534614563, 2609.2772731781006, 2605.5564336776733, 2571.019239425659], "10": [2488.1792135238647, 2489.4866433143616, 2433.4812636375427, 2420.212688446045, 2436.157901287079, 2502.501235961914, 2466.343759536743, 2543.158775806427, 2661.4907512664795, 2693.6630725860596, 2695.2323818206787, 2730.66792011261, 2663.8381996154785, 2697.781979560852, 2717.6431970596313, 2660.728443145752, 2652.1337671279907, 2662.8238077163696, 2606.911516189575, 2602.3625707626343, 2647.9307403564453, 2656.1760454177856, 2602.0216522216797, 2439.5918922424316], "11": [2550.651204109192, 2482.882371902466, 2429.050171852112, 2457.7454528808594, 2478.6734414100647, 2491.2334537506104, 2500.0483446121216, 2538.224076271057, 2638.22993850708, 2761.720829963684, 2721.3563413619995, 2689.6959142684937, 2697.9424839019775, 2634.259008407593, 2648.3365507125854, 2711.2275972366333, 2660.909490585327, 2609.000648498535, 2641.95396900177, 2648.991662979126, 2647.767003059387, 2635.5104370117188, 2590.6149396896362, 2440.02760887146], "12": [607.0874538421631, 2423.651939868927, 2460.146203994751, 2472.779438495636, 2466.997950553894, 2463.8445358276367, 2467.4911875724792, 2492.5399193763733, 2546.6854524612427, 2536.061884880066, 2670.3435773849487, 2685.897159576416, 2757.707639694214, 2708.745512008667, 2696.489791870117, 2650.1240787506104, 2717.686140060425, 2747.2170085906982, 2650.8272705078125, 2642.159372329712, 2680.52707195282, 2680.2870359420776, 2587.672968864441, 2488.7434997558594], "13": [2552.713164329529, 2449.493577003479, 2443.89417219162, 2417.0835938453674, 2458.1594285964966, 2486.194504737854, 2467.4397959709167, 2518.4444918632507, 2632.9398803710938, 2640.486598968506, 2638.969885826111, 2673.2992639541626, 2676.7236003875732, 2703.5786457061768, 2753.8754920959473, 2682.4399127960205, 2718.3517236709595, 2667.2775373458862, 2672.481924057007, 2653.844084739685, 2637.699203491211, 2637.725606918335, 2544.804433822632, 2440.8981914520264], "14": [2541.4002780914307, 2477.6748456954956, 2525.5188884735107, 2556.816310405731, 2524.692509651184, 2495.5443077087402, 2462.868193626404, 2508.375223636627, 2584.0283284187317, 2567.771122932434, 2711.52179145813, 2683.8624267578125, 2656.225709915161, 2659.2198333740234, 2614.4545154571533, 2616.615960121155, 2641.0118532180786, 2561.9879293441772, 2600.1717109680176, 2604.307562828064, 2605.3874912261963, 2512.0357933044434, 2534.893582344055, 2441.1203413009644], "15": [2562.839240550995, 2503.597732067108, 2482.5052251815796, 2459.593825340271, 2425.805889606476, 2451.228726863861, 2500.6104707717896, 2530.5270648002625, 2586.0018281936646, 2573.0538120269775, 2556.3508834838867, 2600.793577194214, 2567.3688440322876, 2613.522749900818, 2615.7383546829224, 2585.329786300659, 2640.9186239242554, 2640.799609184265, 2582.6952238082886, 2632.176488876343, 1378.5360226631165, 2577.656210899353, 2457.81636428833, 2375.043314933777], "16": [2518.280436038971, 2422.7128462791443, 2384.275764465332, 2370.0820565223694, 2356.193365097046, 2350.564603805542, 2393.4133043289185, 2383.691806793213, 2486.5908756256104, 2454.7899675369263, 2501.1429080963135, 2504.07687664032, 2531.4304933547974, 2509.4411306381226, 2514.2595739364624, 2498.445906639099, 2453.30157661438, 2467.2933893203735, 2382.9714679718018, 2536.7748498916626, 2548.0546827316284, 2428.044246673584, 2386.941626548767, 2393.4199752807617],