{"2019": {"6": {"1": [294.3997802734375, 286.22967529296875, 294.952880859375, 277.6130065917969, 293.7008361816406, 278.4632263183594, 294.2119140625, 299.26202392578125, 310.3465881347656, 304.7961730957031, 322.3644714355469, 314.6977233886719, 318.96728515625, 297.056396484375, 284.8354797363281, 280.69793701171875, 314.6489562988281, 291.6592712402344, 293.98809814453125, 281.5505065917969, 264.0126037597656, 279.9513244628906, 265.8535461425781, 273.69464111328125], "2": [276.51556396484375, 286.8905334472656, 276.9397888183594, 269.8653259277344, 270.2376403808594, 283.9737854003906, 295.41485595703125, 310.0643310546875, 311.77996826171875, 311.4652099609375, 316.2223205566406, 330.1148681640625, 331.0315856933594, 305.8531799316406, 297.8353576660156, 274.1875305175781, 309.0608215332031, 262.2424621582031, 304.84234619140625, 257.7882385253906, 271.54156494140625, 286.5825500488281, 291.1270751953125, 294.16455078125], "3": [270.67529296875, 289.0956726074219, 292.44189453125, 257.9385681152344, 285.53546142578125, 285.37152099609375, 293.99261474609375, 311.09002685546875, 292.5179443359375, 300.29705810546875, 324.86737060546875, 329.39776611328125, 326.3147277832031, 316.0675048828125, 299.4616394042969, 308.7896728515625, 303.823486328125, 287.15069580078125, 300.30218505859375, 292.46844482421875, 275.6054992675781, 286.42156982421875, 289.98565673828125, 290.87591552734375], "4": [284.05633544921875, 294.5639953613281, 290.56884765625, 284.8039855957031, 281.23553466796875, 286.0287780761719, 295.7791442871094, 303.6178894042969, 301.7643737792969, 332.6802062988281, 319.172607421875, 324.4005432128906, 306.692626953125, 312.74444580078125, 285.0554504394531, 274.78887939453125, 295.8224792480469, 293.9244384765625, 282.0276794433594, 267.0422058105469, 272.4739990234375, 278.690673828125, 287.7040710449219, 279.5614929199219], "5": [267.94671630859375, 287.55780029296875, 273.7239685058594, 290.5534362792969, 275.5835266113281, 269.736328125, 298.3076171875, 310.9871826171875, 335.35211181640625, 348.96563720703125, 325.11700439453125, 348.774658203125, 333.2557373046875, 340.361328125, 344.929443359375, 318.099365234375, 318.90203857421875, 294.89483642578125, 300.66925048828125, 293.92840576171875, 291.93194580078125, 300.4798889160156, 298.50177001953125, 309.4903564453125], "6": [301.7603759765625, 299.28021240234375, 297.7951354980469, 290.70794677734375, 294.9750061035156, 298.7605895996094, 306.9953918457031, 312.957763671875, 321.1590576171875, 340.7398376464844, 322.6656799316406, 334.74298095703125, 328.454833984375, 314.90972900390625, 337.08233642578125, 301.16143798828125, 290.1632080078125, 278.6426086425781, 280.3226013183594, 291.3965148925781, 289.27618408203125, 287.76641845703125, 285.47784423828125, 286.2806396484375], "7": [271.8235778808594, 273.7051696777344, 283.87353515625, 293.16656494140625, 280.59869384765625, 275.8551940917969, 295.6736145019531, 307.8490295410156, 341.3081359863281, 337.0212707519531, 322.4710998535156, 344.531982421875, 321.7175598144531, 316.9538269042969, 328.8006896972656, 325.84075927734375, 309.96514892578125, 291.1240539550781, 290.410400390625, 259.732177734375, 261.865966796875, 268.7671203613281, 299.8014221191406, 293.62567138671875], "8": [289.75048828125, 286.6532897949219, 289.37835693359375, 281.9422302246094, 288.41339111328125, 287.8161926269531, 290.76043701171875, 305.5602111816406, 303.91864013671875, 312.35589599609375, 306.86456298828125, 304.81878662109375, 314.3888854980469, 323.2703857421875, 304.04541015625, 294.5527038574219, 288.3940124511719, 284.07763671875, 263.9403381347656, 286.3580627441406, 290.0087585449219, 261.8907775878906, 278.5705261230469, 268.8983154296875], "9": [262.0804138183594, 267.5178527832031, 280.2972412109375, 261.1341247558594, 288.8419189453125, 258.6368713378906, 298.4901428222656, 275.87115478515625, 299.32330322265625, 316.97625732421875, 309.0791015625, 309.60675048828125, 308.3173828125, 308.9466552734375, 318.15252685546875, 297.1484069824219, 273.94219970703125, 300.85589599609375, 278.5899658203125, 251.3332977294922, 305.68145751953125, 276.53765869140625, 277.6445007324219, 276.31805419921875], "10": [287.9725036621094, 270.6302795410156, 258.5257568359375, 290.505859375, 266.5423583984375, 283.6798400878906, 274.9040222167969, 317.3545227050781, 315.4664001464844, 326.12237548828125, 319.4697570800781, 333.827392578125, 301.44964599609375, 318.7721862792969, 312.5933532714844, 311.175048828125, 298.88348388671875, 294.5843811035156, 289.90179443359375, 281.2129211425781, 269.1826171875, 299.9880065917969, 295.046875, 283.2175598144531], "11": [288.38330078125, 265.3746337890625, 277.17608642578125, 281.9861145019531, 268.72430419921875, 289.1943054199219, 286.4695739746094, 300.7831115722656, 322.638916015625, 300.00323486328125, 321.3582763671875, 311.23919677734375, 315.5599060058594, 319.7345886230469, 307.4511413574219, 365.5040283203125, 338.5251159667969, 322.29595947265625, 288.4983825683594, 277.31195068359375, 275.9359436035156, 263.1258544921875, 298.82281494140625, 261.7154541015625], "12": [272.207763671875, 266.0145568847656, 299.1044921875, 261.0346374511719, 292.5464782714844, 287.0231018066406, 281.13885498046875, 317.61810302734375, 335.8610534667969, 315.3550109863281, 324.865966796875, 293.3729248046875, 332.69818115234375, 341.7296142578125, 354.9041748046875, 353.34423828125, 318.2179260253906, 363.03973388671875, 311.68609619140625, 287.3653564453125, 324.2204895019531, 307.4563293457031, 283.1995849609375, 267.0094299316406], "13": [263.0028381347656, 251.34619140625, 286.8490295410156, 256.6090393066406, 270.25750732421875, 285.7310791015625, 294.9435119628906, 312.0648193359375, 313.0137023925781, 291.0199279785156, 272.5584411621094, 305.12823486328125, 301.3981628417969, 325.15496826171875, 274.2969055175781, 352.2318420410156, 320.3436584472656, 343.0541076660156, 310.9036865234375, 275.8780822753906, 230.13372802734375, 246.22035217285156, 251.71556091308594, 231.55567932128906], "14": [229.78977966308594, 225.35000610351562, 223.8229217529297, 223.689208984375, 220.47528076171875, 218.08251953125, 234.10536193847656, 242.6245880126953, 272.5247497558594, 267.10089111328125, 253.8173370361328, 260.8530578613281, 264.6613464355469, 268.3548583984375, 275.57354736328125, 282.84246826171875, 256.47900390625, 233.37152099609375, 240.85702514648438, 227.59104919433594, 232.91851806640625, 231.30502319335938, 217.1355743408203, 229.43678283691406], "15": [219.2117156982422, 218.9018096923828, 218.49916076660156, 217.97274780273438, 226.6095428466797, 218.824951171875, 235.29478454589844, 235.84178161621094, 247.71348571777344, 246.64541625976562, 262.0864562988281, 260.2748107910156, 256.864013671875, 256.86578369140625, 273.7655334472656, 270.5575866699219, 262.01861572265625, 235.5858612060547, 252.5572052001953, 222.15853881835938, 225.34068298339844, 228.9831085205078, 229.76583862304688, 230.96726989746094], "16": [227.31321716308594, 223.0132598876953, 217.29742431640625, 222.41534423828125, 216.9540557861328, 212.80404663085938, 220.5718231201172, 230.97653198242188, 253.2355194091797, 238.8448028564453, 258.6590881347656, 254.15623474121094, 250.18479919433594, 263.89288330078125, 243.86871337890625, 288.3445739746094, 269.103271484375, 261.5472106933594, 262.7855529785156, 232.7352752685547, 238.5794219970703, 223.78675842285156, 228.84402465820312, 230.13612365722656], "17": [231.7779541015625, 223.88510131835938, 219.94505310058594, 223.1871337890625, 219.2125701904297, 219.2609100341797, 229.2502899169922, 245.29486083984375, 274.1141357421875, 262.67950439453125, 264.6184997558594, 267.3907775878906, 335.3356018066406, 366.0786437988281, 358.9556884765625, 382.0761413574219, 339.5208435058594, 326.0729064941406, 308.0075378417969, 293.1180419921875, 288.505126953125, 247.53619384765625, 236.66586303710938, 238.6498565673828],