{"2019": {"6": {"1": [128.39488220214844, 130.5193634033203, 124.16366577148438, 128.8800048828125, 139.13674926757812, 135.1158447265625, 130.8092498779297, 145.6255340576172, 127.89193725585938, 136.10877990722656, 129.0109100341797, 135.7283935546875, 133.26869201660156, 127.76580047607422, 129.1913299560547, 129.4462432861328, 135.28199768066406, 128.0811309814453, 126.58425903320312, 119.82473754882812, 113.0127944946289, 121.2310562133789, 114.27911376953125, 119.72893524169922], "2": [119.41740417480469, 121.58289337158203, 127.6204833984375, 120.259033203125, 121.48321533203125, 127.27057647705078, 127.43339538574219, 121.63497161865234, 119.89681243896484, 127.54332733154297, 123.20319366455078, 121.13777923583984, 119.053466796875, 105.6460952758789, 124.53097534179688, 120.44895935058594, 129.76959228515625, 117.32681274414062, 115.7649154663086, 128.57809448242188, 123.95960235595703, 116.30023193359375, 108.44379425048828, 114.7786636352539], "3": [109.50051879882812, 118.23775482177734, 117.33061981201172, 117.36265563964844, 122.09476470947266, 125.68926239013672, 122.20235443115234, 135.43975830078125, 189.03599548339844, 217.0828857421875, 231.11729431152344, 231.05653381347656, 231.85244750976562, 231.9820098876953, 233.52342224121094, 261.040771484375, 228.02908325195312, 214.81292724609375, 177.4677734375, 143.48983764648438, 131.85256958007812, 139.28643798828125, 133.70553588867188, 147.8699493408203], "4": [141.6514129638672, 141.0930633544922, 126.38726043701172, 129.615478515625, 142.90118408203125, 150.00439453125, 133.1298065185547, 163.1767120361328, 196.10279846191406, 236.86526489257812, 238.22613525390625, 230.14321899414062, 241.4552459716797, 222.01927185058594, 238.69639587402344, 238.6636962890625, 226.50491333007812, 212.3054656982422, 184.25302124023438, 151.1817169189453, 134.13182067871094, 137.41546630859375, 132.9287109375, 152.7317657470703], "5": [128.89219665527344, 124.33574676513672, 123.2715072631836, 132.6136474609375, 133.77256774902344, 126.57696533203125, 127.95604705810547, 147.70030212402344, 199.2516326904297, 222.25735473632812, 252.29718017578125, 277.19622802734375, 252.83444213867188, 253.34774780273438, 261.0505676269531, 272.5258483886719, 254.09054565429688, 216.83090209960938, 186.80064392089844, 142.18870544433594, 128.8596954345703, 149.2421112060547, 146.08004760742188, 154.3689422607422], "6": [136.62518310546875, 136.03948974609375, 135.03732299804688, 137.83602905273438, 136.16983032226562, 133.83798217773438, 138.4828338623047, 159.8986358642578, 198.49081420898438, 209.70033264160156, 247.65890502929688, 256.1149597167969, 274.3894348144531, 235.79861450195312, 247.95225524902344, 243.0885467529297, 233.73558044433594, 211.79827880859375, 194.37095642089844, 161.55270385742188, 144.05796813964844, 157.3728790283203, 150.47970581054688, 163.02027893066406], "7": [137.9124755859375, 138.11672973632812, 143.82846069335938, 149.7354278564453, 153.8951873779297, 152.74850463867188, 147.25941467285156, 156.61354064941406, 203.72113037109375, 219.83497619628906, 251.51422119140625, 265.16375732421875, 252.03945922851562, 234.25962829589844, 251.8228759765625, 248.63226318359375, 237.99197387695312, 202.53236389160156, 167.22457885742188, 138.2809295654297, 125.6397705078125, 141.2132568359375, 152.06304931640625, 152.75328063964844], "8": [135.92568969726562, 137.51409912109375, 137.19110107421875, 149.3657989501953, 143.44503784179688, 147.37158203125, 144.68218994140625, 141.52931213378906, 133.45509338378906, 129.45436096191406, 145.2107391357422, 136.08407592773438, 149.35548400878906, 125.89839172363281, 125.41354370117188, 123.30718994140625, 140.1435546875, 131.5967254638672, 123.83059692382812, 121.89125061035156, 124.82678985595703, 127.98833465576172, 133.39315795898438, 137.91612243652344], "9": [151.8115234375, 134.43450927734375, 129.42518615722656, 132.09788513183594, 144.0766143798828, 141.056396484375, 140.47113037109375, 137.99732971191406, 134.40809631347656, 124.11897277832031, 133.8394775390625, 123.57054901123047, 124.07930755615234, 110.35218048095703, 116.70875549316406, 119.58148193359375, 124.22663879394531, 123.90853881835938, 123.06385040283203, 115.61219787597656, 108.71013641357422, 125.68685913085938, 142.16851806640625, 137.8986358642578], "10": [129.7655792236328, 131.29766845703125, 129.16015625, 132.4638214111328, 131.37721252441406, 135.1162109375, 124.99590301513672, 143.98484802246094, 178.95895385742188, 202.27984619140625, 234.2391357421875, 254.0225830078125, 241.76724243164062, 238.7593994140625, 238.5955352783203, 231.9830322265625, 232.3013153076172, 227.1033477783203, 191.1019287109375, 148.5953826904297, 137.2721405029297, 125.60224914550781, 139.61318969726562, 133.0831756591797], "11": [126.59378814697266, 126.18092346191406, 123.98555755615234, 116.88238525390625, 113.8180923461914, 124.43777465820312, 120.44242858886719, 147.0630340576172, 173.94351196289062, 199.24293518066406, 226.77227783203125, 233.60337829589844, 237.6620330810547, 236.35922241210938, 244.8113555908203, 224.34642028808594, 224.94729614257812, 203.53485107421875, 171.69869995117188, 147.62693786621094, 139.93722534179688, 153.4502716064453, 130.60336303710938, 133.3679962158203], "12": [127.83087158203125, 125.05070495605469, 118.41732788085938, 120.20764923095703, 133.13143920898438, 129.3429718017578, 117.59874725341797, 131.42239379882812, 179.0681915283203, 208.40682983398438, 235.88775634765625, 235.88214111328125, 244.11465454101562, 232.1687469482422, 237.62306213378906, 229.08251953125, 214.7170867919922, 203.60743713378906, 183.3564453125, 151.40524291992188, 138.80093383789062, 144.39064025878906, 140.1364288330078, 129.93052673339844], "13": [117.85005187988281, 118.9427719116211, 120.0361099243164, 123.90406036376953, 125.87799835205078, 128.12518310546875, 119.95890808105469, 137.026611328125, 172.74270629882812, 194.22752380371094, 228.19296264648438, 213.19358825683594, 222.42770385742188, 236.4766387939453, 248.23489379882812, 249.45530700683594, 229.51963806152344, 199.65261840820312, 176.6347198486328, 147.44052124023438, 139.27996826171875, 141.46678161621094, 130.98318481445312, 153.7371063232422], "14": [139.31251525878906, 141.2985076904297, 141.29869079589844, 140.6449432373047, 141.01242065429688, 153.27151489257812, 141.7272186279297, 157.27906799316406, 190.08172607421875, 213.2868194580078, 219.3364715576172, 228.62709045410156, 223.3896484375, 226.8727569580078, 241.0252227783203, 236.82444763183594, 224.5419464111328, 206.91102600097656, 169.77320861816406, 146.24896240234375, 137.7669677734375, 148.14891052246094, 141.9884796142578, 147.65968322753906], "15": [137.47589111328125, 133.38877868652344, 125.80890655517578, 141.9851531982422, 136.6896514892578, 135.1494140625, 131.73507690429688, 131.19024658203125, 138.54690551757812, 135.63330078125, 131.55760192871094, 123.4972915649414, 131.86996459960938, 133.24623107910156, 130.7178192138672, 121.59481811523438, 123.9481430053711, 119.88204956054688, 123.81910705566406, 129.9256134033203, 122.05960845947266, 124.4832763671875, 119.74636840820312, 125.78825378417969], "16": [128.92568969726562, 131.5414276123047, 135.4689483642578, 131.4365997314453, 125.64785766601562, 134.3191375732422, 129.90066528320312, 134.5338592529297, 114.74724578857422, 121.90074157714844, 120.53114318847656, 122.06047821044922, 124.92671966552734, 123.76415252685547, 122.79862976074219, 118.86492919921875, 123.35957336425781, 134.80316162109375, 118.69851684570312, 117.99951934814453, 117.93750762939453, 125.23002624511719, 124.88961791992188, 130.0634002685547],