{"2019": {"6": {"1": [86.22393035888672, 85.46546936035156, 80.65754699707031, 86.39845275878906, 96.95179748535156, 91.75867462158203, 90.2979736328125, 96.06348419189453, 86.93680572509766, 93.56641387939453, 88.47671508789062, 91.66905212402344, 85.4031753540039, 81.58799743652344, 82.6428451538086, 82.01829528808594, 87.22151947021484, 82.47774505615234, 81.42729949951172, 73.26611328125, 68.04751586914062, 81.99226379394531, 77.89335632324219, 81.21691131591797], "2": [82.11914825439453, 83.67913055419922, 90.08087158203125, 82.83790588378906, 85.0546875, 87.3620834350586, 91.20545196533203, 88.17251586914062, 83.8003158569336, 91.90028381347656, 88.90071105957031, 84.66609191894531, 79.21895599365234, 67.95912170410156, 73.93889617919922, 79.7782974243164, 86.57648468017578, 73.8166732788086, 73.94677734375, 84.90164947509766, 82.34085845947266, 73.4715805053711, 72.88249206542969, 82.14958190917969], "3": [77.3382797241211, 86.47402954101562, 82.50418090820312, 85.57160949707031, 89.2270736694336, 92.84769439697266, 90.80537414550781, 106.5175552368164, 131.542724609375, 155.43521118164062, 163.64273071289062, 158.5553436279297, 158.0831298828125, 156.0610809326172, 158.07357788085938, 167.23382568359375, 151.12283325195312, 145.61264038085938, 123.44357299804688, 89.54026794433594, 83.33148193359375, 88.7352066040039, 89.11544036865234, 102.87594604492188], "4": [95.52108001708984, 96.29792022705078, 81.78824615478516, 85.93914794921875, 97.59078979492188, 98.7491226196289, 92.83097076416016, 117.13179779052734, 140.2599639892578, 169.5798797607422, 147.13931274414062, 152.82431030273438, 156.15188598632812, 142.03103637695312, 153.099853515625, 153.4694061279297, 147.42184448242188, 146.10696411132812, 132.08250427246094, 97.22203063964844, 82.309326171875, 85.77450561523438, 85.66964721679688, 106.43366241455078], "5": [83.50096893310547, 77.2260971069336, 77.87078857421875, 86.24317169189453, 89.22480010986328, 83.64403533935547, 85.02395629882812, 103.8416748046875, 137.95985412597656, 156.18899536132812, 163.8871307373047, 178.42665100097656, 160.13172912597656, 167.0452117919922, 176.36582946777344, 183.04364013671875, 172.35292053222656, 153.98707580566406, 133.54721069335938, 95.54472351074219, 85.94053649902344, 100.79505157470703, 100.64555358886719, 110.47660827636719], "6": [92.14515686035156, 91.41017150878906, 88.88131713867188, 94.6360855102539, 92.95055389404297, 89.98004913330078, 97.40222930908203, 116.28401947021484, 141.8248748779297, 149.78160095214844, 169.8780517578125, 164.34390258789062, 161.85684204101562, 159.2645263671875, 169.1903839111328, 170.6536407470703, 166.9020538330078, 147.20281982421875, 139.79751586914062, 107.74018859863281, 92.13865661621094, 108.32244110107422, 104.32263946533203, 118.4131851196289], "7": [92.9310302734375, 92.59028625488281, 99.24150085449219, 104.94303131103516, 111.66390991210938, 109.6747817993164, 105.76863098144531, 115.6575698852539, 147.72598266601562, 161.4376983642578, 180.2250213623047, 182.4642333984375, 173.6343536376953, 156.32557678222656, 156.44227600097656, 158.31594848632812, 157.6007843017578, 138.82675170898438, 115.52142333984375, 89.73970794677734, 77.77040100097656, 93.36959838867188, 107.3509292602539, 106.82183837890625], "8": [91.72032165527344, 88.76732635498047, 93.42799377441406, 104.55348205566406, 98.61952209472656, 103.05037689208984, 102.50392150878906, 100.68074798583984, 92.560302734375, 87.62166595458984, 103.38787841796875, 93.78878784179688, 94.04136657714844, 76.4266128540039, 76.8145751953125, 77.33280944824219, 92.87457275390625, 85.00675201416016, 78.78363800048828, 76.60308074951172, 80.09757995605469, 83.46436309814453, 89.74463653564453, 94.40532684326172], "9": [102.85504150390625, 92.5298080444336, 88.04505157470703, 90.54952239990234, 101.64680480957031, 98.14116668701172, 99.85908508300781, 99.1766128540039, 93.29837799072266, 83.60040283203125, 90.07437133789062, 82.8757095336914, 79.73670959472656, 70.0528793334961, 77.02936553955078, 78.83073425292969, 83.18775939941406, 83.09757995605469, 82.13652038574219, 75.07801818847656, 68.72241973876953, 81.33649444580078, 99.85608673095703, 94.12266540527344], "10": [87.18768310546875, 88.41536712646484, 86.44503784179688, 90.06205749511719, 88.86026763916016, 92.5804672241211, 85.1861343383789, 102.80107116699219, 124.72357940673828, 144.61563110351562, 163.3597412109375, 167.00050354003906, 166.46923828125, 165.00927734375, 161.72840881347656, 154.31817626953125, 150.700439453125, 154.63113403320312, 135.5446014404297, 97.2410659790039, 88.90966033935547, 83.30863952636719, 98.63101196289062, 94.79512023925781], "11": [86.80941772460938, 86.85420227050781, 85.38961029052734, 81.46986389160156, 76.81373596191406, 86.08854675292969, 87.7022705078125, 106.52709197998047, 116.05840301513672, 136.99183654785156, 151.76095581054688, 158.98904418945312, 161.26918029785156, 162.79791259765625, 165.5278778076172, 149.9898681640625, 147.69195556640625, 142.8815155029297, 121.69937133789062, 96.38199615478516, 91.11155700683594, 102.97392272949219, 85.10384368896484, 88.54808044433594], "12": [83.24945068359375, 79.44287872314453, 74.31143188476562, 77.39688110351562, 90.72884368896484, 85.58177185058594, 75.2594985961914, 87.9549560546875, 120.90889739990234, 137.43765258789062, 157.1131134033203, 156.07347106933594, 159.19798278808594, 148.46514892578125, 149.77633666992188, 145.57435607910156, 141.91151428222656, 137.54107666015625, 125.14730834960938, 96.8671646118164, 87.76598358154297, 92.4822769165039, 93.80287170410156, 84.28556060791016], "13": [73.18063354492188, 73.56565856933594, 75.18963623046875, 80.11282348632812, 80.93411254882812, 82.76557922363281, 79.18289947509766, 94.83091735839844, 120.25220489501953, 127.70347595214844, 152.8229522705078, 134.87850952148438, 145.09954833984375, 154.30303955078125, 161.82577514648438, 159.3642120361328, 147.294677734375, 129.0664825439453, 122.16952514648438, 96.8949203491211, 90.2465591430664, 84.140380859375, 77.16783905029297, 102.90322875976562], "14": [86.029541015625, 90.31890106201172, 92.4088134765625, 92.1280288696289, 91.34259796142578, 95.03087615966797, 94.36193084716797, 109.83255004882812, 128.618896484375, 141.7752685546875, 143.50189208984375, 146.50137329101562, 142.45254516601562, 147.36947631835938, 149.66188049316406, 152.1732940673828, 145.42320251464844, 138.01364135742188, 106.05294036865234, 95.65663146972656, 88.82414245605469, 98.2127914428711, 95.58399963378906, 101.07039642333984], "15": [93.52415466308594, 89.05329895019531, 81.34223937988281, 85.44493865966797, 93.00138092041016, 90.40013122558594, 88.87202453613281, 91.25325012207031, 96.59065246582031, 91.914306640625, 86.3685073852539, 80.62861633300781, 86.6226577758789, 85.731689453125, 85.44644165039062, 76.75912475585938, 78.93667602539062, 76.88842010498047, 78.70209503173828, 83.5215835571289, 78.10651397705078, 79.21688079833984, 76.58391571044922, 82.12447357177734], "16": [87.11385345458984, 88.3773422241211, 92.37662506103516, 88.2664794921875, 84.54722595214844, 92.90780639648438, 92.82894134521484, 95.27023315429688, 75.36585235595703, 82.49115753173828, 80.99651336669922, 81.97309112548828, 84.63814544677734, 82.54488372802734, 79.13579559326172, 76.15676879882812, 79.40164947509766, 88.68959045410156, 75.37496185302734, 73.79711151123047, 73.01167297363281, 76.14524841308594, 79.5586929321289, 85.4168472290039], "17": [81.55216979980469, 83.24642181396484, 81.96990966796875, 88.78900909423828, 92.71683502197266, 93.10364532470703, 90.41654205322266, 106.4265365600586, 120.90736389160156, 138.64830017089844, 159.7235107421875, 166.54055786132812, 171.95794677734375, 164.91213989257812, 157.75247192382812, 146.63101196289062, 137.960693359375, 137.16612243652344, 136.71009826660156, 109.41905212402344, 88.72742462158203, 102.29049682617188, 89.879150390625, 100.65338897705078],