{"2019": {"6": {"1": [437.63543701171875, 436.5231018066406, 436.88421630859375, 444.7368469238281, 433.4505615234375, 440.5078430175781, 427.44049072265625, 423.0877380371094, 576.8070068359375, 586.4033813476562, 591.7366943359375, 593.3674926757812, 597.775390625, 603.0083618164062, 597.0519409179688, 623.6962280273438, 606.041259765625, 612.2196655273438, 614.5755004882812, 592.463134765625, 601.7869873046875, 443.9388427734375, 443.677490234375, 441.9711608886719], "2": [430.86004638671875, 430.6731872558594, 439.26629638671875, 441.5150146484375, 439.681884765625, 444.0712585449219, 543.0182495117188, 578.9071655273438, 569.8062133789062, 578.755859375, 587.2509155273438, 584.8131103515625, 607.153076171875, 614.2015380859375, 611.9431762695312, 622.5204467773438, 627.2550048828125, 629.9502563476562, 637.2835693359375, 578.9183959960938, 576.2666015625, 442.1885070800781, 441.8492431640625, 433.171875], "3": [443.6402282714844, 426.37158203125, 430.29620361328125, 439.3930358886719, 431.4595031738281, 450.2843017578125, 552.7471923828125, 582.5185546875, 578.8038940429688, 595.9964599609375, 605.289794921875, 617.2861328125, 629.8311767578125, 638.8534545898438, 626.6091918945312, 634.537353515625, 621.9015502929688, 602.8709106445312, 607.1841430664062, 567.8246459960938, 569.7014770507812, 449.3330078125, 454.18792724609375, 434.0572509765625], "4": [430.4185485839844, 427.8305358886719, 433.883056640625, 440.2250061035156, 435.76214599609375, 431.3372802734375, 428.68328857421875, 416.0019226074219, 144.6083526611328, 622.9612426757812, 640.78173828125, 607.5264282226562, 664.2395629882812, 619.1284790039062, 632.5735473632812, 640.1255493164062, 619.0942993164062, 611.354736328125, 603.930419921875, 558.3325805664062, 575.3987426757812, 441.2418518066406, 440.0242919921875, 441.3755798339844], "5": [431.0884704589844, 441.7870788574219, 426.5090026855469, 452.4255676269531, 443.6210021972656, 427.9571228027344, 445.7950744628906, 438.46295166015625, 468.52587890625, 497.0771789550781, 515.568115234375, 499.5896301269531, 627.45068359375, 622.038330078125, 606.88037109375, 606.2811279296875, 597.3771362304688, 538.4364013671875, 550.5399169921875, 563.9848022460938, 559.016357421875, 443.4435119628906, 447.6151123046875, 440.26690673828125], "6": [439.3165588378906, 431.12347412109375, 423.9136047363281, 424.4629211425781, 433.07305908203125, 437.36077880859375, 424.65301513671875, 425.25372314453125, 477.195068359375, 506.089111328125, 482.0798034667969, 500.57659912109375, 484.7909851074219, 506.69244384765625, 503.13232421875, 506.6676940917969, 514.8547973632812, 510.4835510253906, 481.3572998046875, 469.99090576171875, 442.15936279296875, 456.9633483886719, 447.9788513183594, 452.5912170410156], "7": [439.5174255371094, 443.4277648925781, 430.6468811035156, 420.2481384277344, 417.0262756347656, 436.166748046875, 416.9700927734375, 413.0093078613281, 441.7573547363281, 501.10406494140625, 614.1759033203125, 581.306884765625, 604.5833129882812, 489.35162353515625, 520.1021118164062, 619.4566650390625, 606.9763793945312, 585.1487426757812, 568.0450439453125, 537.2348022460938, 545.2952880859375, 526.61865234375, 504.8138122558594, 449.48291015625], "8": [432.13641357421875, 424.24554443359375, 430.3996276855469, 419.2606201171875, 423.22320556640625, 435.8739013671875, 430.62945556640625, 524.1476440429688, 154.0614471435547, 175.35430908203125, 389.016845703125, 375.0934143066406, 277.5007019042969, 515.8641967773438, 468.5315246582031, 515.112060546875, 502.83917236328125, 500.4473571777344, 500.3518981933594, 495.6701965332031, 492.9796142578125, 497.6123046875, 501.3466796875, 499.0767822265625], "9": [504.9860534667969, 531.842041015625, 518.9426879882812, 497.6269836425781, 506.759033203125, 501.0682678222656, 503.41534423828125, 510.138671875, 498.078125, 517.6485595703125, 522.7108764648438, 512.4036865234375, 497.14801025390625, 500.51934814453125, 503.2240295410156, 508.40826416015625, 508.00482177734375, 513.2055053710938, 504.3806457519531, 476.1152038574219, 464.570068359375, 482.9161376953125, 484.3570556640625, 489.7618713378906], "10": [478.98736572265625, 495.5087890625, 487.5262756347656, 477.1434326171875, 515.11083984375, 506.1981506347656, 504.7589111328125, 515.0700073242188, 561.2423095703125, 586.0020751953125, 581.8001098632812, 626.6792602539062, 614.5951538085938, 602.6831665039062, 647.9075927734375, 621.1710205078125, 621.7694702148438, 612.80859375, 608.5625610351562, 572.7540283203125, 576.774658203125, 579.1074829101562, 565.3856811523438, 580.4816284179688], "11": [563.33056640625, 571.077880859375, 568.194580078125, 551.4450073242188, 569.5884399414062, 548.822998046875, 556.9930419921875, 563.6959228515625, 573.3206787109375, 652.1751098632812, 628.5479125976562, 664.8694458007812, 654.1608276367188, 646.5679931640625, 592.6788940429688, 504.85406494140625, 647.1287231445312, 638.7741088867188, 637.4517822265625, 595.947021484375, 602.2507934570312, 603.3939819335938, 611.5732421875, 596.0074462890625], "12": [598.6058349609375, 594.9262084960938, 597.286376953125, 598.1884765625, 597.396240234375, 588.2559814453125, 592.157958984375, 587.087646484375, 620.1224365234375, 639.0596313476562, 646.3008422851562, 656.771484375, 655.8224487304688, 574.5375366210938, 705.1688842773438, 733.372314453125, 700.7161254882812, 699.4912719726562, 673.0081176757812, 660.1156005859375, 659.3590698242188, 664.8980712890625, 672.41259765625, 658.5726318359375], "13": [646.5939331054688, 656.4846801757812, 652.1915893554688, 649.5573120117188, 638.6467895507812, 644.23193359375, 598.0528564453125, 576.8261108398438, 612.4611206054688, 635.5531005859375, 678.8320922851562, 681.3668212890625, 690.2224731445312, 719.9149780273438, 739.7149047851562, 698.42724609375, 697.6493530273438, 690.166015625, 684.459228515625, 642.6829833984375, 623.388916015625, 529.24365234375, 569.2655639648438, 572.0155639648438], "14": [561.7304077148438, 559.8895263671875, 493.4171447753906, 539.5510864257812, 523.8421630859375, 468.2013854980469, 451.56243896484375, 516.075927734375, 562.8724975585938, 576.9088745117188, 622.1801147460938, 701.6174926757812, 572.444091796875, 698.0068359375, 683.049560546875, 668.9640502929688, 659.0946044921875, 652.2340087890625, 650.7867431640625, 618.7002563476562, 621.2882690429688, 546.8729858398438, 579.7455444335938, 575.1278686523438], "15": [569.8799438476562, 574.510009765625, 562.4618530273438, 453.07904052734375, 536.3234252929688, 572.8451538085938, 615.6802978515625, 464.3117980957031, 572.9248657226562, 568.9384765625, 615.9445190429688, 602.6629028320312, 628.3131103515625, 619.0918579101562, 625.9298095703125, 612.2127685546875, 614.712646484375, 612.4852905273438, 604.3844604492188, 613.3096923828125, 613.6160278320312, 532.04638671875, 571.7909545898438, 562.197998046875], "16": [564.2061157226562, 566.0291137695312, 569.4240112304688, 442.3115539550781, 450.6341552734375, 487.31298828125, 516.4830322265625, 534.4530639648438, 539.7069091796875, 576.186279296875, 629.8063354492188, 609.8423461914062, 622.8589477539062, 634.3389282226562, 623.48681640625, 610.7444458007812, 613.0054931640625, 619.9293212890625, 622.2237548828125, 602.67333984375, 618.8909912109375, 525.091796875, 561.69873046875, 566.3508911132812], "17": [568.5101318359375, 556.8070068359375, 569.1218872070312, 561.0059814453125, 530.6788940429688, 538.3173828125, 464.5570068359375, 530.5471801757812, 565.0892944335938, 610.696044921875, 639.7020874023438, 644.6094970703125, 682.5799560546875, 682.4271240234375, 703.9887084960938, 693.6947021484375, 686.4086303710938, 679.9036254882812, 654.8756713867188, 634.8120727539062, 636.7664794921875, 519.3544921875, 577.6371459960938, 563.2843627929688],