{"2019": {"6": {"1": [86.30061721801758, 84.83503913879395, 84.14467334747314, 86.69162368774414, 87.90247249603271, 85.07935619354248, 79.10131549835205, 78.55998706817627, 122.87185668945312, 141.01456451416016, 169.14016342163086, 212.6170425415039, 218.4976577758789, 219.9848175048828, 218.7899169921875, 228.34051513671875, 251.45245361328125, 186.30508041381836, 171.8076410293579, 130.47486209869385, 145.5020055770874, 147.19756031036377, 119.44311237335205, 136.85640716552734], "2": [136.22532272338867, 128.85094833374023, 99.74372863769531, 84.20008659362793, 85.40108680725098, 84.9683256149292, 76.0005874633789, 71.20416927337646, 83.70294857025146, 84.65985584259033, 97.39760112762451, 84.19521617889404, 100.882248878479, 110.1453275680542, 120.76186561584473, 141.56841945648193, 112.4600601196289, 102.76721096038818, 118.29059886932373, 118.27716064453125, 129.3602066040039, 107.27918243408203, 126.05370235443115, 97.04222106933594], "3": [77.93085384368896, 77.28622055053711, 85.8671703338623, 84.01348209381104, 84.0852575302124, 82.85787391662598, 74.81591129302979, 81.06618309020996, 140.50361442565918, 161.3962173461914, 179.72128295898438, 185.1043472290039, 194.37786865234375, 201.64087677001953, 210.1039276123047, 208.33124542236328, 226.82986450195312, 244.03070068359375, 250.1070785522461, 195.5854377746582, 134.4057378768921, 104.00061988830566, 103.6013412475586, 133.5116491317749], "4": [96.46585845947266, 88.00542068481445, 85.66558456420898, 87.07329845428467, 87.56387615203857, 86.24035167694092, 76.68466186523438, 80.911208152771, 103.9265546798706, 131.99991607666016, 140.9030647277832, 128.4813995361328, 140.95872116088867, 153.37807846069336, 152.19600677490234, 192.08623886108398, 144.1350555419922, 183.26258087158203, 217.5088119506836, 216.7997055053711, 178.13146209716797, 182.5808334350586, 175.32096099853516, 145.6637258529663], "5": [89.69388580322266, 88.19614124298096, 87.43686962127686, 88.99007987976074, 88.52504062652588, 87.32318592071533, 79.44294834136963, 83.47650241851807, 140.7640266418457, 164.98477935791016, 164.04576873779297, 175.00031280517578, 226.98126220703125, 221.73748779296875, 170.7035369873047, 189.7754669189453, 197.80677032470703, 184.55551147460938, 179.60305786132812, 181.28656005859375, 119.47242259979248, 114.88068199157715, 112.82499599456787, 104.38437175750732], "6": [88.85608005523682, 91.58535480499268, 89.41111660003662, 90.04489421844482, 90.75725269317627, 90.55294513702393, 82.11887550354004, 86.0190544128418, 97.7750415802002, 113.01069259643555, 150.76538848876953, 114.9738597869873, 141.61835479736328, 150.07415771484375, 171.03758239746094, 152.67986297607422, 153.99486541748047, 170.60858917236328, 172.41950607299805, 162.0422248840332, 122.3448486328125, 117.97835159301758, 179.56214904785156, 144.26421546936035], "7": [193.0934295654297, 189.1625747680664, 100.9082088470459, 100.67199420928955, 98.73160743713379, 98.40710639953613, 91.63145446777344, 93.98142433166504, 109.32269954681396, 127.13012504577637, 192.3766975402832, 146.2022933959961, 165.9344024658203, 200.057373046875, 238.8005828857422, 264.52404022216797, 268.6834411621094, 277.0308380126953, 281.64013671875, 282.548095703125, 204.05929565429688, 172.60883235931396, 135.04789543151855, 135.22417068481445], "8": [112.55599212646484, 111.7628583908081, 102.15457153320312, 102.29649257659912, 103.53329849243164, 103.1512279510498, 92.89601802825928, 96.28358936309814, 110.45324039459229, 169.47332000732422, 177.85274505615234, 240.5848846435547, 233.3422393798828, 244.2410125732422, 232.52696990966797, 263.0356979370117, 267.4861602783203, 185.23498344421387, 149.0692892074585, 157.36419773101807, 118.39534759521484, 119.68727397918701, 119.71206188201904, 160.76198768615723], "9": [112.358811378479, 104.17336845397949, 97.88771057128906, 99.41982460021973, 99.23625946044922, 98.99181461334229, 90.82430458068848, 92.42117214202881, 118.2520866394043, 137.59721755981445, 153.74274826049805, 191.55104064941406, 204.88428497314453, 223.00863647460938, 259.59075927734375, 271.0239944458008, 269.49788665771484, 200.88561630249023, 162.76495933532715, 169.9657621383667, 122.51848602294922, 120.36675357818604, 125.53414249420166, 125.50137710571289], "10": [104.63514709472656, 104.5546875, 98.96789741516113, 98.13574409484863, 97.02229404449463, 97.34437274932861, 91.7912073135376, 92.86091995239258, 145.49321746826172, 155.73873138427734, 136.49784469604492, 155.46696090698242, 181.90302276611328, 156.81344985961914, 172.58475875854492, 156.95507049560547, 176.60287475585938, 209.36841583251953, 214.58939361572266, 181.8022689819336, 169.5304069519043, 180.52336502075195, 196.2787322998047, 182.57534790039062], "11": [114.1211166381836, 110.89362716674805, 76.3150577545166, 85.8345718383789, 87.60084629058838, 89.2071008682251, 78.10915470123291, 70.09131336212158, 135.20339965820312, 156.72920989990234, 190.78004455566406, 192.7951889038086, 226.9049072265625, 227.57024383544922, 245.3614730834961, 253.6526641845703, 257.8775100708008, 241.5023956298828, 188.40859603881836, 169.95944213867188, 148.0296688079834, 142.03045654296875, 144.93192386627197, 181.0709342956543], "12": [93.53790092468262, 90.97306728363037, 80.7375898361206, 80.69380855560303, 79.5317964553833, 79.42143535614014, 73.64195156097412, 74.09854888916016, 110.7732286453247, 111.04548168182373, 131.5205430984497, 192.66651916503906, 167.41791915893555, 172.0986442565918, 185.43402862548828, 243.1410140991211, 185.03319549560547, 260.4952392578125, 291.10218811035156, 275.39991760253906, 258.9249725341797, 288.3072509765625, 302.9411315917969, 232.08816146850586], "13": [80.09204769134521, 83.05902862548828, 83.71346282958984, 83.4699878692627, 82.52052021026611, 83.56865119934082, 73.27748680114746, 122.65253448486328, 174.91869735717773, 186.69625854492188, 198.96369171142578, 219.24359893798828, 219.51632690429688, 236.7980194091797, 264.2227478027344, 263.3021545410156, 250.9552764892578, 256.7377014160156, 291.68297576904297, 259.48499298095703, 229.05750274658203, 225.60579681396484, 184.49109077453613, 140.04684829711914], "14": [84.61690139770508, 82.96978378295898, 85.59411430358887, 85.85860919952393, 85.86030960083008, 86.23033809661865, 78.29403495788574, 78.55239963531494, 89.83305263519287, 92.11265754699707, 99.18801498413086, 133.10137176513672, 166.69583892822266, 178.51799774169922, 174.56782913208008, 210.71879196166992, 211.64817810058594, 220.503173828125, 234.03140258789062, 205.46951293945312, 218.01265716552734, 208.5092010498047, 123.57532119750977, 121.8457498550415], "15": [90.07667827606201, 90.52265071868896, 87.13865184783936, 84.54259395599365, 84.46274375915527, 84.69161987304688, 75.6749038696289, 76.49334144592285, 89.78999042510986, 173.5301284790039, 208.36505126953125, 210.257568359375, 237.18744659423828, 234.30109405517578, 239.98546600341797, 276.71263122558594, 282.7957077026367, 187.89144134521484, 180.62517929077148, 183.40289688110352, 174.65777969360352, 205.77325248718262, 134.41440296173096, 111.17749691009521], "16": [75.24060249328613, 75.12676334381104, 75.64452934265137, 76.07879543304443, 75.3748607635498, 76.57180404663086, 65.42085838317871, 65.82561779022217, 80.27834033966064, 79.99591255187988, 75.25077533721924, 83.92549991607666, 113.4744062423706, 83.73147583007812, 142.0831537246704, 89.12361717224121, 108.54160976409912, 117.687087059021, 115.85528945922852, 148.55704402923584, 85.39874649047852, 111.04270267486572, 122.24031734466553, 142.63305473327637],