{"2019": {"6": {"1": [31.337108612060547, 33.333553314208984, 30.786624908447266, 27.912799835205078, 23.244260787963867, 36.65885543823242, 33.273136138916016, 22.293855667114258, 29.26896095275879, 23.234189987182617, 18.287349700927734, 18.3708438873291, 19.966577529907227, 16.499975204467773, 24.750324249267578, 28.44313621520996, 30.191158294677734, 28.126426696777344, 47.0451774597168, 37.2669677734375, 33.50986862182617, 33.452396392822266, 35.16618347167969, 32.94084548950195], "2": [39.15693664550781, 46.78445053100586, 38.36412811279297, 25.88396644592285, 23.320878982543945, 26.13075065612793, 26.300443649291992, 25.89297103881836, 23.95738410949707, 23.745939254760742, 19.368532180786133, 19.0823974609375, 18.33800506591797, 16.767417907714844, 25.66862678527832, 28.688377380371094, 25.777616500854492, 27.45993995666504, 43.52837371826172, 37.645755767822266, 33.37643814086914, 32.405517578125, 37.913326263427734, 33.50166702270508], "3": [41.17559814453125, 43.45698165893555, 30.932395935058594, 23.73259162902832, 29.12052345275879, 28.927165985107422, 20.720151901245117, 25.259963989257812, 23.46704864501953, 19.80360984802246, 25.105833053588867, 19.12636375427246, 19.384098052978516, 17.156497955322266, 28.13629913330078, 27.960500717163086, 35.55951690673828, 33.324951171875, 30.392650604248047, 40.60171127319336, 52.33024215698242, 41.587738037109375, 41.76951217651367, 37.515769958496094], "4": [31.16672706604004, 35.55561828613281, 33.22916030883789, 39.428016662597656, 25.583051681518555, 23.56081771850586, 25.55027961730957, 20.13129997253418, 23.160615921020508, 17.83285903930664, 20.42767333984375, 18.211950302124023, 19.64000701904297, 17.860471725463867, 26.80330467224121, 25.61833953857422, 27.914846420288086, 31.92879295349121, 30.947847366333008, 47.82864761352539, 49.66257858276367, 50.13127517700195, 48.08620834350586, 42.267520904541016], "5": [39.42830276489258, 39.091163635253906, 38.89900207519531, 22.5340633392334, 27.909515380859375, 34.55239486694336, 29.688020706176758, 29.259960174560547, 30.083776473999023, 20.536840438842773, 18.972991943359375, 18.86007308959961, 18.78213119506836, 17.230409622192383, 35.4123649597168, 30.0557861328125, 31.846445083618164, 28.318248748779297, 42.99879455566406, 40.48810577392578, 39.242088317871094, 37.062808990478516, 42.58746337890625, 41.465423583984375], "6": [35.795921325683594, 37.43009948730469, 32.34504699707031, 25.540725708007812, 27.71731185913086, 22.001428604125977, 22.78492546081543, 22.60712242126465, 23.518352508544922, 18.83245849609375, 18.228973388671875, 20.299823760986328, 21.42688751220703, 16.596839904785156, 29.649612426757812, 29.315929412841797, 32.11426544189453, 28.113662719726562, 30.277551651000977, 30.605867385864258, 45.765132904052734, 55.10175323486328, 34.941593170166016, 38.18152618408203], "7": [31.39314842224121, 33.942848205566406, 33.17109680175781, 33.21338653564453, 30.28706169128418, 25.533124923706055, 20.961767196655273, 23.5476131439209, 22.000757217407227, 18.77061653137207, 18.97054672241211, 17.665998458862305, 19.97563362121582, 20.332599639892578, 30.899938583374023, 33.16748809814453, 32.01012420654297, 29.8470401763916, 33.93531799316406, 36.01836013793945, 44.51546859741211, 33.69603729248047, 37.69011306762695, 36.41189193725586], "8": [34.008419036865234, 34.26320266723633, 27.25528335571289, 21.032207489013672, 29.238805770874023, 19.985498428344727, 21.211231231689453, 22.65983009338379, 23.081932067871094, 17.848478317260742, 18.86467933654785, 18.79875373840332, 17.84296417236328, 19.16568946838379, 25.08426856994629, 24.71173095703125, 25.792001724243164, 25.62649917602539, 35.09750747680664, 26.8220272064209, 26.41691780090332, 27.406333923339844, 30.0189266204834, 30.280319213867188], "9": [26.671674728393555, 32.819400787353516, 28.686330795288086, 31.45979118347168, 20.647441864013672, 19.76325035095215, 19.573427200317383, 18.816497802734375, 18.243350982666016, 18.732519149780273, 18.24542808532715, 17.51712417602539, 18.644304275512695, 19.220552444458008, 25.631235122680664, 25.323505401611328, 26.36165428161621, 41.99565124511719, 34.740379333496094, 32.77714157104492, 28.197956085205078, 27.387826919555664, 23.30852508544922, 33.562984466552734], "10": [30.374624252319336, 28.875324249267578, 33.466087341308594, 31.20793914794922, 18.59371566772461, 20.24308204650879, 35.96171569824219, 23.77918243408203, 20.197324752807617, 24.8747501373291, 17.942798614501953, 18.330839157104492, 19.519105911254883, 16.790388107299805, 32.2391357421875, 34.06644058227539, 26.409685134887695, 47.483577728271484, 35.70222091674805, 37.671897888183594, 35.798675537109375, 36.52020263671875, 32.69297409057617, 34.28650665283203], "11": [43.27919006347656, 45.96163558959961, 43.229248046875, 25.782962799072266, 22.200294494628906, 22.83388900756836, 28.23564910888672, 26.936372756958008, 26.663530349731445, 19.4663143157959, 18.015317916870117, 17.860471725463867, 18.040584564208984, 16.703153610229492, 28.229524612426758, 27.7716007232666, 31.218677520751953, 46.09357452392578, 44.18684768676758, 47.795166015625, 38.341251373291016, 39.1347770690918, 41.94808578491211, 40.10934066772461], "12": [28.586246490478516, 35.33039474487305, 35.103336334228516, 28.392168045043945, 39.27621078491211, 29.596689224243164, 24.148832321166992, 31.167909622192383, 29.269424438476562, 23.917320251464844, 19.591655731201172, 24.5145320892334, 23.150920867919922, 18.043909072875977, 38.011444091796875, 36.04342269897461, 35.19426345825195, 44.6822624206543, 51.950313568115234, 53.4052848815918, 52.210968017578125, 44.737911224365234, 50.54897689819336, 41.21875762939453], "13": [45.06520080566406, 47.134605407714844, 44.623207092285156, 29.952648162841797, 29.209457397460938, 29.071292877197266, 24.218517303466797, 33.320472717285156, 28.731199264526367, 20.225679397583008, 26.011873245239258, 22.09503746032715, 18.984956741333008, 20.958087921142578, 30.6657772064209, 32.32851028442383, 35.09294891357422, 32.497859954833984, 32.31731033325195, 33.7825813293457, 41.44813919067383, 41.17982482910156, 51.695960998535156, 44.885398864746094], "14": [38.43092346191406, 38.57065200805664, 33.08489227294922, 34.574031829833984, 31.255401611328125, 26.75858497619629, 24.91439437866211, 28.309574127197266, 29.14006233215332, 19.874574661254883, 18.48184585571289, 18.73444366455078, 19.1351318359375, 18.89541244506836, 28.222511291503906, 37.037132263183594, 29.322895050048828, 44.02164077758789, 36.57868194580078, 40.8850212097168, 35.95758056640625, 29.398509979248047, 32.21833419799805, 31.112024307250977], "15": [34.57815170288086, 28.71084213256836, 30.4693546295166, 25.956825256347656, 23.888029098510742, 24.03944969177246, 25.497364044189453, 20.302644729614258, 24.962175369262695, 19.8518123626709, 19.434532165527344, 18.540592193603516, 18.812036514282227, 21.36488151550293, 26.47696304321289, 26.02971076965332, 43.83266830444336, 36.230690002441406, 36.68738555908203, 30.5186824798584, 35.18894577026367, 44.38892364501953, 33.71595001220703, 40.05441665649414], "16": [37.81441879272461, 35.14303970336914, 34.25215148925781, 33.62297439575195, 27.1837215423584, 26.223583221435547, 19.350793838500977, 23.805234909057617, 18.584226608276367, 22.058820724487305, 19.037471771240234, 18.463926315307617, 18.629064559936523, 17.537599563598633, 28.714797973632812, 32.94364929199219, 26.021221160888672, 38.308162689208984, 31.38306999206543, 28.671859741210938, 29.12223243713379, 31.454164505004883, 33.20977783203125, 30.441041946411133],