{"2019": {"6": {"1": [100.77091217041016, 106.85660552978516, 96.05562591552734, 95.9945068359375, 96.55504608154297, 97.90850830078125, 104.50811767578125, 137.66403198242188, 132.71707153320312, 132.42062377929688, 133.7992401123047, 134.90338134765625, 131.7272491455078, 133.40853881835938, 132.37411499023438, 132.38241577148438, 134.7266845703125, 134.30874633789062, 134.2235565185547, 133.80130004882812, 134.0550079345703, 132.1306915283203, 97.34493255615234, 97.05877685546875], "2": [101.59439849853516, 101.25234985351562, 96.49895477294922, 95.09193420410156, 96.39751434326172, 100.97679901123047, 96.00342559814453, 131.48049926757812, 130.69082641601562, 135.10467529296875, 135.28163146972656, 135.6981964111328, 136.15597534179688, 134.3126678466797, 133.59185791015625, 135.05360412597656, 136.62139892578125, 134.69039916992188, 136.37852478027344, 132.83018493652344, 130.692626953125, 132.3368682861328, 97.20142364501953, 97.786376953125], "3": [99.73297119140625, 99.80288696289062, 99.28936004638672, 97.16217803955078, 99.53541564941406, 97.1197509765625, 94.86050415039062, 135.93809509277344, 143.432861328125, 148.85543823242188, 148.8265838623047, 170.23260498046875, 167.83306884765625, 168.83201599121094, 163.79400634765625, 160.58018493652344, 147.44602966308594, 140.4281005859375, 140.64735412597656, 141.91781616210938, 141.6868438720703, 133.35610961914062, 101.43438720703125, 99.9512710571289], "4": [96.6378173828125, 102.24126434326172, 99.46432495117188, 95.28837585449219, 99.5259780883789, 99.23872375488281, 92.65643310546875, 132.71995544433594, 143.8311767578125, 144.00289916992188, 149.9929656982422, 149.82571411132812, 150.855712890625, 154.58822631835938, 152.72520446777344, 161.32908630371094, 160.66592407226562, 155.36328125, 144.6091766357422, 143.39996337890625, 140.41421508789062, 137.15960693359375, 105.7872085571289, 107.82806396484375], "5": [106.63903045654297, 101.7087173461914, 96.96095275878906, 96.03948974609375, 99.94883728027344, 99.52342987060547, 99.11107635498047, 137.50820922851562, 146.95925903320312, 147.2376708984375, 149.58950805664062, 146.88169860839844, 145.60482788085938, 150.74183654785156, 147.55874633789062, 141.9834747314453, 141.8568878173828, 134.24002075195312, 133.3522186279297, 132.81175231933594, 135.69839477539062, 131.4503173828125, 100.2654800415039, 103.06210327148438], "6": [107.56267547607422, 108.77166748046875, 103.8112564086914, 104.0772933959961, 97.70584869384766, 97.1280288696289, 104.24823760986328, 133.9060516357422, 141.3300323486328, 148.5327911376953, 159.25579833984375, 155.71990966796875, 154.8124237060547, 153.84930419921875, 154.3520965576172, 150.01235961914062, 152.82826232910156, 146.26734924316406, 143.3619842529297, 137.9894561767578, 141.939208984375, 137.93777465820312, 106.49724578857422, 103.66532897949219], "7": [105.24844360351562, 104.38123321533203, 101.9268569946289, 100.72437286376953, 101.75281524658203, 101.66356658935547, 94.53791809082031, 138.75880432128906, 141.12564086914062, 145.250244140625, 152.17091369628906, 158.87318420410156, 147.2792205810547, 148.14691162109375, 149.25498962402344, 153.3605194091797, 160.05548095703125, 153.1446990966797, 137.81768798828125, 142.48826599121094, 142.69189453125, 133.02139282226562, 100.4864730834961, 98.98741149902344], "8": [101.05052947998047, 107.15052032470703, 101.08230590820312, 103.53062438964844, 101.90739440917969, 103.43537139892578, 101.92041778564453, 137.9759521484375, 136.42892456054688, 130.89222717285156, 132.7273712158203, 134.07789611816406, 132.57666015625, 135.20162963867188, 134.3841552734375, 133.57864379882812, 135.06381225585938, 135.5911102294922, 135.90945434570312, 131.8798370361328, 135.73812866210938, 132.7602081298828, 99.6716079711914, 99.61483001708984], "9": [94.93296813964844, 98.53636932373047, 98.29307556152344, 103.59618377685547, 98.36522674560547, 103.08438110351562, 98.83778381347656, 134.48818969726562, 138.63075256347656, 137.13865661621094, 131.11880493164062, 137.0189208984375, 136.27076721191406, 135.89962768554688, 135.95616149902344, 133.23651123046875, 133.6082763671875, 132.2352752685547, 133.04718017578125, 136.19017028808594, 135.9859619140625, 132.2346649169922, 95.94548797607422, 94.4154281616211], "10": [95.91654205322266, 93.7819595336914, 95.10718536376953, 95.94568634033203, 100.13128662109375, 95.31427764892578, 93.41952514648438, 130.05621337890625, 133.37344360351562, 145.81748962402344, 151.03135681152344, 153.0172119140625, 152.78665161132812, 154.25399780273438, 154.13165283203125, 151.2643585205078, 147.8687744140625, 140.34222412109375, 137.90309143066406, 140.1183319091797, 136.1158905029297, 134.49708557128906, 107.60445404052734, 104.59640502929688], "11": [102.38633728027344, 96.70147705078125, 98.6406021118164, 94.62749481201172, 93.28492736816406, 93.5691146850586, 94.1177749633789, 129.92965698242188, 128.061767578125, 138.1802215576172, 152.62527465820312, 153.16404724121094, 154.64883422851562, 158.80050659179688, 156.8166961669922, 155.51840209960938, 150.9553680419922, 146.04017639160156, 138.3968505859375, 142.4270782470703, 138.65469360351562, 132.13963317871094, 102.83734130859375, 101.34622955322266], "12": [99.51014709472656, 104.70594024658203, 94.36329650878906, 97.1296157836914, 99.98432159423828, 92.03730773925781, 95.45060729980469, 135.66366577148438, 138.84706115722656, 144.16189575195312, 152.42257690429688, 159.13433837890625, 166.84715270996094, 160.16940307617188, 148.68502807617188, 155.18150329589844, 163.46543884277344, 152.46929931640625, 143.10989379882812, 144.18211364746094, 142.7361602783203, 140.10714721679688, 99.52030944824219, 103.3348388671875], "13": [103.06494903564453, 104.90306091308594, 99.70256805419922, 101.79267883300781, 99.47089385986328, 98.2964096069336, 99.05204010009766, 131.1874542236328, 140.793701171875, 148.1631317138672, 152.5886993408203, 155.0538330078125, 165.0254669189453, 168.59593200683594, 164.0023956298828, 159.52471923828125, 161.62913513183594, 149.96424865722656, 138.37283325195312, 140.8726806640625, 138.939453125, 135.97955322265625, 103.40961456298828, 96.43193054199219], "14": [102.36184692382812, 97.0082015991211, 92.81285858154297, 97.98009490966797, 99.1573715209961, 96.72393798828125, 92.63360595703125, 133.3505401611328, 136.4813690185547, 140.7856903076172, 149.038818359375, 157.7993927001953, 157.16481018066406, 156.40357971191406, 146.94581604003906, 158.7595672607422, 160.58299255371094, 145.51727294921875, 144.6903076171875, 133.4264373779297, 134.69171142578125, 129.41358947753906, 101.58493041992188, 97.30451202392578], "15": [101.23656463623047, 98.869140625, 95.6934814453125, 93.02425384521484, 93.16156005859375, 94.59551239013672, 92.77521514892578, 124.02960968017578, 126.81121826171875, 124.24711608886719, 127.0747299194336, 126.14012908935547, 126.78060150146484, 127.47228240966797, 127.29210662841797, 128.31056213378906, 128.43759155273438, 128.2788848876953, 127.63198852539062, 127.82984161376953, 126.35846710205078, 122.38699340820312, 93.61692810058594, 89.7051010131836], "16": [93.88831329345703, 94.25164794921875, 88.65241241455078, 89.3018569946289, 92.3379135131836, 90.63135528564453, 93.40196990966797, 131.195556640625, 123.93001556396484, 128.26553344726562, 128.08993530273438, 126.34326171875, 123.11719512939453, 123.92999267578125, 127.39926147460938, 127.1860580444336, 125.1457290649414, 124.21700286865234, 128.72735595703125, 125.60112762451172, 126.03081512451172, 123.6484146118164, 95.353515625, 88.3653793334961],