{"2019": {"6": {"1": [109.0191650390625, 107.12769317626953, 105.53271484375, 102.64866638183594, 103.35149383544922, 102.14616394042969, 102.26505279541016, 101.5592041015625, 103.07745361328125, 101.93964385986328, 105.53911590576172, 107.72227478027344, 107.89724731445312, 107.61739349365234, 111.31413269042969, 110.72118377685547, 109.26530456542969, 108.91194152832031, 111.3549575805664, 107.53504943847656, 110.69782257080078, 108.1021728515625, 102.51639556884766, 97.14849853515625], "2": [94.44176483154297, 97.71822357177734, 94.87451934814453, 94.3307113647461, 97.31376647949219, 97.26985931396484, 97.26644897460938, 96.5828857421875, 97.93846130371094, 100.42645263671875, 95.60490417480469, 102.1321029663086, 104.513427734375, 101.24337768554688, 109.75335693359375, 102.55522918701172, 102.22381591796875, 100.8699951171875, 100.9270248413086, 102.95364379882812, 101.46199035644531, 110.18335723876953, 102.4549331665039, 101.22889709472656], "3": [103.49512481689453, 104.35263061523438, 98.40962982177734, 98.29031372070312, 100.61138153076172, 100.45452880859375, 93.91993713378906, 110.2196044921875, 119.80371856689453, 130.94528198242188, 138.8499298095703, 139.7150115966797, 138.7715606689453, 140.8813018798828, 142.04811096191406, 137.44873046875, 142.42701721191406, 135.70579528808594, 128.86297607421875, 123.65943908691406, 119.16886138916016, 120.92205810546875, 101.78910064697266, 101.01914978027344], "4": [100.3764419555664, 98.25023651123047, 99.1176528930664, 98.27249145507812, 99.84135437011719, 99.51173400878906, 98.6363525390625, 112.34225463867188, 118.60144805908203, 124.6745834350586, 139.00376892089844, 142.1639404296875, 143.99319458007812, 140.43919372558594, 144.57814025878906, 140.59205627441406, 142.52113342285156, 133.4783172607422, 130.44676208496094, 127.31201171875, 122.39478302001953, 118.94681549072266, 102.13982391357422, 99.19508361816406], "5": [99.19290161132812, 99.61881256103516, 101.97037506103516, 101.41026306152344, 98.11837005615234, 99.99406433105469, 99.11031341552734, 112.293212890625, 116.92093658447266, 124.75718688964844, 138.22149658203125, 140.52578735351562, 142.43661499023438, 143.33718872070312, 147.31387329101562, 145.78001403808594, 145.39161682128906, 134.58489990234375, 124.0403823852539, 119.28025817871094, 120.00077819824219, 115.16168212890625, 102.9747085571289, 98.65714263916016], "6": [100.13333892822266, 102.38106536865234, 104.69493103027344, 107.96643829345703, 109.43171691894531, 108.49081420898438, 108.15359497070312, 111.14022827148438, 115.08717346191406, 129.2067108154297, 137.305908203125, 138.48443603515625, 140.58566284179688, 138.95594787597656, 140.71054077148438, 140.14047241210938, 140.24851989746094, 136.26856994628906, 131.64028930664062, 128.07449340820312, 127.1324234008789, 117.08553314208984, 105.59942626953125, 98.60318756103516], "7": [99.38359069824219, 100.13206481933594, 113.73946380615234, 114.3204345703125, 112.09734344482422, 112.94019317626953, 114.8678970336914, 113.29049682617188, 115.58566284179688, 127.78524017333984, 136.01995849609375, 133.5917510986328, 133.83993530273438, 135.30931091308594, 136.2667694091797, 138.06019592285156, 133.41513061523438, 128.8062744140625, 124.90825653076172, 118.53192138671875, 116.72322845458984, 116.57630920410156, 97.58607482910156, 101.57109069824219], "8": [96.09918212890625, 99.67495727539062, 97.32965850830078, 95.46297454833984, 104.31822967529297, 105.13809204101562, 100.99698638916016, 100.73937225341797, 105.5219497680664, 102.66242980957031, 100.12479400634766, 106.91808319091797, 110.24102783203125, 107.72120666503906, 111.98619079589844, 110.66008758544922, 106.5804443359375, 105.72560119628906, 108.52510070800781, 109.89813995361328, 105.1850357055664, 101.85000610351562, 106.24893188476562, 100.24054718017578], "9": [101.31759643554688, 101.14685821533203, 102.95230102539062, 99.68328857421875, 102.10490417480469, 104.2206039428711, 99.87486267089844, 102.9395523071289, 101.77232360839844, 100.98322296142578, 100.55953979492188, 101.03511047363281, 106.80045318603516, 105.0110092163086, 106.38579559326172, 104.38552856445312, 103.70767974853516, 103.2177505493164, 105.65642547607422, 106.04461669921875, 104.95021057128906, 103.92078399658203, 99.59156036376953, 101.1099624633789], "10": [101.75707244873047, 102.18256378173828, 99.34707641601562, 100.79843139648438, 99.72935485839844, 103.58511352539062, 99.08417510986328, 119.23731994628906, 120.67573547363281, 129.52474975585938, 139.53160095214844, 139.25851440429688, 140.41268920898438, 140.61183166503906, 148.42613220214844, 149.45034790039062, 149.94236755371094, 144.17413330078125, 130.50840759277344, 128.10865783691406, 124.96479797363281, 125.94412994384766, 109.11577606201172, 106.75505065917969], "11": [104.89940643310547, 104.70973205566406, 102.3735122680664, 104.08087158203125, 105.41449737548828, 103.29572296142578, 102.87935638427734, 122.84945678710938, 125.92648315429688, 138.31153869628906, 143.65182495117188, 150.19598388671875, 149.54086303710938, 146.747314453125, 148.3077850341797, 152.15170288085938, 146.20030212402344, 145.6768035888672, 137.03749084472656, 135.81748962402344, 132.8838653564453, 130.88258361816406, 112.95977783203125, 109.11402893066406], "12": [107.31024932861328, 105.89825439453125, 106.53102111816406, 103.04642486572266, 105.99176788330078, 106.9942855834961, 103.90068817138672, 121.31326293945312, 128.2049102783203, 133.1503143310547, 147.3451690673828, 149.76353454589844, 156.565185546875, 151.83230590820312, 152.3854217529297, 149.47035217285156, 152.1461639404297, 148.52761840820312, 139.73245239257812, 130.86009216308594, 128.77685546875, 127.08711242675781, 108.34256744384766, 109.99617004394531], "13": [109.18202209472656, 107.07820892333984, 108.2562255859375, 108.68496704101562, 107.4002685546875, 106.4095458984375, 108.1517105102539, 121.40133666992188, 125.64376831054688, 129.74942016601562, 140.890380859375, 151.8536834716797, 156.0265655517578, 156.05758666992188, 152.73788452148438, 148.75172424316406, 152.4329833984375, 143.94546508789062, 140.15972900390625, 139.13758850097656, 133.45571899414062, 127.87830352783203, 113.2467269897461, 111.16752624511719], "14": [109.78532409667969, 103.80847930908203, 105.3333740234375, 104.597412109375, 104.5389404296875, 104.37015533447266, 104.08180236816406, 118.25140380859375, 119.59562683105469, 129.67774963378906, 139.26113891601562, 139.66256713867188, 144.6400604248047, 149.0440216064453, 148.93185424804688, 151.83255004882812, 143.91307067871094, 136.021240234375, 124.96788787841797, 126.47797393798828, 127.99296569824219, 128.7980499267578, 110.24037170410156, 109.0677490234375], "15": [109.45040893554688, 104.37664794921875, 105.0962905883789, 106.06976318359375, 101.35910034179688, 103.67810821533203, 103.14630126953125, 100.10516357421875, 103.80247497558594, 104.544189453125, 106.38850402832031, 110.18964385986328, 108.74583435058594, 109.88558959960938, 109.15164947509766, 104.81600189208984, 104.42768096923828, 102.93824768066406, 105.17465209960938, 107.01394653320312, 111.00529479980469, 108.6820068359375, 107.89542388916016, 106.74076080322266], "16": [105.11517333984375, 99.85655975341797, 101.63329315185547, 100.96536254882812, 101.18485260009766, 118.394775390625, 117.61160278320312, 100.8604965209961, 102.34547424316406, 98.88871002197266, 103.0368423461914, 98.27803039550781, 100.28742218017578, 104.02388000488281, 102.95027923583984, 104.98619842529297, 104.87784576416016, 107.64646911621094, 107.46521759033203, 105.78418731689453, 107.27879333496094, 107.15019989013672, 104.32632446289062, 101.93890380859375],