{"2019": {"6": {"1": [495.3507385253906, 496.8839111328125, 501.6643981933594, 488.92694091796875, 490.4860534667969, 432.9082946777344, 437.81671142578125, 439.42620849609375, 428.6217041015625, 445.5062255859375, 447.31695556640625, 428.9259338378906, 416.1869201660156, 403.3472900390625, 439.5936584472656, 438.6028137207031, 430.80609130859375, 433.717529296875, 432.5659484863281, 473.13250732421875, 479.33770751953125, 480.1933288574219, 482.5708312988281, 487.5842590332031], "2": [500.75872802734375, 496.2408447265625, 497.4490661621094, 504.489990234375, 509.92767333984375, 498.5643005371094, 500.0987243652344, 496.42822265625, 502.8592224121094, 500.95391845703125, 508.7541809082031, 503.88330078125, 490.6258544921875, 497.4831848144531, 509.0373840332031, 491.454833984375, 500.6370849609375, 494.0936584472656, 504.0867919921875, 496.0592041015625, 496.819091796875, 491.05010986328125, 496.1703796386719, 494.7166748046875], "3": [492.9356384277344, 494.6515197753906, 491.49237060546875, 490.8041076660156, 491.1587219238281, 488.57958984375, 485.3904724121094, 487.0331115722656, 499.7558898925781, 516.6484985351562, 534.5555419921875, 542.1489868164062, 535.0130615234375, 528.220703125, 541.26611328125, 546.3736572265625, 545.7470703125, 541.17431640625, 516.9575805664062, 488.0108642578125, 477.6553955078125, 465.85833740234375, 484.6866760253906, 491.2877197265625], "4": [492.8060302734375, 492.3134765625, 495.1400451660156, 497.0649108886719, 489.46502685546875, 484.96490478515625, 492.998291015625, 497.0023498535156, 505.19915771484375, 520.3305053710938, 533.5392456054688, 547.3749389648438, 556.3934326171875, 547.2024536132812, 548.4601440429688, 556.7574462890625, 556.7799072265625, 532.0994262695312, 520.9996948242188, 515.9212646484375, 500.31732177734375, 506.7151794433594, 510.12115478515625, 509.4836120605469], "5": [501.7049865722656, 495.45941162109375, 484.1433410644531, 480.2881164550781, 477.4052429199219, 451.02496337890625, 444.26116943359375, 427.5350036621094, 444.677734375, 451.6851806640625, 449.7880859375, 517.1939086914062, 541.7747192382812, 538.9151000976562, 551.5018920898438, 566.0477905273438, 553.5637817382812, 532.0101318359375, 511.76263427734375, 509.6255187988281, 507.804931640625, 514.9955444335938, 512.5946655273438, 508.32000732421875], "6": [508.8001403808594, 507.60235595703125, 509.6186828613281, 509.0766906738281, 507.2222595214844, 504.88787841796875, 507.9795227050781, 505.5773620605469, 516.51318359375, 526.8818359375, 536.56298828125, 546.863037109375, 550.6536254882812, 557.7679443359375, 557.9954223632812, 562.2633056640625, 560.2124633789062, 535.7811889648438, 517.21875, 509.8142395019531, 509.1300964355469, 506.60406494140625, 498.5889587402344, 508.7901306152344], "7": [507.6280517578125, 508.37060546875, 508.76104736328125, 507.90216064453125, 502.17205810546875, 504.8251647949219, 491.1051330566406, 499.96551513671875, 507.7718811035156, 523.8892822265625, 537.8524169921875, 553.8612670898438, 561.140869140625, 554.068603515625, 553.5968627929688, 547.3501586914062, 531.5973510742188, 519.117919921875, 506.5075988769531, 491.8555603027344, 501.1449890136719, 500.5545959472656, 512.9349975585938, 512.218017578125], "8": [503.62322998046875, 504.77606201171875, 508.18023681640625, 511.3109130859375, 506.6242370605469, 505.1399230957031, 497.4907531738281, 487.75665283203125, 489.5411682128906, 487.2460021972656, 492.5050964355469, 491.49102783203125, 487.29425048828125, 485.3876647949219, 489.2725830078125, 502.9000244140625, 503.29400634765625, 505.7545166015625, 495.93780517578125, 486.18731689453125, 482.1015319824219, 501.2643127441406, 497.3251037597656, 493.8611755371094], "9": [489.3772277832031, 499.0440979003906, 497.5264892578125, 486.602294921875, 493.4014892578125, 490.539794921875, 494.5766906738281, 490.53765869140625, 492.373779296875, 493.31732177734375, 484.59454345703125, 486.5508117675781, 476.33099365234375, 477.1037902832031, 489.9453430175781, 485.3455810546875, 488.5039978027344, 488.29949951171875, 485.1042785644531, 486.05718994140625, 491.8564453125, 493.6840515136719, 493.67864990234375, 488.3025817871094], "10": [490.51263427734375, 495.0174560546875, 493.4710388183594, 495.26885986328125, 497.6041259765625, 491.690185546875, 491.26141357421875, 491.4014892578125, 496.0304260253906, 504.6380615234375, 521.3526000976562, 538.3352661132812, 544.1858520507812, 529.449462890625, 537.1370239257812, 552.4856567382812, 564.0372924804688, 521.8229370117188, 504.0335388183594, 495.4442138671875, 488.4168395996094, 491.9043273925781, 494.5853271484375, 501.3482360839844], "11": [495.8508605957031, 495.6529541015625, 496.1274719238281, 490.3471984863281, 493.0743713378906, 482.140625, 480.0089111328125, 481.7779846191406, 489.2567443847656, 506.81854248046875, 521.8823852539062, 530.3883056640625, 529.9140014648438, 522.3956909179688, 529.9130249023438, 535.66064453125, 531.6163940429688, 518.7894897460938, 499.4297790527344, 510.43829345703125, 491.9471740722656, 498.0955505371094, 494.2207946777344, 489.8620910644531], "12": [501.3531494140625, 491.548828125, 494.69384765625, 495.8659973144531, 494.55438232421875, 503.7762145996094, 491.7093811035156, 502.3610534667969, 517.192138671875, 526.6613159179688, 545.16748046875, 552.4929809570312, 567.8046264648438, 575.2426147460938, 564.7347412109375, 565.15478515625, 569.2149658203125, 549.9547729492188, 543.3668823242188, 540.8677978515625, 540.995849609375, 515.6575927734375, 516.4783325195312, 514.0441284179688], "13": [517.2816162109375, 510.6098327636719, 515.78955078125, 518.0321044921875, 502.42608642578125, 500.4744873046875, 475.1915588378906, 432.5107421875, 420.2250671386719, 414.30950927734375, 426.0701599121094, 448.8968811035156, 483.7467041015625, 484.0784606933594, 497.0968322753906, 517.7589721679688, 487.9385681152344, 473.03875732421875, 474.1417236328125, 461.6083984375, 455.51483154296875, 448.515625, 449.04351806640625, 443.9141540527344], "14": [455.7537841796875, 443.05902099609375, 436.2035217285156, 437.8906555175781, 436.26898193359375, 430.477783203125, 441.7771911621094, 436.4362487792969, 445.4992370605469, 460.07073974609375, 480.4871520996094, 485.5255432128906, 495.28204345703125, 495.6598815917969, 505.9687194824219, 514.8837890625, 514.4144287109375, 497.62322998046875, 500.2515869140625, 474.6319885253906, 476.1334228515625, 459.9885559082031, 462.2322082519531, 466.71514892578125], "15": [462.4837646484375, 467.10028076171875, 463.0705261230469, 465.0594177246094, 469.78997802734375, 474.0152282714844, 475.2937927246094, 469.2445373535156, 477.99169921875, 474.069091796875, 473.96075439453125, 481.24176025390625, 467.9085998535156, 464.6086120605469, 475.0415954589844, 470.7288513183594, 474.3823547363281, 476.282470703125, 475.907958984375, 487.0078430175781, 483.5118408203125, 486.49652099609375, 491.8110046386719, 494.2766418457031], "16": [501.093017578125, 493.9839782714844, 486.6219177246094, 487.0014953613281, 489.33697509765625, 483.673583984375, 485.7261047363281, 481.94952392578125, 477.8865966796875, 476.5044860839844, 480.9458312988281, 474.8456115722656, 485.5682067871094, 482.7335510253906, 505.6854248046875, 525.0387573242188, 497.5851135253906, 514.3164672851562, 506.06365966796875, 514.7481079101562, 516.4814453125, 504.3923645019531, 510.5255432128906, 511.2586669921875], "17": [502.9971618652344, 505.9554748535156, 505.8334045410156, 506.803466796875, 502.8066101074219, 504.4566345214844, 512.3251953125, 501.0078430175781, 511.2742004394531, 516.8607177734375, 535.0283813476562, 526.6080932617188, 529.4307861328125, 549.885009765625, 550.5747680664062, 563.527587890625, 558.4395751953125, 536.9459838867188, 522.9166259765625, 526.1495361328125, 526.5281372070312, 510.85992431640625, 511.908935546875, 510.05694580078125],