{"2019": {"6": {"1": [28.4638671875, 25.507991790771484, 25.558637619018555, 25.483827590942383, 25.100080490112305, 25.093595504760742, 25.018796920776367, 24.891164779663086, 25.034337997436523, 25.044931411743164, 24.883142471313477, 25.002281188964844, 25.130638122558594, 25.146726608276367, 24.903057098388672, 25.059873580932617, 25.459728240966797, 24.81060791015625, 24.729997634887695, 24.670347213745117, 24.674467086791992, 24.920578002929688, 25.391124725341797, 25.132034301757812], "2": [24.8006649017334, 24.789764404296875, 24.731590270996094, 24.775653839111328, 25.04963493347168, 25.737537384033203, 25.362886428833008, 24.662504196166992, 24.65776824951172, 24.534090042114258, 24.64374542236328, 24.42119598388672, 24.62432098388672, 24.72626495361328, 24.574926376342773, 24.482072830200195, 24.676294326782227, 24.595779418945312, 24.42694091796875, 24.439884185791016, 24.69227409362793, 24.783851623535156, 25.182430267333984, 25.764116287231445], "3": [25.727676391601562, 24.917390823364258, 24.864566802978516, 24.940994262695312, 25.006484985351562, 25.24009895324707, 24.863712310791016, 71.38184356689453, 70.91710662841797, 71.12043762207031, 74.24440002441406, 74.69955444335938, 76.8061752319336, 76.13050079345703, 76.37303924560547, 72.82586669921875, 72.4898452758789, 71.97073364257812, 61.470157623291016, 61.75735855102539, 18.068466186523438, 17.767953872680664, 18.058826446533203, 18.174951553344727], "4": [18.594594955444336, 18.115203857421875, 18.19915771484375, 18.250028610229492, 18.197330474853516, 18.174240112304688, 18.240144729614258, 67.44461059570312, 66.55084991455078, 70.80875396728516, 70.2834701538086, 70.4216079711914, 71.78962707519531, 70.30587768554688, 70.5746078491211, 71.1438217163086, 70.67323303222656, 66.47601318359375, 62.49637985229492, 62.35923767089844, 18.603153228759766, 18.845136642456055, 19.098173141479492, 18.686567306518555], "5": [18.548341751098633, 18.7984676361084, 18.75753402709961, 18.86294937133789, 19.310550689697266, 18.598106384277344, 18.697298049926758, 65.0657958984375, 64.48933410644531, 68.06050872802734, 75.76392364501953, 78.23321533203125, 78.74365997314453, 79.15608215332031, 80.20073699951172, 79.97821807861328, 79.5710220336914, 69.7672119140625, 64.39429473876953, 64.24056243896484, 21.716299057006836, 20.590593338012695, 21.311647415161133, 18.849369049072266], "6": [18.49782943725586, 18.66219711303711, 18.680816650390625, 18.61104393005371, 18.986160278320312, 18.423908233642578, 18.60562515258789, 67.62902069091797, 66.72688293457031, 69.79792785644531, 78.1641845703125, 78.36265563964844, 81.36613464355469, 79.62153625488281, 81.9972915649414, 80.3025894165039, 80.08851623535156, 69.0955581665039, 62.5287971496582, 62.91223907470703, 18.998451232910156, 19.2738037109375, 19.438539505004883, 18.765182495117188], "7": [18.435306549072266, 18.59563446044922, 18.78361701965332, 18.42385482788086, 18.512012481689453, 18.736942291259766, 18.510663986206055, 67.3584213256836, 66.77539825439453, 70.3775405883789, 79.83039855957031, 80.86497497558594, 80.48097229003906, 79.71974182128906, 79.78739929199219, 80.22429656982422, 77.97356414794922, 65.2301025390625, 62.38780212402344, 62.62367630004883, 18.85456657409668, 18.662981033325195, 22.432178497314453, 21.95359992980957], "8": [19.315650939941406, 18.614238739013672, 18.504474639892578, 18.455162048339844, 18.695388793945312, 18.530372619628906, 18.397809982299805, 18.46160125732422, 18.416175842285156, 18.35326385498047, 18.624025344848633, 18.396894454956055, 18.356525421142578, 18.414409637451172, 19.09264373779297, 18.592256546020508, 18.40643310546875, 18.49746322631836, 18.43302345275879, 18.440162658691406, 18.39358139038086, 18.719707489013672, 18.821861267089844, 18.717485427856445], "9": [18.592998504638672, 18.445964813232422, 19.02862548828125, 18.694488525390625, 18.524574279785156, 18.545787811279297, 18.652233123779297, 19.267311096191406, 18.79016876220703, 19.016996383666992, 18.115638732910156, 18.07387924194336, 18.228994369506836, 18.25617218017578, 18.24873924255371, 18.13532066345215, 18.043954849243164, 17.999595642089844, 18.120956420898438, 18.101171493530273, 18.21384620666504, 18.89769744873047, 19.104921340942383, 18.383913040161133], "10": [18.375839233398438, 18.378448486328125, 18.47926902770996, 18.473838806152344, 18.433441162109375, 18.44757843017578, 18.09359359741211, 65.6172866821289, 64.84303283691406, 64.80420684814453, 73.7331771850586, 74.87855529785156, 74.76982116699219, 75.0070571899414, 74.67876434326172, 74.37445068359375, 74.64720153808594, 74.09232330322266, 62.993408203125, 62.186397552490234, 18.65056800842285, 18.714136123657227, 18.83786392211914, 19.004058837890625], "11": [18.826766967773438, 19.09539031982422, 18.791749954223633, 18.631078720092773, 18.76100730895996, 18.9912109375, 18.69734764099121, 65.09857940673828, 65.1117935180664, 68.25591278076172, 77.39668273925781, 77.26840209960938, 80.54553985595703, 80.79481506347656, 81.52711486816406, 83.92257690429688, 80.53015899658203, 69.9442367553711, 64.83982849121094, 63.9771614074707, 20.334178924560547, 19.935911178588867, 20.241985321044922, 20.1551570892334], "12": [19.911785125732422, 20.075782775878906, 19.911970138549805, 20.738584518432617, 20.737844467163086, 20.69952392578125, 19.91969871520996, 65.811279296875, 65.25814056396484, 66.21328735351562, 74.66241455078125, 75.72421264648438, 76.07048034667969, 76.6782455444336, 77.24311065673828, 77.4936294555664, 76.65341186523438, 65.69563293457031, 62.55411148071289, 63.28178024291992, 20.93402099609375, 20.06603240966797, 20.481937408447266, 18.178159713745117], "13": [18.72303581237793, 18.584854125976562, 18.6844539642334, 18.618850708007812, 18.582475662231445, 18.467378616333008, 18.662412643432617, 64.16032409667969, 63.66876983642578, 70.4074935913086, 80.0381851196289, 80.76020812988281, 79.7819595336914, 79.96697998046875, 80.7867431640625, 78.54965209960938, 78.36380767822266, 72.63206481933594, 67.47280883789062, 64.6581802368164, 21.710487365722656, 21.650270462036133, 21.88825798034668, 22.7695369720459], "14": [22.339338302612305, 19.559324264526367, 18.94055938720703, 19.064661026000977, 19.0147705078125, 19.02454376220703, 18.737892150878906, 65.2146987915039, 70.61821746826172, 77.02799224853516, 79.63746643066406, 79.66714477539062, 80.64017486572266, 81.30619812011719, 81.92204284667969, 82.74117279052734, 80.23601531982422, 73.87128448486328, 65.5553970336914, 65.12318420410156, 21.808929443359375, 24.010997772216797, 21.524883270263672, 25.968429565429688], "15": [24.38311195373535, 24.28072738647461, 21.752431869506836, 22.0991153717041, 22.398847579956055, 21.700611114501953, 21.584714889526367, 21.49569320678711, 21.245044708251953, 21.308425903320312, 21.09883689880371, 21.087411880493164, 21.26936149597168, 21.531702041625977, 22.07390785217285, 21.07246971130371, 21.200353622436523, 21.111623764038086, 21.272653579711914, 21.31064796447754, 21.45021629333496, 21.511098861694336, 21.834802627563477, 21.832603454589844], "16": [22.3565673828125, 21.541582107543945, 21.560810089111328, 21.567663192749023, 21.568012237548828, 21.318029403686523, 21.2672061920166, 21.350696563720703, 21.095829010009766, 20.89444351196289, 21.131059646606445, 21.013778686523438, 21.005033493041992, 21.454662322998047, 21.90298843383789, 21.724992752075195, 21.010967254638672, 20.853038787841797, 21.138595581054688, 20.913061141967773, 21.04635238647461, 21.228466033935547, 22.356063842773438, 21.34588050842285],