{"2019": {"6": {"1": [322.6639099121094, 238.53651428222656, 241.70909118652344, 246.64608764648438, 245.46995544433594, 255.16616821289062, 255.25730895996094, 275.85174560546875, 271.16552734375, 359.55908203125, 338.6242980957031, 346.65289306640625, 345.8146057128906, 339.07525634765625, 330.2895202636719, 268.8697509765625, 257.6044006347656, 268.98529052734375, 267.1146240234375, 267.9862060546875, 260.1145935058594, 264.3929443359375, 248.77613830566406, 256.2437744140625], "2": [246.4324493408203, 244.16917419433594, 232.04385375976562, 251.84901428222656, 249.62106323242188, 244.79425048828125, 242.3438720703125, 276.2349853515625, 343.6173400878906, 252.10244750976562, 354.20245361328125, 353.90277099609375, 353.8874206542969, 363.2978820800781, 267.1349182128906, 266.5643615722656, 277.73284912109375, 286.2767333984375, 261.590087890625, 366.9043884277344, 357.5135803222656, 350.5290832519531, 307.4914245605469, 319.9564514160156], "3": [289.3924255371094, 228.0011749267578, 241.1560821533203, 241.84719848632812, 249.1715850830078, 247.11892700195312, 241.12791442871094, 206.71409606933594, 288.2760009765625, 326.70037841796875, 391.4599609375, 400.0838317871094, 405.974609375, 399.8853454589844, 402.94195556640625, 388.6923522949219, 314.6923522949219, 318.92742919921875, 312.0263671875, 308.2126770019531, 297.6612548828125, 283.8660583496094, 266.70233154296875, 259.38580322265625], "4": [263.54498291015625, 266.6512756347656, 267.0490417480469, 266.30950927734375, 263.746826171875, 249.90200805664062, 248.98980712890625, 281.0075988769531, 296.8647766113281, 319.9586486816406, 337.5281982421875, 352.705322265625, 367.3970947265625, 425.1523132324219, 413.85760498046875, 336.0677795410156, 324.015869140625, 310.6983642578125, 305.0950622558594, 305.6447448730469, 291.08251953125, 385.3162536621094, 335.8006286621094, 244.8375701904297], "5": [247.30076599121094, 252.39974975585938, 265.64593505859375, 262.1907958984375, 257.2806396484375, 253.15692138671875, 255.4413299560547, 294.2353210449219, 300.30096435546875, 313.13311767578125, 318.5343017578125, 313.14593505859375, 316.2789611816406, 318.0804138183594, 312.6244201660156, 315.317138671875, 321.9849853515625, 305.57659912109375, 295.0638122558594, 288.9896240234375, 294.62933349609375, 304.55999755859375, 270.0645751953125, 266.92413330078125], "6": [262.8504943847656, 262.40325927734375, 253.56195068359375, 251.72181701660156, 259.4158935546875, 261.052734375, 262.24713134765625, 296.1004638671875, 299.2331848144531, 313.92205810546875, 320.4212951660156, 338.26141357421875, 339.98187255859375, 325.7737731933594, 392.1696472167969, 399.0758972167969, 381.90606689453125, 315.6640930175781, 313.8486328125, 292.5533447265625, 279.0294494628906, 286.7266845703125, 262.3772277832031, 251.34323120117188], "7": [251.1419677734375, 253.40463256835938, 255.9370880126953, 257.5290832519531, 256.8439025878906, 247.57408142089844, 254.8516082763672, 293.8857727050781, 291.1651306152344, 303.1833190917969, 309.6756591796875, 317.6753845214844, 333.492431640625, 312.3772888183594, 314.0909423828125, 302.5658264160156, 305.99072265625, 393.9239196777344, 311.64129638671875, 294.4334716796875, 286.2443542480469, 287.8443603515625, 264.7138977050781, 253.10659790039062], "8": [249.73849487304688, 259.4494323730469, 259.2970275878906, 256.1718444824219, 252.6748504638672, 261.06201171875, 258.0935363769531, 275.1934814453125, 274.5223083496094, 269.91497802734375, 280.7474365234375, 259.3886413574219, 246.089111328125, 328.1126403808594, 323.5259094238281, 269.9113464355469, 270.3456726074219, 270.5494384765625, 267.5325927734375, 260.51409912109375, 268.4004821777344, 275.7603759765625, 257.8961181640625, 245.2559051513672], "9": [247.02345275878906, 251.84939575195312, 249.19644165039062, 245.5189971923828, 240.54066467285156, 244.40975952148438, 256.26458740234375, 274.7361755371094, 267.8201904296875, 324.1465759277344, 329.62274169921875, 329.2145690917969, 333.59637451171875, 329.0255126953125, 262.5566711425781, 265.9274597167969, 266.705810546875, 268.80047607421875, 267.9901428222656, 253.97744750976562, 261.342041015625, 276.0159606933594, 258.74212646484375, 248.84254455566406], "10": [244.7813262939453, 243.5369110107422, 254.85362243652344, 252.50682067871094, 242.88499450683594, 250.0875701904297, 249.71295166015625, 282.5126953125, 294.2275085449219, 280.439697265625, 374.97528076171875, 413.21942138671875, 404.6580505371094, 440.26300048828125, 401.024658203125, 397.8949279785156, 403.1835632324219, 357.34771728515625, 309.5293884277344, 306.1866455078125, 293.3461608886719, 287.6426086425781, 262.0015563964844, 301.6968688964844], "11": [309.8772888183594, 232.68133544921875, 232.11236572265625, 237.37762451171875, 247.06478881835938, 247.93734741210938, 253.70359802246094, 295.6112365722656, 381.1627197265625, 387.5176086425781, 433.409423828125, 438.83197021484375, 493.5770263671875, 489.7894592285156, 493.453125, 414.9956359863281, 403.43060302734375, 325.107177734375, 417.2729797363281, 377.974609375, 309.90625, 391.6201477050781, 351.1646423339844, 355.89068603515625], "12": [356.2066345214844, 344.15069580078125, 339.3981628417969, 332.3322448730469, 329.40350341796875, 331.5115966796875, 321.0541687011719, 364.9271240234375, 358.3340148925781, 374.9580078125, 408.1068420410156, 476.0973815917969, 429.98406982421875, 409.5227355957031, 438.43310546875, 427.7703857421875, 509.212158203125, 511.4659118652344, 457.7889709472656, 399.18646240234375, 394.1014099121094, 383.7064208984375, 332.3367004394531, 351.772216796875], "13": [371.6253356933594, 362.08233642578125, 354.7673645019531, 359.6817321777344, 361.2346496582031, 368.093994140625, 351.2633361816406, 391.0798034667969, 376.3507385253906, 401.0029296875, 402.9361572265625, 439.4956359863281, 507.5582580566406, 373.0921630859375, 407.07525634765625, 347.8773498535156, 396.3494567871094, 400.259033203125, 381.7998352050781, 363.42388916015625, 348.8829650878906, 281.697021484375, 314.62322998046875, 327.9898986816406], "14": [244.55357360839844, 244.06959533691406, 263.48455810546875, 262.2508239746094, 264.2783203125, 262.07928466796875, 260.1628723144531, 298.87274169921875, 312.27716064453125, 301.66455078125, 325.2198486328125, 297.6376037597656, 442.429931640625, 445.6361389160156, 414.418701171875, 333.8635559082031, 334.2351989746094, 344.0348815917969, 297.00787353515625, 285.5122985839844, 282.26708984375, 278.75341796875, 259.364501953125, 260.833251953125], "15": [258.60662841796875, 265.7477722167969, 265.30743408203125, 262.80426025390625, 263.4749450683594, 250.99449157714844, 253.49356079101562, 264.7544250488281, 256.8720703125, 244.81103515625, 378.6346740722656, 356.9698486328125, 359.10162353515625, 358.0586242675781, 364.09283447265625, 272.5635681152344, 292.2260437011719, 304.521240234375, 256.4731750488281, 257.172607421875, 263.6990051269531, 265.65240478515625, 252.81985473632812, 314.52374267578125], "16": [310.36322021484375, 330.92816162109375, 241.43568420410156, 253.2191162109375, 249.2784881591797, 242.2567901611328, 244.19729614257812, 273.9792785644531, 254.39451599121094, 380.478759765625, 348.8135070800781, 351.35888671875, 367.7769775390625, 361.68304443359375, 279.5738220214844, 261.90557861328125, 312.9934997558594, 278.65582275390625, 276.5368957519531, 276.40185546875, 274.293701171875, 266.86688232421875, 241.86370849609375, 296.4619140625], "17": [222.0772247314453, 240.28704833984375, 253.44833374023438, 256.0627136230469, 257.1575927734375, 259.444580078125, 246.676025390625, 280.8835144042969, 346.1123352050781, 379.37274169921875, 409.860595703125, 430.2530517578125, 432.86053466796875, 403.333251953125, 339.85540771484375, 328.57476806640625, 353.300048828125, 352.410888671875, 394.4446105957031, 364.52923583984375, 351.1416015625, 357.4228820800781, 348.469970703125, 323.2228088378906],