{"2019": {"6": {"1": [174.2735137939453, 171.9912567138672, 169.88157653808594, 166.95309448242188, 175.9830322265625, 167.68373107910156, 162.582763671875, 175.50860595703125, 187.5966033935547, 201.92808532714844, 196.8499755859375, 202.74374389648438, 213.37374877929688, 208.72491455078125, 207.297607421875, 204.63352966308594, 210.82443237304688, 211.5200653076172, 208.13284301757812, 208.96165466308594, 199.77468872070312, 198.34664916992188, 197.5314483642578, 195.46484375], "2": [190.45843505859375, 185.2582244873047, 185.0234375, 194.99122619628906, 188.47610473632812, 191.13015747070312, 191.90625, 198.18399047851562, 202.01980590820312, 205.46627807617188, 213.023681640625, 216.86376953125, 223.81932067871094, 224.51148986816406, 224.58465576171875, 226.17636108398438, 222.13442993164062, 219.8938751220703, 208.80516052246094, 218.66036987304688, 208.467529296875, 203.1826934814453, 205.98324584960938, 199.75701904296875], "3": [187.59132385253906, 184.83753967285156, 180.75369262695312, 183.58497619628906, 178.93519592285156, 180.13626098632812, 183.18186950683594, 192.8342742919922, 218.1907501220703, 224.59974670410156, 237.24267578125, 246.18296813964844, 254.2021942138672, 250.78489685058594, 259.4277648925781, 266.2957763671875, 265.7195739746094, 259.525634765625, 251.21836853027344, 187.1667938232422, 181.15415954589844, 175.32240295410156, 169.1291961669922, 166.1818389892578], "4": [164.49884033203125, 166.0009307861328, 165.84115600585938, 170.62461853027344, 165.50933837890625, 171.8811798095703, 151.11465454101562, 168.96009826660156, 208.23902893066406, 223.45590209960938, 238.77232360839844, 247.7000732421875, 246.04672241210938, 248.5250244140625, 253.9951171875, 261.4049072265625, 267.1094665527344, 256.53021240234375, 282.33837890625, 198.72198486328125, 188.55709838867188, 187.12538146972656, 193.56626892089844, 176.7425994873047], "5": [170.9962158203125, 168.30445861816406, 174.13999938964844, 167.5089111328125, 164.0970458984375, 167.74095153808594, 172.5081787109375, 186.4561004638672, 199.88833618164062, 207.18096923828125, 229.63157653808594, 235.91481018066406, 327.63580322265625, 260.392578125, 282.29705810546875, 283.9949035644531, 275.1844482421875, 276.22705078125, 248.85809326171875, 217.4672088623047, 189.09979248046875, 186.97572326660156, 189.04373168945312, 184.38531494140625], "6": [174.5679168701172, 178.8245849609375, 171.7828369140625, 176.9812774658203, 171.7891082763672, 155.48333740234375, 153.6004180908203, 187.93370056152344, 217.67201232910156, 218.9154815673828, 233.72508239746094, 239.71807861328125, 246.00474548339844, 258.1643371582031, 255.24609375, 255.3935546875, 262.8266906738281, 256.61737060546875, 241.1891326904297, 204.29205322265625, 184.54640197753906, 190.45932006835938, 186.08828735351562, 177.68917846679688], "7": [178.1083526611328, 175.79879760742188, 180.21060180664062, 180.04937744140625, 153.90594482421875, 154.1084442138672, 151.0074005126953, 174.62489318847656, 191.47982788085938, 220.65525817871094, 225.12750244140625, 233.28689575195312, 245.85934448242188, 249.22866821289062, 251.40452575683594, 260.78631591796875, 258.772216796875, 244.09063720703125, 232.0802459716797, 196.9307403564453, 191.345458984375, 182.15777587890625, 192.47991943359375, 189.10365295410156], "8": [171.2537841796875, 182.91183471679688, 182.74285888671875, 183.1188201904297, 183.35858154296875, 172.10723876953125, 170.45750427246094, 180.28860473632812, 180.13494873046875, 180.8583221435547, 192.08982849121094, 188.95379638671875, 195.31532287597656, 194.6222381591797, 204.81398010253906, 202.8227996826172, 197.6888885498047, 193.9250030517578, 193.14556884765625, 191.31771850585938, 191.2889404296875, 187.38050842285156, 186.23617553710938, 180.2698211669922], "9": [179.3733673095703, 178.03948974609375, 174.7390594482422, 180.544677734375, 173.01187133789062, 172.99166870117188, 199.85858154296875, 199.25563049316406, 196.96937561035156, 194.4003448486328, 195.24127197265625, 192.37887573242188, 195.79405212402344, 203.0711669921875, 204.7180938720703, 198.29798889160156, 199.69921875, 195.9536590576172, 198.18600463867188, 194.9273681640625, 195.21754455566406, 191.87890625, 191.05148315429688, 194.9401397705078], "10": [201.42271423339844, 197.8671875, 196.2996063232422, 192.53582763671875, 190.87466430664062, 189.86920166015625, 191.03872680664062, 201.30712890625, 232.1929168701172, 235.7872772216797, 240.96392822265625, 262.144775390625, 266.7308654785156, 274.3027648925781, 266.8927001953125, 278.4406433105469, 277.5675354003906, 263.31500244140625, 257.5390319824219, 196.65911865234375, 197.52281188964844, 189.24667358398438, 193.66571044921875, 190.36697387695312], "11": [177.93936157226562, 188.0348663330078, 185.76022338867188, 184.32736206054688, 179.06173706054688, 183.5023651123047, 188.7639923095703, 212.52096557617188, 229.17677307128906, 254.46141052246094, 276.8954162597656, 265.4436950683594, 274.1277160644531, 288.3425598144531, 281.7817077636719, 298.4129638671875, 305.8380126953125, 290.36749267578125, 277.1571960449219, 206.82437133789062, 213.57127380371094, 215.87158203125, 210.1717071533203, 199.28111267089844], "12": [186.05152893066406, 178.4890594482422, 182.34031677246094, 180.09576416015625, 181.21328735351562, 178.4208526611328, 197.7679901123047, 215.9734344482422, 238.9620361328125, 254.53875732421875, 260.5851135253906, 291.79827880859375, 299.3403015136719, 298.6201477050781, 298.27667236328125, 311.93505859375, 294.5967102050781, 307.7413635253906, 297.6415710449219, 249.90847778320312, 222.8433837890625, 205.91641235351562, 197.98707580566406, 189.5359649658203], "13": [190.27597045898438, 188.1180419921875, 189.38070678710938, 189.54095458984375, 188.79078674316406, 189.85247802734375, 199.2414093017578, 242.6789093017578, 246.52481079101562, 254.77528381347656, 271.2698059082031, 276.983642578125, 270.16400146484375, 294.4617004394531, 301.1300048828125, 314.216552734375, 337.4903869628906, 311.7189025878906, 297.58599853515625, 200.21990966796875, 194.14315795898438, 203.10690307617188, 200.75515747070312, 182.11004638671875], "14": [186.2328338623047, 185.40928649902344, 183.5145721435547, 182.80499267578125, 183.39064025878906, 183.0209197998047, 176.91091918945312, 198.44119262695312, 214.97958374023438, 222.91114807128906, 246.1527557373047, 254.604736328125, 260.8724670410156, 259.65289306640625, 263.2986755371094, 263.63958740234375, 269.5364685058594, 259.6695556640625, 282.5989074707031, 213.7156219482422, 206.01431274414062, 192.9585418701172, 194.3480224609375, 197.35435485839844], "15": [175.91004943847656, 181.41615295410156, 173.22886657714844, 180.64146423339844, 175.0265655517578, 172.58828735351562, 172.41464233398438, 177.1331787109375, 176.8844451904297, 180.64990234375, 183.00448608398438, 183.05584716796875, 189.51490783691406, 188.34837341308594, 187.11363220214844, 185.6905059814453, 194.134521484375, 191.874267578125, 219.24435424804688, 226.61582946777344, 213.31405639648438, 213.1168975830078, 211.2587432861328, 206.63070678710938], "16": [179.4399871826172, 180.9316864013672, 181.98049926757812, 180.47177124023438, 180.93527221679688, 177.83926391601562, 176.8855743408203, 178.8319854736328, 177.88092041015625, 185.44712829589844, 181.13192749023438, 189.28775024414062, 183.5819549560547, 193.7199249267578, 188.6616668701172, 186.7270965576172, 185.19171142578125, 183.87075805664062, 213.6143798828125, 218.90382385253906, 218.9276885986328, 219.16079711914062, 211.1302032470703, 207.90634155273438],