{"2019": {"6": {"1": [46.24679946899414, 48.583499908447266, 43.46198654174805, 43.33457946777344, 44.712074279785156, 41.533939361572266, 61.16012191772461, 54.020729064941406, 56.455352783203125, 61.37125015258789, 63.22756576538086, 63.64665985107422, 61.628692626953125, 66.09172058105469, 65.45325469970703, 62.3588981628418, 64.01708221435547, 64.31175994873047, 62.281978607177734, 67.74161529541016, 53.928775787353516, 49.86284255981445, 50.661834716796875, 47.79390335083008], "2": [47.76542282104492, 47.58881759643555, 46.15816116333008, 44.01964569091797, 52.82721710205078, 44.01807403564453, 62.20032501220703, 54.726722717285156, 59.55669021606445, 62.4810791015625, 63.964752197265625, 62.69628143310547, 64.27179718017578, 68.68748474121094, 64.13111114501953, 67.60140991210938, 67.621826171875, 66.85636138916016, 68.48625183105469, 73.24447631835938, 59.55528259277344, 51.80490493774414, 52.645118713378906, 50.690086364746094], "3": [49.2061882019043, 49.559627532958984, 45.091007232666016, 48.5224609375, 44.92845153808594, 45.49921798706055, 66.093505859375, 56.33821487426758, 65.44806671142578, 73.80223083496094, 78.23863983154297, 75.87310028076172, 74.6307144165039, 74.13574981689453, 77.1814956665039, 73.45751190185547, 76.18643951416016, 71.22515106201172, 69.13370513916016, 68.3367919921875, 57.77783966064453, 56.09635543823242, 57.030784606933594, 47.95448303222656], "4": [47.320701599121094, 45.32567596435547, 43.849708557128906, 47.81163024902344, 43.77573776245117, 42.82229232788086, 63.81364059448242, 54.82637405395508, 81.71981048583984, 89.85630798339844, 97.00483703613281, 82.1906509399414, 83.43549346923828, 75.27620697021484, 79.35614013671875, 79.81246185302734, 77.91173553466797, 76.60249328613281, 69.5321273803711, 71.84346008300781, 64.61458587646484, 54.57086944580078, 54.48652648925781, 48.312522888183594], "5": [46.132537841796875, 44.29970169067383, 43.914791107177734, 42.18771743774414, 45.29490280151367, 42.87392807006836, 59.86029052734375, 57.00825119018555, 71.68962860107422, 80.6009521484375, 94.65249633789062, 85.65100860595703, 93.91299438476562, 93.78289031982422, 89.87322235107422, 93.32553100585938, 107.68738555908203, 76.35839080810547, 74.28536987304688, 89.88002014160156, 66.42108154296875, 58.05170822143555, 56.112361907958984, 51.02924728393555], "6": [48.38276290893555, 44.770511627197266, 45.627254486083984, 44.29563522338867, 43.73556137084961, 44.999271392822266, 61.55087661743164, 52.66828918457031, 90.1522216796875, 86.62027740478516, 85.13140869140625, 80.99826049804688, 85.02595520019531, 82.4394760131836, 78.9669189453125, 82.40074920654297, 75.57673645019531, 79.18894958496094, 76.72264099121094, 72.72267150878906, 80.06088256835938, 57.63949966430664, 57.18512725830078, 50.77490997314453], "7": [47.38718795776367, 47.15895462036133, 45.87949752807617, 45.152793884277344, 46.98050308227539, 46.9268913269043, 63.443450927734375, 62.27010726928711, 94.0682144165039, 88.53351593017578, 100.64751434326172, 96.90589904785156, 77.61295318603516, 81.99260711669922, 79.5923843383789, 77.81212615966797, 89.67218017578125, 72.79354095458984, 69.63765716552734, 67.2130126953125, 71.66181945800781, 54.08396530151367, 53.79087829589844, 53.52185821533203], "8": [50.037445068359375, 51.09590148925781, 48.56399917602539, 46.16324996948242, 49.57799530029297, 47.80479431152344, 63.21660232543945, 55.787837982177734, 95.81050109863281, 78.07364654541016, 70.72652435302734, 78.58869171142578, 85.79334259033203, 70.293701171875, 70.63809967041016, 73.89913940429688, 63.034610748291016, 66.0753402709961, 68.41998291015625, 65.3817138671875, 58.069271087646484, 53.86013412475586, 52.91098403930664, 49.38193893432617], "9": [50.495201110839844, 48.346988677978516, 46.38090133666992, 47.86029815673828, 46.989986419677734, 46.929508209228516, 68.48930358886719, 55.828250885009766, 84.45307159423828, 80.3786392211914, 65.83467864990234, 71.7305908203125, 71.45558166503906, 67.84942626953125, 63.85871505737305, 65.90230560302734, 72.07913970947266, 69.94174194335938, 73.8797836303711, 67.32495880126953, 63.5045051574707, 54.98946762084961, 53.79961395263672, 55.8735466003418], "10": [52.032474517822266, 51.73221206665039, 52.99055099487305, 50.65745544433594, 52.21210479736328, 53.11892318725586, 68.38385772705078, 61.155799865722656, 76.2994384765625, 90.90433502197266, 77.17066955566406, 81.65251159667969, 79.41696166992188, 81.18560028076172, 74.11021423339844, 76.38619232177734, 78.61009216308594, 75.8123550415039, 69.56657409667969, 74.30204010009766, 60.635990142822266, 57.08082580566406, 54.45537185668945, 56.72197341918945], "11": [50.116798400878906, 46.2105827331543, 47.133399963378906, 45.71489334106445, 45.472957611083984, 43.70363998413086, 62.48743438720703, 54.15158462524414, 66.37340545654297, 75.29845428466797, 75.15542602539062, 81.75021362304688, 81.33293914794922, 76.58026123046875, 76.81491088867188, 72.84317016601562, 71.00557708740234, 74.42665100097656, 71.48063659667969, 70.62113189697266, 61.23271179199219, 56.02451705932617, 53.42051696777344, 54.142333984375], "12": [48.41557312011719, 46.19681167602539, 46.43044662475586, 44.976593017578125, 44.608421325683594, 44.25486373901367, 64.03855895996094, 57.51105499267578, 66.3724365234375, 71.16785430908203, 82.48780059814453, 78.68472290039062, 78.67679595947266, 78.47798919677734, 75.29385375976562, 74.9206771850586, 80.89429473876953, 77.16798400878906, 74.39366912841797, 70.66232299804688, 55.76603698730469, 56.81218719482422, 54.710750579833984, 52.5600471496582], "13": [52.698909759521484, 49.53266143798828, 52.25724792480469, 48.35619354248047, 47.35690689086914, 50.5908203125, 67.46218872070312, 60.51462173461914, 67.22997283935547, 71.32135009765625, 78.61553955078125, 76.84477996826172, 78.15145111083984, 82.3765869140625, 80.11410522460938, 78.58750915527344, 80.44277954101562, 75.654541015625, 73.66893768310547, 68.56150817871094, 60.45018768310547, 61.37930679321289, 56.53788757324219, 56.54460525512695], "14": [49.324459075927734, 44.64040756225586, 44.55989456176758, 44.2292366027832, 42.525535583496094, 45.45780563354492, 60.46150207519531, 54.20750045776367, 65.88121032714844, 70.18387603759766, 74.1562271118164, 68.51270294189453, 70.654541015625, 69.97994232177734, 69.6437759399414, 71.32849884033203, 68.93448638916016, 67.76165771484375, 67.532470703125, 62.86125183105469, 56.63804244995117, 53.883792877197266, 47.68574905395508, 47.96274185180664], "15": [46.76526641845703, 44.985923767089844, 46.661800384521484, 43.978736877441406, 44.07087326049805, 44.594966888427734, 61.49855041503906, 56.62888717651367, 59.20880889892578, 57.62179183959961, 59.739505767822266, 56.93873977661133, 57.8272705078125, 61.74127960205078, 54.7044677734375, 55.905338287353516, 63.440738677978516, 60.554473876953125, 59.65026092529297, 61.046180725097656, 56.67306900024414, 53.27267074584961, 51.10654830932617, 50.28483581542969], "16": [52.49565124511719, 48.279422760009766, 49.618228912353516, 51.78632354736328, 48.74413299560547, 48.165706634521484, 68.39495849609375, 55.775970458984375, 60.15070343017578, 62.367767333984375, 60.60569763183594, 61.53174591064453, 59.46025466918945, 59.93247985839844, 60.356201171875, 59.557491302490234, 59.32705307006836, 59.88047409057617, 59.52838134765625, 57.2572021484375, 49.91834259033203, 48.22969436645508, 46.44076919555664, 44.96282958984375], "17": [47.38388442993164, 50.21849822998047, 43.971492767333984, 44.03047561645508, 43.42170715332031, 43.07224655151367, 61.90889358520508, 49.918243408203125, 59.062896728515625, 60.85151290893555, 72.0761489868164, 75.17874908447266, 73.55684661865234, 71.70197296142578, 70.8923110961914, 71.10539245605469, 72.73607635498047, 72.00554656982422, 69.00288391113281, 63.560218811035156, 57.968170166015625, 54.41522216796875, 46.86527633666992, 43.99003982543945],