{"2019": {"6": {"1": [37.574825286865234, 38.14548873901367, 38.46187210083008, 37.105953216552734, 37.69978332519531, 37.146385192871094, 36.51893615722656, 61.48416519165039, 63.045108795166016, 61.3902473449707, 61.027626037597656, 61.7009391784668, 61.859806060791016, 62.27641677856445, 61.87869644165039, 61.55780029296875, 61.90784454345703, 62.15003204345703, 62.327850341796875, 66.73372650146484, 62.35523986816406, 64.21418762207031, 38.75313186645508, 38.05982971191406], "2": [38.07381057739258, 38.215511322021484, 38.227325439453125, 38.61689758300781, 39.146087646484375, 41.75708770751953, 37.68077850341797, 60.754302978515625, 62.655174255371094, 61.35146713256836, 60.943138122558594, 61.54933166503906, 61.48611068725586, 61.6168212890625, 61.49026107788086, 61.377540588378906, 61.604774475097656, 61.36179733276367, 62.25901794433594, 60.616844177246094, 61.1673469543457, 63.229087829589844, 37.27141189575195, 37.26094055175781], "3": [36.768898010253906, 36.80472946166992, 37.60874938964844, 38.521697998046875, 38.383216857910156, 37.78950500488281, 36.856666564941406, 63.01059341430664, 66.46763610839844, 68.59551239013672, 81.79056549072266, 96.36654663085938, 97.79573059082031, 99.89700317382812, 94.76787567138672, 98.34912872314453, 95.40692138671875, 87.62494659423828, 86.24288940429688, 81.27685546875, 80.3084487915039, 78.58181762695312, 49.6199836730957, 47.971435546875], "4": [47.47951126098633, 47.79449462890625, 47.40652847290039, 46.73746109008789, 47.628868103027344, 46.63917541503906, 45.516632080078125, 71.0650405883789, 75.42528533935547, 78.07870483398438, 80.93549346923828, 82.13899993896484, 89.53440856933594, 88.84698486328125, 85.92622375488281, 83.25012969970703, 83.51985168457031, 83.20257568359375, 74.58639526367188, 72.95149230957031, 70.88932037353516, 72.63843536376953, 45.969703674316406, 45.845577239990234], "5": [45.521034240722656, 46.27261734008789, 46.85978698730469, 45.15057373046875, 45.314292907714844, 45.65597152709961, 45.35615539550781, 69.12262725830078, 71.29059600830078, 71.13629913330078, 81.61441802978516, 81.850830078125, 83.97875213623047, 84.57681274414062, 82.95905303955078, 88.3678970336914, 87.67879486083984, 75.69569396972656, 66.56680297851562, 62.24504089355469, 58.68586730957031, 60.10226058959961, 39.24470520019531, 39.86365509033203], "6": [38.884849548339844, 38.065643310546875, 38.66648483276367, 38.42692565917969, 37.88356018066406, 38.144195556640625, 37.137203216552734, 60.31416320800781, 63.036861419677734, 63.43172836303711, 71.5894775390625, 71.92215728759766, 71.66188049316406, 72.42570495605469, 73.79875946044922, 77.99833679199219, 76.00281524658203, 71.4603042602539, 68.43026733398438, 68.51018524169922, 63.24429702758789, 62.656986236572266, 43.75307846069336, 42.144588470458984], "7": [41.85720443725586, 42.68141555786133, 42.17840576171875, 42.045509338378906, 42.39639663696289, 42.362457275390625, 40.95631790161133, 66.29586791992188, 68.4705810546875, 68.81660461425781, 74.79326629638672, 91.71343994140625, 90.11612701416016, 91.98136138916016, 96.92799377441406, 108.0059814453125, 107.96388244628906, 103.97096252441406, 86.03150939941406, 82.41732788085938, 66.09114837646484, 63.7003288269043, 43.63170623779297, 43.261863708496094], "8": [43.77950668334961, 45.118377685546875, 46.49410629272461, 47.33233642578125, 46.95713424682617, 46.0223274230957, 43.822452545166016, 64.8907241821289, 64.8178939819336, 65.05933380126953, 63.81498336791992, 63.071720123291016, 61.825679779052734, 60.97974395751953, 61.894309997558594, 60.14427185058594, 60.93695831298828, 61.03845977783203, 61.190345764160156, 60.21623611450195, 60.834075927734375, 61.89128112792969, 42.58100509643555, 45.41057586669922], "9": [44.45269775390625, 44.838539123535156, 46.45038986206055, 46.14232635498047, 45.00919723510742, 43.82854461669922, 41.74424743652344, 63.129573822021484, 62.559024810791016, 62.821250915527344, 61.572715759277344, 61.93376159667969, 61.75337600708008, 61.88540267944336, 60.98802185058594, 60.632755279541016, 61.388587951660156, 61.33977508544922, 61.44354248046875, 61.00189971923828, 62.13571548461914, 64.27018737792969, 46.42275619506836, 45.22957992553711], "10": [43.59303665161133, 42.94035339355469, 41.311180114746094, 41.66191864013672, 45.79854965209961, 41.53858184814453, 40.37848663330078, 63.8818473815918, 70.0090560913086, 66.68750762939453, 75.93781280517578, 87.92150115966797, 94.99642944335938, 98.92901611328125, 99.68061065673828, 94.18311309814453, 84.0586929321289, 82.09716033935547, 79.99752807617188, 67.28854370117188, 66.48580932617188, 61.334022521972656, 43.91165542602539, 42.20317459106445], "11": [40.80003356933594, 41.932151794433594, 43.025203704833984, 40.80930709838867, 43.14533233642578, 43.83543395996094, 43.50200653076172, 63.04084014892578, 68.17334747314453, 61.99134826660156, 70.52423858642578, 73.64688873291016, 67.64310455322266, 66.90296936035156, 86.66532897949219, 85.49832153320312, 70.8427963256836, 70.39720153808594, 72.65947723388672, 66.00515747070312, 64.07051086425781, 68.33806610107422, 40.39885330200195, 39.907894134521484], "12": [40.22700881958008, 44.34163284301758, 39.61943435668945, 39.16541290283203, 40.74866485595703, 44.17158508300781, 38.35398483276367, 63.24860382080078, 70.56287384033203, 72.8322982788086, 73.22288513183594, 84.46239471435547, 92.70626068115234, 84.8370361328125, 89.52498626708984, 88.7319107055664, 89.46842193603516, 81.72048950195312, 77.47743225097656, 75.94463348388672, 74.63597106933594, 74.2459716796875, 41.833251953125, 43.74165725708008], "13": [42.55038070678711, 44.29230499267578, 42.51366424560547, 44.001346588134766, 41.95138168334961, 41.59120178222656, 42.30828094482422, 68.90715789794922, 70.31619262695312, 71.1178970336914, 77.9109878540039, 82.04507446289062, 85.14382934570312, 86.52318572998047, 81.22689819335938, 82.44696044921875, 82.08385467529297, 83.45023345947266, 72.05674743652344, 70.02909851074219, 66.54447174072266, 68.04496765136719, 41.683380126953125, 42.52341842651367], "14": [42.352256774902344, 42.233890533447266, 42.8989372253418, 42.193382263183594, 41.51219940185547, 41.90568923950195, 43.53818130493164, 68.2708969116211, 65.61902618408203, 70.32276916503906, 78.93498992919922, 86.09432983398438, 77.902587890625, 74.40472412109375, 70.49295043945312, 72.35907745361328, 72.97494506835938, 70.06499481201172, 71.39920806884766, 68.81742858886719, 66.11622619628906, 66.81613159179688, 42.93348693847656, 42.62637710571289], "15": [42.38434600830078, 41.51409912109375, 42.15195846557617, 42.760765075683594, 42.99824142456055, 42.348934173583984, 41.37619400024414, 65.60159301757812, 66.14478302001953, 66.95369720458984, 65.15424346923828, 64.9444808959961, 64.91260528564453, 65.26461791992188, 64.90106964111328, 65.30179595947266, 76.59346008300781, 76.16262817382812, 76.31497192382812, 66.985595703125, 65.74092864990234, 65.36886596679688, 40.93509292602539, 41.88623809814453], "16": [41.53787612915039, 42.01001739501953, 42.09117889404297, 41.85823440551758, 41.71833419799805, 41.74710464477539, 41.50791931152344, 65.50518035888672, 66.779052734375, 66.30361938476562, 65.09404754638672, 66.91883087158203, 66.24749755859375, 66.1233139038086, 65.2337646484375, 66.08739471435547, 66.1757583618164, 66.11253356933594, 65.0088882446289, 64.62843322753906, 65.73487854003906, 66.0430679321289, 42.00223922729492, 42.28080749511719], "17": [40.76242446899414, 42.25453567504883, 41.92129898071289, 42.7304801940918, 42.74610137939453, 42.45774841308594, 41.275787353515625, 66.99311828613281, 70.6387710571289, 72.0181884765625, 81.69039154052734, 80.0389633178711, 85.03144073486328, 87.8879165649414, 89.09281158447266, 88.8338623046875, 86.29090118408203, 80.48470306396484, 89.1767807006836, 72.39187622070312, 66.02450561523438, 66.29623413085938, 39.900604248046875, 41.764793395996094],