{"2019": {"6": {"1": [37.95416259765625, 37.87160873413086, 37.98680114746094, 38.211463928222656, 37.72313690185547, 37.111663818359375, 35.43501663208008, 36.46443176269531, 36.627986907958984, 36.81275177001953, 36.959014892578125, 36.61933898925781, 36.173797607421875, 36.13721466064453, 37.78718566894531, 36.019195556640625, 35.79376983642578, 35.209232330322266, 35.557010650634766, 35.91913986206055, 35.42359161376953, 35.259708404541016, 36.75802230834961, 36.648067474365234], "2": [36.25553512573242, 36.47766876220703, 35.957923889160156, 36.184478759765625, 36.63918685913086, 36.392921447753906, 35.58977508544922, 35.50563049316406, 35.73826599121094, 35.442073822021484, 35.41130065917969, 35.805477142333984, 36.29239273071289, 36.41565704345703, 43.264835357666016, 40.59777069091797, 35.692970275878906, 35.64531326293945, 35.60421371459961, 35.63086700439453, 35.529178619384766, 35.67722702026367, 36.81611633300781, 36.809757232666016], "3": [36.466407775878906, 36.57488250732422, 36.50170135498047, 36.6374397277832, 36.41515350341797, 36.19915008544922, 35.65687561035156, 41.13419723510742, 41.0881233215332, 40.84431838989258, 46.22672653198242, 46.85138702392578, 46.662078857421875, 46.78742599487305, 48.22655487060547, 46.28664016723633, 43.10224914550781, 42.33165740966797, 37.635047912597656, 36.967037200927734, 36.803489685058594, 37.09111404418945, 38.71269989013672, 38.215476989746094], "4": [38.04646682739258, 38.15047836303711, 37.79774856567383, 38.11313247680664, 38.331031799316406, 38.28523254394531, 36.42620849609375, 42.15293502807617, 42.232398986816406, 41.657440185546875, 46.5863037109375, 46.20900344848633, 45.99851608276367, 46.08582305908203, 44.852848052978516, 46.3339958190918, 42.10744857788086, 41.33363342285156, 35.96464538574219, 35.774269104003906, 35.77607345581055, 35.69044876098633, 36.811466217041016, 37.2166748046875], "5": [37.027000427246094, 37.18505096435547, 37.385921478271484, 37.06669616699219, 36.668182373046875, 36.304931640625, 36.031005859375, 40.41056823730469, 40.985599517822266, 41.80594253540039, 45.42276382446289, 45.74418258666992, 47.43442153930664, 46.96669006347656, 46.85637283325195, 46.661521911621094, 43.280853271484375, 40.216773986816406, 39.709041595458984, 37.03642272949219, 36.52129364013672, 36.389862060546875, 37.59210968017578, 37.56841278076172], "6": [37.28984069824219, 37.03278350830078, 36.29832077026367, 36.38420486450195, 36.76638412475586, 36.739627838134766, 36.62864303588867, 40.55193328857422, 39.916446685791016, 43.11460876464844, 44.58964157104492, 46.03713607788086, 46.09554672241211, 45.129295349121094, 45.950260162353516, 44.73231887817383, 43.60369873046875, 41.794315338134766, 37.960689544677734, 37.87586212158203, 38.0921630859375, 37.79572296142578, 38.709197998046875, 38.661041259765625], "7": [38.47862243652344, 38.617149353027344, 38.52681350708008, 38.33580780029297, 38.76638412475586, 39.0217399597168, 37.6818733215332, 41.246055603027344, 41.70014190673828, 44.35685348510742, 44.299652099609375, 45.93574523925781, 46.33333206176758, 45.4242057800293, 45.730411529541016, 45.9879264831543, 45.08788299560547, 40.15108108520508, 35.155723571777344, 35.255226135253906, 35.563079833984375, 34.91361999511719, 35.54815673828125, 35.294151306152344], "8": [35.88468933105469, 35.6355094909668, 35.80153274536133, 35.58021545410156, 35.45749282836914, 35.57463836669922, 34.41698455810547, 35.006988525390625, 35.14592742919922, 35.49824523925781, 35.77043533325195, 35.64189147949219, 35.496788024902344, 34.92711639404297, 34.92829513549805, 34.582950592041016, 34.35749816894531, 34.59318923950195, 34.44109344482422, 34.05940246582031, 34.05509948730469, 34.137046813964844, 35.3551025390625, 35.41436767578125], "9": [35.31375503540039, 35.51832962036133, 36.02749252319336, 35.84212112426758, 35.67704772949219, 35.59577941894531, 34.40556335449219, 34.60786819458008, 34.54267883300781, 34.65192413330078, 34.756797790527344, 34.81402587890625, 34.617374420166016, 34.27423095703125, 34.81132888793945, 34.46261215209961, 34.34754180908203, 34.63340377807617, 34.0440673828125, 34.57731628417969, 34.579803466796875, 34.276763916015625, 35.23020553588867, 35.518959045410156], "10": [35.96470642089844, 35.618587493896484, 35.85380172729492, 35.70075607299805, 35.870758056640625, 35.818756103515625, 34.84223175048828, 40.960426330566406, 40.56862258911133, 43.70801544189453, 43.848670959472656, 44.530662536621094, 43.758819580078125, 44.14537048339844, 44.99509811401367, 49.21771240234375, 42.62644958496094, 39.44661331176758, 37.5599250793457, 35.369022369384766, 35.25530242919922, 34.925907135009766, 35.73600387573242, 35.973812103271484], "11": [35.83302688598633, 35.20603561401367, 35.63909912109375, 35.627532958984375, 35.59033966064453, 35.06431579589844, 34.83327102661133, 40.593997955322266, 40.66653823852539, 43.12883758544922, 44.27031707763672, 44.80089569091797, 44.91050720214844, 44.857872009277344, 44.522422790527344, 44.83345031738281, 40.98957061767578, 40.55571365356445, 39.03291702270508, 34.773014068603516, 35.38401412963867, 35.53487777709961, 36.62994384765625, 36.75035858154297], "12": [36.68180847167969, 36.215431213378906, 36.55706787109375, 35.96255874633789, 36.39134216308594, 36.38270568847656, 35.03642654418945, 40.42827606201172, 39.612525939941406, 43.30882263183594, 43.431129455566406, 45.15064239501953, 44.73625564575195, 44.63296127319336, 45.998626708984375, 44.46550369262695, 40.78947067260742, 41.94144821166992, 36.64440155029297, 36.356834411621094, 36.78822326660156, 35.91618347167969, 37.567413330078125, 36.894683837890625], "13": [37.33808517456055, 37.2149658203125, 37.223026275634766, 37.69981002807617, 37.50956726074219, 37.26597213745117, 36.16825866699219, 41.77664566040039, 44.049171447753906, 45.61748123168945, 45.52487564086914, 46.46310806274414, 53.03642654418945, 51.11647415161133, 52.40134048461914, 49.00355911254883, 41.88949966430664, 37.39182662963867, 36.55116653442383, 35.3594970703125, 35.628570556640625, 35.01821517944336, 36.47356033325195, 36.73579025268555], "14": [36.25827407836914, 36.328948974609375, 36.26780700683594, 36.677555084228516, 36.707679748535156, 36.73564529418945, 35.64951705932617, 40.494388580322266, 40.58136749267578, 43.436920166015625, 45.57444763183594, 45.633697509765625, 46.94192886352539, 47.31369400024414, 47.8095703125, 46.10206985473633, 42.72833251953125, 40.90559768676758, 39.57384490966797, 35.804908752441406, 35.64307403564453, 34.911109924316406, 36.33787536621094, 36.29463195800781], "15": [36.48828887939453, 36.64091491699219, 35.958499908447266, 36.54962158203125, 36.6295280456543, 36.915218353271484, 35.29192352294922, 36.001258850097656, 36.327003479003906, 36.37410354614258, 36.330936431884766, 36.96055603027344, 36.01970672607422, 35.811744689941406, 35.516578674316406, 35.061363220214844, 35.20627212524414, 35.16873550415039, 35.100624084472656, 35.0405158996582, 35.17289352416992, 34.99781799316406, 36.26519012451172, 35.75706100463867], "16": [35.46253204345703, 36.11371994018555, 36.63085174560547, 36.50003433227539, 35.97683334350586, 36.03245162963867, 34.727970123291016, 35.739471435546875, 34.76911926269531, 34.84192657470703, 35.1269645690918, 35.571014404296875, 35.71088790893555, 35.69966506958008, 36.022098541259766, 35.760032653808594, 34.55868148803711, 34.38561248779297, 34.89605712890625, 34.9914665222168, 35.21333312988281, 35.16629409790039, 36.56439208984375, 36.290077209472656], "17": [36.0860595703125, 36.32264709472656, 36.16057586669922, 36.074127197265625, 36.777435302734375, 36.87373352050781, 35.602787017822266, 40.340633392333984, 41.021053314208984, 43.116455078125, 44.116268157958984, 46.402122497558594, 51.488006591796875, 50.75188446044922, 52.52655029296875, 50.65874481201172, 41.87357711791992, 40.93085861206055, 38.509986877441406, 36.05083465576172, 36.67487716674805, 35.98231887817383, 37.60902786254883, 37.04689407348633],