{"2019": {"6": {"1": [94.82404327392578, 86.62889099121094, 89.1067123413086, 86.11901092529297, 87.14470672607422, 89.55414581298828, 99.58255767822266, 154.21469116210938, 151.9873809814453, 154.54486083984375, 181.7925567626953, 205.5942840576172, 205.4539337158203, 202.2789306640625, 204.2615509033203, 196.0301513671875, 204.18795776367188, 188.8539581298828, 134.3964385986328, 166.30667114257812, 162.329345703125, 137.22332763671875, 115.60980987548828, 99.385009765625], "2": [80.36600494384766, 74.17286682128906, 71.76880645751953, 68.65227508544922, 71.85527801513672, 71.92227172851562, 90.9700698852539, 161.21170043945312, 144.79095458984375, 150.50013732910156, 208.7335968017578, 192.03724670410156, 179.9962615966797, 185.1821746826172, 201.289794921875, 183.94740295410156, 194.48150634765625, 196.9922332763672, 146.93296813964844, 144.33441162109375, 141.45785522460938, 140.67979431152344, 122.75310516357422, 108.77229309082031], "3": [94.56770324707031, 84.78767395019531, 84.38127899169922, 84.65928649902344, 84.63349151611328, 107.5941390991211, 114.89768981933594, 153.01651000976562, 206.7957305908203, 242.46371459960938, 249.98406982421875, 241.219970703125, 242.59568786621094, 250.58349609375, 235.6855926513672, 247.48036193847656, 248.81594848632812, 237.5440673828125, 218.7385711669922, 197.49267578125, 159.11537170410156, 129.28648376464844, 117.76012420654297, 103.06878662109375], "4": [92.99098205566406, 91.70635986328125, 89.66400146484375, 80.357421875, 88.42427062988281, 88.50238037109375, 132.91970825195312, 162.86016845703125, 211.036865234375, 223.71307373046875, 239.20391845703125, 237.25172424316406, 237.68812561035156, 239.23316955566406, 243.86375427246094, 242.52073669433594, 256.0376281738281, 238.81236267089844, 211.2247772216797, 201.6982879638672, 179.86660766601562, 128.61280822753906, 124.75897216796875, 105.60774993896484], "5": [82.09632873535156, 84.88172912597656, 82.1548080444336, 72.10833740234375, 77.95225524902344, 78.08399963378906, 109.30451965332031, 154.13558959960938, 190.62277221679688, 228.64352416992188, 245.05206298828125, 245.86349487304688, 247.3021240234375, 252.49398803710938, 248.0922088623047, 230.28091430664062, 250.27194213867188, 221.2980194091797, 203.03404235839844, 198.68482971191406, 143.47018432617188, 122.09751892089844, 110.1927490234375, 105.38983154296875], "6": [78.85204315185547, 81.42803192138672, 75.96341705322266, 69.98883819580078, 77.92536163330078, 79.17017364501953, 109.3316421508789, 137.87203979492188, 188.8362274169922, 220.25357055664062, 237.22190856933594, 238.75694274902344, 230.76199340820312, 245.6692352294922, 229.7255859375, 238.63284301757812, 244.2988739013672, 224.23521423339844, 203.452880859375, 182.98744201660156, 152.99562072753906, 124.116943359375, 115.96410369873047, 99.01253509521484], "7": [78.72532653808594, 82.32077026367188, 78.82608795166016, 78.34496307373047, 81.74237060546875, 81.0956802368164, 113.74707794189453, 142.82159423828125, 172.02882385253906, 194.64016723632812, 220.564697265625, 221.9909210205078, 224.340576171875, 228.63600158691406, 235.94175720214844, 225.3961944580078, 227.7915496826172, 211.5413360595703, 209.596923828125, 176.42539978027344, 167.47337341308594, 152.92189025878906, 140.17330932617188, 103.89188385009766], "8": [87.53591918945312, 81.5952377319336, 76.9823989868164, 76.54116821289062, 77.6758041381836, 77.77335357666016, 89.12633514404297, 103.76834106445312, 114.13069152832031, 136.1900177001953, 148.57034301757812, 191.14784240722656, 194.11386108398438, 180.2110137939453, 188.68247985839844, 186.3289794921875, 197.5636444091797, 172.57273864746094, 124.1375961303711, 128.04925537109375, 144.94931030273438, 102.61546325683594, 92.63298797607422, 80.33300018310547], "9": [65.92842102050781, 66.66737365722656, 67.0442123413086, 64.91168975830078, 68.45702362060547, 68.71940612792969, 82.43134307861328, 100.84053802490234, 113.35525512695312, 133.7685546875, 156.34449768066406, 186.52552795410156, 158.3804931640625, 164.0460968017578, 164.91766357421875, 156.32574462890625, 188.66343688964844, 141.66455078125, 118.62791442871094, 134.2991180419922, 132.2772216796875, 100.73617553710938, 91.2305908203125, 79.77735900878906], "10": [66.4035415649414, 66.66057586669922, 69.78998565673828, 65.7588882446289, 69.17322540283203, 67.46159362792969, 94.66901397705078, 127.942138671875, 184.61151123046875, 244.07522583007812, 250.7500457763672, 253.0323944091797, 257.0604553222656, 260.67431640625, 251.34226989746094, 259.52740478515625, 241.239013671875, 248.43333435058594, 221.50326538085938, 204.99391174316406, 181.00941467285156, 111.73402404785156, 97.714599609375, 82.21086883544922], "11": [73.80644226074219, 77.11572265625, 72.09077453613281, 71.60619354248047, 74.79365539550781, 71.07169342041016, 104.29090118408203, 143.2233123779297, 192.55857849121094, 271.3039855957031, 253.92532348632812, 252.35260009765625, 259.6990966796875, 271.09381103515625, 261.20098876953125, 263.2264709472656, 262.6255798339844, 240.53175354003906, 235.61343383789062, 207.85841369628906, 173.9851531982422, 142.52716064453125, 121.24998474121094, 107.4352798461914], "12": [90.28780364990234, 78.48538208007812, 73.09711456298828, 73.957275390625, 75.8235855102539, 76.16158294677734, 104.83279418945312, 145.6648406982422, 180.0595703125, 239.2335968017578, 251.9152374267578, 253.10972595214844, 258.382080078125, 263.89605712890625, 256.9273681640625, 250.6000518798828, 255.65310668945312, 248.52935791015625, 229.2250518798828, 215.99017333984375, 187.793701171875, 137.7975311279297, 140.0445556640625, 107.18606567382812], "13": [98.43397521972656, 99.32333374023438, 100.20658874511719, 90.30381774902344, 96.32315826416016, 116.9304428100586, 133.36212158203125, 148.7398223876953, 200.6863555908203, 239.79066467285156, 255.46905517578125, 253.18128967285156, 261.2906494140625, 270.4605712890625, 266.4236145019531, 244.952392578125, 263.1106872558594, 253.1314697265625, 251.1356201171875, 220.18673706054688, 198.98741149902344, 176.521240234375, 154.83615112304688, 116.26651000976562], "14": [81.98836517333984, 78.45402526855469, 73.87705993652344, 74.00933837890625, 75.55601501464844, 75.25511169433594, 100.44752502441406, 140.1437530517578, 176.77357482910156, 212.6197509765625, 241.98777770996094, 238.78439331054688, 240.78515625, 246.93553161621094, 238.71458435058594, 238.2023468017578, 242.41310119628906, 232.168701171875, 222.35902404785156, 189.88160705566406, 185.6458740234375, 161.39512634277344, 135.36178588867188, 101.20736694335938], "15": [87.77062225341797, 92.4419937133789, 85.71886444091797, 81.06192779541016, 80.884521484375, 79.88771057128906, 91.69986724853516, 110.84362030029297, 118.64124298095703, 138.62176513671875, 180.3180694580078, 179.60816955566406, 192.26600646972656, 193.4348602294922, 195.5890350341797, 197.9828643798828, 208.15615844726562, 186.26438903808594, 132.9864501953125, 130.91152954101562, 149.9171142578125, 126.7735824584961, 116.79256439208984, 101.3258056640625], "16": [74.11808013916016, 73.91051483154297, 73.8204116821289, 71.48600006103516, 72.48329162597656, 72.69499206542969, 85.23442077636719, 135.8570098876953, 130.7091064453125, 146.31072998046875, 157.12722778320312, 194.76602172851562, 195.43984985351562, 172.48944091796875, 182.45834350585938, 203.24391174316406, 179.86029052734375, 159.95411682128906, 158.62074279785156, 129.8535919189453, 129.0645294189453, 151.06399536132812, 119.34471130371094, 103.83769989013672], "17": [75.59789276123047, 74.79346466064453, 74.4673843383789, 73.00146484375, 73.74560546875, 72.0841293334961, 99.77578735351562, 166.23817443847656, 189.63845825195312, 228.13339233398438, 254.13795471191406, 245.55615234375, 252.60215759277344, 258.95819091796875, 266.9962158203125, 251.33111572265625, 264.4767150878906, 241.39273071289062, 237.29270935058594, 206.53973388671875, 177.25852966308594, 126.07372283935547, 115.84066772460938, 99.16226196289062],