{"2019": {"6": {"1": [461.2779235839844, 457.9953918457031, 508.4804382324219, 426.9021911621094, 422.8690490722656, 418.45367431640625, 408.84259033203125, 426.8630065917969, 500.5312805175781, 466.6093444824219, 481.7586364746094, 561.3291015625, 579.0554809570312, 498.33990478515625, 519.9721069335938, 530.2395629882812, 507.94024658203125, 520.812744140625, 561.1270141601562, 512.3361206054688, 513.8601684570312, 505.5035095214844, 466.20916748046875, 466.7869567871094], "2": [455.9234619140625, 473.3256530761719, 443.4827575683594, 434.0194091796875, 501.3654479980469, 427.15423583984375, 420.1883239746094, 432.26190185546875, 460.17572021484375, 438.0393981933594, 465.8992004394531, 507.8468017578125, 500.4866638183594, 573.6624755859375, 578.4589233398438, 575.5023193359375, 579.272705078125, 586.1943359375, 583.2644653320312, 555.6522827148438, 557.2105102539062, 574.5906372070312, 537.25244140625, 444.631103515625], "3": [437.4315185546875, 510.0318603515625, 425.16656494140625, 439.0543518066406, 424.2197265625, 422.5293273925781, 431.591796875, 469.44415283203125, 463.87139892578125, 557.1245727539062, 483.80987548828125, 480.5369873046875, 497.9064025878906, 517.5197143554688, 582.4063720703125, 585.6107177734375, 577.129638671875, 569.3973999023438, 569.8915405273438, 563.3154296875, 494.033447265625, 539.6077270507812, 528.4514770507812, 438.05731201171875], "4": [446.9233093261719, 442.6778869628906, 403.0591735839844, 438.4249267578125, 402.7196960449219, 403.033447265625, 306.8856201171875, 361.0386047363281, 363.8018798828125, 481.2375793457031, 401.7196960449219, 396.5502014160156, 564.3681640625, 512.6324462890625, 607.706298828125, 530.0186157226562, 549.94970703125, 582.9063720703125, 578.7843017578125, 541.3484497070312, 530.5565795898438, 541.4730834960938, 526.3779296875, 485.0256042480469], "5": [447.8838806152344, 493.67138671875, 419.4436340332031, 440.92919921875, 399.0233459472656, 386.6279602050781, 424.525390625, 454.7608337402344, 468.7546081542969, 482.83795166015625, 519.229248046875, 521.5144653320312, 491.63299560546875, 501.6465148925781, 498.9216003417969, 473.127197265625, 509.345947265625, 503.1405944824219, 539.4118041992188, 505.9952087402344, 530.5555419921875, 544.5115966796875, 466.513427734375, 445.599365234375], "6": [413.211669921875, 404.57452392578125, 394.2858581542969, 390.4399108886719, 376.9443359375, 378.4399108886719, 263.12103271484375, 476.1929931640625, 433.9859924316406, 470.0794372558594, 516.0390014648438, 470.454833984375, 481.28271484375, 499.47027587890625, 532.6286010742188, 516.9762573242188, 533.4207153320312, 593.4083251953125, 510.7181701660156, 572.0767211914062, 578.3574829101562, 565.4500122070312, 557.5079345703125, 521.9901123046875], "7": [426.82025146484375, 420.8495788574219, 417.5912780761719, 408.8947448730469, 413.0357971191406, 476.1050720214844, 400.4747009277344, 393.23175048828125, 538.0741577148438, 487.4345703125, 540.6414184570312, 491.7059631347656, 572.7108154296875, 528.4180297851562, 576.97412109375, 567.2346801757812, 530.1524658203125, 586.803466796875, 585.0853271484375, 573.6851196289062, 518.7251586914062, 510.5471496582031, 484.8983459472656, 455.4280090332031], "8": [448.307373046875, 446.53582763671875, 435.8001403808594, 432.16790771484375, 440.9411926269531, 488.7247314453125, 419.1927490234375, 396.1292724609375, 358.7021179199219, 490.5567626953125, 480.04486083984375, 571.9406127929688, 528.5787353515625, 611.1753540039062, 607.4425048828125, 616.3975219726562, 616.4817504882812, 608.1275634765625, 567.9588012695312, 567.510986328125, 567.1231079101562, 494.4939880371094, 473.74261474609375, 472.9884948730469], "9": [457.9630432128906, 455.5661315917969, 443.0116271972656, 445.0257568359375, 443.7420959472656, 487.9410400390625, 492.9905090332031, 441.8681640625, 429.515625, 336.28802490234375, 486.5269775390625, 516.4473876953125, 576.3093872070312, 580.30615234375, 503.435302734375, 570.3554077148438, 535.0159301757812, 579.453125, 591.6282348632812, 533.004638671875, 528.1491088867188, 551.0671997070312, 482.2328796386719, 471.86981201171875], "10": [537.0462646484375, 465.8499450683594, 465.68121337890625, 460.24981689453125, 454.57891845703125, 449.9189453125, 455.88104248046875, 488.4867248535156, 527.2215576171875, 617.33251953125, 483.90765380859375, 420.67010498046875, 433.5799865722656, 434.75433349609375, 450.466796875, 625.2141723632812, 687.197265625, 674.5180053710938, 671.5379028320312, 682.2341918945312, 708.5819702148438, 613.3907470703125, 607.8521118164062, 574.9852294921875], "11": [468.244873046875, 549.7547607421875, 458.4370422363281, 504.5796203613281, 382.0172119140625, 530.9902954101562, 412.2333984375, 410.7547912597656, 533.907958984375, 480.1445007324219, 489.666259765625, 495.97698974609375, 591.5545043945312, 528.0156860351562, 604.2605590820312, 622.7467651367188, 558.9632568359375, 606.7510375976562, 572.1561889648438, 634.7266235351562, 616.5852661132812, 627.8936157226562, 612.2868041992188, 592.2232055664062], "12": [532.0738525390625, 570.8265991210938, 561.5775146484375, 477.76043701171875, 480.7745056152344, 391.4443664550781, 465.9353942871094, 530.223876953125, 518.1773681640625, 543.8599243164062, 626.3905639648438, 632.6570434570312, 617.94775390625, 569.4280395507812, 634.5504760742188, 615.2232055664062, 563.4554443359375, 555.5086059570312, 555.9298706054688, 545.29150390625, 577.4449462890625, 572.4273681640625, 579.4749145507812, 538.1279296875], "13": [548.7653198242188, 545.4364013671875, 451.7601318359375, 534.5719604492188, 485.77679443359375, 430.3912048339844, 418.8861083984375, 438.89501953125, 455.7528381347656, 469.368896484375, 481.9939880371094, 490.7916564941406, 502.3955993652344, 506.22052001953125, 521.2866821289062, 515.3821411132812, 617.2020874023438, 609.5731811523438, 601.7393188476562, 590.0271606445312, 587.1695556640625, 567.4175415039062, 574.4090576171875, 510.16461181640625], "14": [480.85845947265625, 462.9630126953125, 500.2311706542969, 454.6197509765625, 497.9717102050781, 383.9170227050781, 527.1873168945312, 461.5895080566406, 473.2487487792969, 492.6329650878906, 507.25885009765625, 506.2823181152344, 497.4024353027344, 486.04302978515625, 546.389404296875, 486.301513671875, 562.3976440429688, 580.0155639648438, 572.2991943359375, 574.1167602539062, 559.036865234375, 557.0776977539062, 502.10833740234375, 487.4083557128906], "15": [512.6155395507812, 516.1897583007812, 436.6329650878906, 434.32861328125, 487.4433288574219, 416.7879943847656, 376.44708251953125, 413.3809509277344, 412.58074951171875, 387.8192443847656, 489.58197021484375, 473.9091796875, 487.94927978515625, 492.794921875, 570.1972045898438, 489.6123352050781, 506.1927795410156, 532.7196655273438, 554.8853149414062, 500.4595947265625, 482.3865966796875, 487.3265075683594, 457.614990234375, 445.46807861328125], "16": [470.46002197265625, 432.942138671875, 428.7171325683594, 431.1905212402344, 425.3607177734375, 495.3237609863281, 410.3719177246094, 426.3970031738281, 434.39141845703125, 438.2535095214844, 490.85333251953125, 486.5816345214844, 524.8914184570312, 565.5986938476562, 568.03759765625, 557.3905639648438, 552.9369506835938, 561.1918334960938, 558.1143188476562, 550.303955078125, 476.58599853515625, 539.0308227539062, 458.6935729980469, 448.4832763671875], "17": [508.7514953613281, 528.1351928710938, 475.5403137207031, 515.2894897460938, 360.02716064453125, 507.2835998535156, 424.7276306152344, 448.03033447265625, 457.2934265136719, 477.26885986328125, 492.2254943847656, 492.9246520996094, 498.7008056640625, 534.8901977539062, 506.9115905761719, 507.35174560546875, 577.9833984375, 574.681640625, 565.9581298828125, 573.995361328125, 550.7723388671875, 552.1671752929688, 521.5157470703125, 476.90447998046875],