{"2019": {"6": {"1": [16.423168182373047, 16.940038681030273, 17.48775291442871, 16.243696212768555, 20.025455474853516, 18.890140533447266, 16.123584747314453, 22.845945358276367, 22.8603572845459, 27.29731559753418, 27.021039962768555, 27.471454620361328, 29.93201446533203, 27.342952728271484, 30.673185348510742, 26.546689987182617, 33.111228942871094, 36.54933547973633, 27.282072067260742, 26.89369010925293, 25.749784469604492, 25.02077293395996, 29.99997901916504, 17.870471954345703], "2": [17.790517807006836, 18.483701705932617, 17.760990142822266, 20.863826751708984, 19.988046646118164, 17.864351272583008, 16.01471519470215, 25.052770614624023, 27.05683135986328, 24.45663833618164, 28.86037254333496, 24.962026596069336, 25.732091903686523, 26.130800247192383, 28.1527099609375, 29.030237197875977, 26.175445556640625, 25.38483238220215, 26.329607009887695, 29.487953186035156, 29.219253540039062, 26.199398040771484, 26.742563247680664, 17.42232894897461], "3": [17.468564987182617, 16.978235244750977, 19.61178970336914, 19.664947509765625, 16.238346099853516, 16.263410568237305, 14.64566421508789, 22.855623245239258, 27.137664794921875, 30.161413192749023, 29.6888370513916, 26.231464385986328, 29.053997039794922, 29.157020568847656, 33.79017639160156, 32.293575286865234, 28.815330505371094, 29.29210090637207, 31.44883918762207, 26.888126373291016, 26.080707550048828, 25.275850296020508, 26.8317813873291, 20.57164192199707], "4": [19.4837589263916, 18.0481014251709, 17.978601455688477, 17.667482376098633, 18.22054100036621, 17.672578811645508, 15.480836868286133, 25.038610458374023, 27.423837661743164, 25.671913146972656, 26.169010162353516, 27.81080436706543, 26.819196701049805, 25.381698608398438, 23.591753005981445, 29.668956756591797, 26.46751594543457, 28.01764488220215, 25.356969833374023, 25.364294052124023, 23.89658546447754, 27.631240844726562, 25.01633071899414, 20.553525924682617], "5": [17.406803131103516, 17.98440933227539, 20.938785552978516, 17.18305778503418, 16.972707748413086, 16.827842712402344, 15.275171279907227, 24.46965980529785, 27.644779205322266, 25.267181396484375, 26.961938858032227, 30.169113159179688, 25.707712173461914, 26.263086318969727, 27.505327224731445, 24.982187271118164, 28.997573852539062, 28.834257125854492, 30.68488311767578, 23.905128479003906, 26.152502059936523, 34.304931640625, 26.028255462646484, 17.01383399963379], "6": [16.102556228637695, 19.703914642333984, 17.481496810913086, 17.939062118530273, 15.346423149108887, 15.381491661071777, 14.710394859313965, 22.666170120239258, 22.407852172851562, 24.5284366607666, 28.039958953857422, 25.274587631225586, 28.399717330932617, 28.62506675720215, 28.709613800048828, 26.561613082885742, 26.486860275268555, 26.661378860473633, 24.974485397338867, 24.98792839050293, 25.00664520263672, 23.742019653320312, 29.728559494018555, 18.699356079101562], "7": [19.06546401977539, 15.79996109008789, 15.43359088897705, 15.220335960388184, 15.370657920837402, 14.947260856628418, 14.276348114013672, 26.37989616394043, 22.364347457885742, 23.790578842163086, 28.349687576293945, 25.044466018676758, 27.24818229675293, 26.96119499206543, 29.060991287231445, 27.563892364501953, 25.779321670532227, 25.434823989868164, 27.915433883666992, 23.54554557800293, 24.32236671447754, 23.263839721679688, 25.284286499023438, 17.2033634185791], "8": [19.246538162231445, 22.231693267822266, 16.831144332885742, 20.666534423828125, 18.225645065307617, 16.814285278320312, 15.298925399780273, 24.27092742919922, 23.3565731048584, 24.327653884887695, 25.905025482177734, 28.255714416503906, 26.743064880371094, 27.29152488708496, 28.8330020904541, 33.986026763916016, 38.54004669189453, 31.94526481628418, 29.2368106842041, 27.58808135986328, 26.640411376953125, 25.48326873779297, 27.563962936401367, 17.7294979095459], "9": [18.613046646118164, 20.46022605895996, 21.46676254272461, 17.91469383239746, 17.900121688842773, 17.91954803466797, 16.564790725708008, 27.836776733398438, 26.821760177612305, 27.40250587463379, 27.462114334106445, 30.98509407043457, 27.30310821533203, 29.580841064453125, 27.779985427856445, 31.778600692749023, 33.92135238647461, 28.784095764160156, 26.0280704498291, 28.50038719177246, 25.910348892211914, 26.37150764465332, 26.857622146606445, 17.12980842590332], "10": [15.878793716430664, 15.29588508605957, 15.277791023254395, 15.30667781829834, 17.25845718383789, 15.281288146972656, 13.749624252319336, 22.341232299804688, 22.694307327270508, 22.533546447753906, 23.715158462524414, 34.194705963134766, 25.868623733520508, 31.097740173339844, 29.76838493347168, 33.11170196533203, 28.437103271484375, 27.773263931274414, 27.23172378540039, 26.258996963500977, 25.97148895263672, 30.2370662689209, 27.938838958740234, 18.144020080566406], "11": [16.943498611450195, 17.949214935302734, 21.253559112548828, 16.253381729125977, 15.692794799804688, 15.300427436828613, 13.538217544555664, 21.8797550201416, 24.343996047973633, 23.769567489624023, 27.357494354248047, 24.76595687866211, 26.70640754699707, 28.363107681274414, 26.565683364868164, 26.148700714111328, 30.002994537353516, 29.55010414123535, 31.602134704589844, 29.639507293701172, 29.507450103759766, 26.303834915161133, 25.882572174072266, 17.676677703857422], "12": [19.100149154663086, 16.45962905883789, 16.858623504638672, 15.158202171325684, 15.127664566040039, 15.414482116699219, 13.439775466918945, 24.79759407043457, 24.065189361572266, 28.75396728515625, 27.548036575317383, 29.75784683227539, 28.841169357299805, 30.8048095703125, 28.398195266723633, 33.75550842285156, 33.49827575683594, 30.57673454284668, 30.72647476196289, 31.821401596069336, 29.784759521484375, 33.6738166809082, 27.627519607543945, 19.63078498840332], "13": [17.713180541992188, 17.860624313354492, 18.386934280395508, 20.702682495117188, 16.32171058654785, 16.051395416259766, 16.236114501953125, 23.656269073486328, 28.159963607788086, 25.854820251464844, 29.055034637451172, 29.22910499572754, 29.9317569732666, 30.184402465820312, 30.987886428833008, 27.062726974487305, 28.096134185791016, 33.00190353393555, 28.86952781677246, 29.28409767150879, 26.604726791381836, 28.972021102905273, 27.191852569580078, 18.64918327331543], "14": [17.800384521484375, 19.95825958251953, 19.24826431274414, 15.559859275817871, 15.69002628326416, 15.675643920898438, 16.380788803100586, 24.694198608398438, 22.18484878540039, 22.09441375732422, 24.262407302856445, 24.901166915893555, 25.543743133544922, 30.033464431762695, 26.43225860595703, 29.98102378845215, 31.3031063079834, 30.37079620361328, 25.536418914794922, 27.51938819885254, 24.801809310913086, 27.60595703125, 26.648622512817383, 21.718259811401367], "15": [17.381162643432617, 19.27454948425293, 17.198583602905273, 17.694854736328125, 15.162820816040039, 15.211406707763672, 13.15373706817627, 25.170507431030273, 21.67706871032715, 23.778976440429688, 26.35803985595703, 29.016157150268555, 24.36824607849121, 26.827951431274414, 27.288185119628906, 25.748167037963867, 25.3786678314209, 31.08289909362793, 26.059158325195312, 25.927690505981445, 25.3536376953125, 25.544937133789062, 25.610864639282227, 16.823007583618164], "16": [17.177621841430664, 20.57706069946289, 16.671737670898438, 16.327789306640625, 18.934001922607422, 16.499591827392578, 19.70718765258789, 24.709470748901367, 23.1234188079834, 23.361385345458984, 28.779441833496094, 25.558603286743164, 25.720043182373047, 24.651403427124023, 30.091934204101562, 25.130386352539062, 27.833498001098633, 25.948131561279297, 25.061410903930664, 25.167261123657227, 28.01359748840332, 34.74958801269531, 26.356670379638672, 19.094345092773438],