{"2019": {"6": {"1": [257.8121337890625, 234.2729034423828, 246.2052764892578, 244.88150024414062, 237.15536499023438, 243.54501342773438, 245.89205932617188, 235.6553192138672, 252.0141143798828, 284.5303039550781, 334.1233825683594, 337.5793151855469, 333.8271484375, 326.44805908203125, 333.1986083984375, 312.66229248046875, 292.493896484375, 262.3995361328125, 261.32061767578125, 254.63833618164062, 240.41793823242188, 248.1909942626953, 242.77723693847656, 239.76840209960938], "2": [239.5482635498047, 242.81529235839844, 236.4183349609375, 235.09742736816406, 237.5987091064453, 233.31044006347656, 240.34506225585938, 237.1476287841797, 259.5972595214844, 282.46630859375, 322.8821105957031, 335.38458251953125, 334.8537292480469, 339.78094482421875, 331.7541198730469, 329.11212158203125, 299.946533203125, 272.1835021972656, 292.4255065917969, 278.0615539550781, 266.5026550292969, 269.033447265625, 267.5714111328125, 260.4355773925781], "3": [245.06317138671875, 238.33102416992188, 233.60543823242188, 231.27642822265625, 240.08155822753906, 242.5697784423828, 242.5261993408203, 293.91705322265625, 302.94873046875, 342.8551330566406, 386.1963195800781, 386.83941650390625, 412.5809020996094, 418.1640930175781, 418.9551696777344, 421.51556396484375, 399.8742370605469, 368.8481140136719, 334.78387451171875, 309.5220031738281, 295.2419128417969, 289.842529296875, 281.0948181152344, 287.34283447265625], "4": [275.9580383300781, 275.006103515625, 274.9066467285156, 276.80023193359375, 275.27813720703125, 277.05120849609375, 283.8058166503906, 316.3924560546875, 334.9643859863281, 332.3168029785156, 353.4026184082031, 395.0129089355469, 412.17193603515625, 412.73687744140625, 396.3414001464844, 402.6786193847656, 388.5211181640625, 350.419677734375, 319.85162353515625, 283.1726989746094, 285.0457458496094, 281.840087890625, 278.4122009277344, 275.9915771484375], "5": [263.91796875, 262.67816162109375, 269.8934326171875, 260.1722717285156, 254.40074157714844, 249.46432495117188, 256.3920593261719, 285.5273132324219, 302.717529296875, 324.8786926269531, 343.5388488769531, 357.2521057128906, 385.68878173828125, 370.8460693359375, 382.6844482421875, 362.5130920410156, 374.5749206542969, 307.6435852050781, 281.1262512207031, 269.5000305175781, 252.8597412109375, 258.220947265625, 261.6406555175781, 272.6811218261719], "6": [263.7427062988281, 263.7759704589844, 261.2340393066406, 264.6650695800781, 268.85968017578125, 278.55584716796875, 278.2112731933594, 323.0713806152344, 351.0243835449219, 339.4483947753906, 377.6936340332031, 379.970458984375, 388.184326171875, 398.3699951171875, 412.1444396972656, 396.40625, 390.9385070800781, 338.5027160644531, 304.8438415527344, 272.3016357421875, 265.26263427734375, 264.22625732421875, 268.92584228515625, 261.44342041015625], "7": [262.6822204589844, 264.31072998046875, 266.0091552734375, 271.1623840332031, 269.1866455078125, 274.48846435546875, 265.37969970703125, 313.00640869140625, 343.3423156738281, 358.8080139160156, 360.5729064941406, 405.75469970703125, 357.0314636230469, 373.3301086425781, 377.94085693359375, 384.8840637207031, 395.8179016113281, 336.1201477050781, 315.169677734375, 291.4443359375, 270.76666259765625, 259.7191162109375, 251.43048095703125, 239.4334716796875], "8": [245.61619567871094, 239.78480529785156, 242.8553466796875, 239.6094207763672, 244.89503479003906, 248.18292236328125, 255.3902587890625, 256.5267639160156, 259.52642822265625, 281.3583068847656, 275.63153076171875, 299.1953430175781, 300.9383544921875, 300.5226135253906, 311.27679443359375, 309.0275573730469, 285.9857482910156, 255.2047119140625, 250.81825256347656, 263.7010498046875, 262.2950134277344, 255.87730407714844, 259.48358154296875, 236.79502868652344], "9": [244.5818328857422, 244.90325927734375, 252.33450317382812, 238.797119140625, 250.5585174560547, 244.721435546875, 241.93946838378906, 249.52439880371094, 266.657958984375, 282.6519470214844, 297.8213195800781, 284.860107421875, 295.4434509277344, 285.2825012207031, 324.9364929199219, 320.60980224609375, 327.1423645019531, 280.53436279296875, 293.8948974609375, 264.0746154785156, 248.44520568847656, 242.20899963378906, 263.40362548828125, 263.520263671875], "10": [236.8141326904297, 241.13885498046875, 237.8018035888672, 232.38876342773438, 241.22817993164062, 237.3400421142578, 242.8043212890625, 293.1925964355469, 318.1483459472656, 319.4609680175781, 344.95111083984375, 350.7549743652344, 381.94525146484375, 368.28082275390625, 376.7685546875, 379.1087951660156, 382.00506591796875, 322.0217590332031, 310.8868103027344, 270.8839416503906, 261.5729064941406, 257.5509338378906, 260.8843078613281, 254.80670166015625], "11": [258.87420654296875, 248.0083465576172, 256.5565490722656, 251.72055053710938, 252.8463897705078, 251.25526428222656, 255.49374389648438, 283.28045654296875, 339.5126953125, 352.6784362792969, 401.1562805175781, 393.1295166015625, 428.2177429199219, 435.1423034667969, 439.03411865234375, 439.74365234375, 434.1658020019531, 358.45574951171875, 343.1915283203125, 300.18121337890625, 274.0262451171875, 271.931396484375, 264.4716491699219, 255.91432189941406], "12": [261.7023010253906, 257.0128173828125, 254.17123413085938, 259.1875915527344, 255.760498046875, 257.754150390625, 265.7155456542969, 308.31903076171875, 393.2650451660156, 381.0230407714844, 403.24713134765625, 418.7518005371094, 426.37200927734375, 448.72235107421875, 460.0814514160156, 476.62933349609375, 463.865234375, 421.7154235839844, 367.14166259765625, 299.9580078125, 292.7212219238281, 290.6115417480469, 281.3092041015625, 267.3492736816406], "13": [266.8896179199219, 260.7684020996094, 239.5582275390625, 233.68685913085938, 237.69482421875, 241.01806640625, 248.99925231933594, 295.094970703125, 355.0409240722656, 373.71466064453125, 417.587890625, 421.5120849609375, 427.5223693847656, 438.90631103515625, 444.8503112792969, 427.8427734375, 439.4684143066406, 363.868408203125, 328.8681640625, 279.197265625, 264.734375, 263.86572265625, 261.8448181152344, 248.0402069091797], "14": [250.72496032714844, 242.8794403076172, 242.27264404296875, 245.2842254638672, 254.32904052734375, 253.0888671875, 251.1157684326172, 291.3989562988281, 299.2350769042969, 311.1839294433594, 365.8298645019531, 385.9385070800781, 391.82000732421875, 400.8624267578125, 395.3076477050781, 396.33392333984375, 382.6838073730469, 328.0879211425781, 297.711669921875, 276.21588134765625, 254.18228149414062, 260.2743225097656, 243.57347106933594, 254.86534118652344], "15": [244.80471801757812, 251.3579559326172, 247.99642944335938, 245.52896118164062, 240.5044403076172, 240.6731719970703, 245.69189453125, 248.49520874023438, 264.9410705566406, 284.6858215332031, 300.9778747558594, 327.0648498535156, 327.1143493652344, 326.48004150390625, 323.8489685058594, 320.99102783203125, 301.2181396484375, 271.6247863769531, 258.5423889160156, 245.94984436035156, 260.0408020019531, 245.36647033691406, 246.26779174804688, 236.0413055419922], "16": [246.0957489013672, 238.5007781982422, 241.02749633789062, 247.58766174316406, 245.6770782470703, 241.9111328125, 244.5181121826172, 244.2784881591797, 251.11196899414062, 273.71795654296875, 318.0427551269531, 308.86492919921875, 335.45953369140625, 325.85736083984375, 330.10791015625, 313.4412841796875, 291.7724304199219, 249.8461151123047, 258.62506103515625, 252.4672393798828, 250.6365203857422, 253.14883422851562, 240.71231079101562, 239.15423583984375], "17": [238.89039611816406, 245.45913696289062, 235.84182739257812, 236.22967529296875, 234.4234161376953, 240.4698944091797, 241.042724609375, 274.26116943359375, 297.39434814453125, 343.2894592285156, 380.1154479980469, 395.1006164550781, 388.4954528808594, 418.04998779296875, 423.1519470214844, 418.5205993652344, 420.8250732421875, 339.9373474121094, 303.3638916015625, 270.5157165527344, 254.47154235839844, 257.22509765625, 252.04461669921875, 249.90821838378906],