{"2019": {"6": {"1": [286.6504211425781, 288.7933349609375, 282.24542236328125, 284.6321716308594, 287.2224426269531, 296.8194885253906, 305.131103515625, 341.1942443847656, 345.75787353515625, 351.37994384765625, 369.2298889160156, 429.26007080078125, 443.49139404296875, 427.40960693359375, 442.4049987792969, 421.797607421875, 414.3795471191406, 464.609375, 451.2315673828125, 441.57818603515625, 423.8827819824219, 321.7568664550781, 300.774169921875, 297.826171875], "2": [296.5106201171875, 298.0320739746094, 297.30157470703125, 292.6119689941406, 303.6376953125, 299.42388916015625, 310.380615234375, 342.3879089355469, 358.59423828125, 354.3589172363281, 405.25140380859375, 387.6056213378906, 420.8853454589844, 429.8540344238281, 438.5950012207031, 430.2354431152344, 455.73443603515625, 440.2480163574219, 454.7297668457031, 338.5216369628906, 339.8760070800781, 338.2738952636719, 334.735107421875, 309.0284729003906], "3": [289.6266784667969, 288.14013671875, 303.79937744140625, 300.5991516113281, 307.4558410644531, 367.8335876464844, 400.34466552734375, 438.43798828125, 459.51861572265625, 486.0663757324219, 470.0361022949219, 464.6391296386719, 474.8702087402344, 491.7375793457031, 497.8300476074219, 518.7750854492188, 473.47015380859375, 505.5882568359375, 504.62969970703125, 447.5204772949219, 436.26263427734375, 400.0762939453125, 387.56787109375, 348.5028381347656], "4": [367.4462890625, 383.7228698730469, 382.14093017578125, 408.18927001953125, 399.29669189453125, 407.8711242675781, 398.8873596191406, 435.8492126464844, 446.1000671386719, 473.958984375, 457.6701354980469, 450.17572021484375, 472.740966796875, 466.0368957519531, 473.6969299316406, 493.34051513671875, 470.9321594238281, 493.4453430175781, 470.9312438964844, 452.99298095703125, 436.7964782714844, 393.306884765625, 322.0727233886719, 331.8265380859375], "5": [300.0732421875, 300.9953918457031, 298.93121337890625, 301.4241638183594, 320.7104797363281, 378.384521484375, 410.9795227050781, 432.0482177734375, 462.6929626464844, 479.9381103515625, 526.9315795898438, 535.606201171875, 540.7532348632812, 466.8009338378906, 453.0496520996094, 458.4942932128906, 447.419189453125, 417.9953918457031, 405.5820007324219, 384.9726257324219, 372.7622985839844, 352.10638427734375, 386.3011474609375, 389.65228271484375], "6": [389.2030334472656, 393.776123046875, 387.037841796875, 382.68170166015625, 391.4801940917969, 390.7998046875, 391.388916015625, 431.3338623046875, 439.8251037597656, 457.4105224609375, 494.1257629394531, 423.4180603027344, 433.544921875, 410.52166748046875, 418.64349365234375, 443.59124755859375, 434.6444396972656, 439.0528564453125, 391.5859069824219, 365.5486755371094, 344.1519775390625, 354.8809814453125, 382.8774108886719, 398.6531982421875], "7": [387.95172119140625, 390.7732849121094, 380.9180908203125, 387.67919921875, 389.62725830078125, 382.44573974609375, 405.35919189453125, 419.0327453613281, 426.47662353515625, 440.5040588378906, 463.0256652832031, 482.8568420410156, 415.45782470703125, 409.5967712402344, 412.23944091796875, 419.7851257324219, 396.7225646972656, 406.2426452636719, 374.2982177734375, 375.53802490234375, 363.4959716796875, 336.99560546875, 292.72412109375, 364.3955993652344], "8": [396.52215576171875, 384.83709716796875, 384.9880676269531, 390.544189453125, 395.5654296875, 398.3016052246094, 399.5456848144531, 427.91143798828125, 446.5826416015625, 453.8648681640625, 367.0553894042969, 370.7654113769531, 361.0060729980469, 388.742919921875, 386.0403747558594, 385.9145202636719, 416.41290283203125, 404.0256652832031, 377.1184997558594, 293.7177429199219, 293.43798828125, 302.35430908203125, 284.939208984375, 297.52227783203125], "9": [360.65472412109375, 391.547119140625, 390.3049011230469, 385.8669128417969, 378.97662353515625, 393.5782165527344, 401.7410888671875, 431.78985595703125, 457.3189697265625, 398.4010314941406, 369.96856689453125, 367.968017578125, 366.99737548828125, 376.33123779296875, 381.9588928222656, 389.7373046875, 419.8585510253906, 427.43695068359375, 379.79656982421875, 295.5120544433594, 285.9410705566406, 285.7322692871094, 295.7598571777344, 293.7190856933594], "10": [294.5738525390625, 300.8624572753906, 298.7204284667969, 300.96923828125, 300.04510498046875, 292.9894714355469, 304.8227844238281, 350.9003601074219, 363.6165771484375, 389.583740234375, 423.18768310546875, 473.7235107421875, 457.2035217285156, 454.3543701171875, 454.19073486328125, 466.47515869140625, 491.0677795410156, 492.15899658203125, 477.4128112792969, 476.6683349609375, 459.878173828125, 383.4582214355469, 300.07012939453125, 300.419677734375], "11": [288.9698181152344, 291.68896484375, 290.8106994628906, 286.8693542480469, 294.774658203125, 291.943359375, 313.0993957519531, 377.4986572265625, 387.7091064453125, 412.39947509765625, 483.5095520019531, 372.8561706542969, 531.30322265625, 522.5955810546875, 515.643798828125, 523.3958740234375, 512.2001342773438, 501.8499755859375, 506.0113525390625, 496.95111083984375, 484.5133056640625, 459.1466369628906, 377.2308654785156, 370.0931396484375], "12": [364.2373046875, 375.70758056640625, 357.0414123535156, 348.716796875, 363.28302001953125, 333.80047607421875, 339.98016357421875, 454.0294189453125, 462.1189270019531, 474.8852844238281, 520.4359130859375, 540.3993530273438, 529.2455444335938, 535.8340454101562, 516.0594482421875, 572.169677734375, 549.6864013671875, 577.9414672851562, 563.0741577148438, 581.6840209960938, 546.5490112304688, 514.688720703125, 426.7076110839844, 425.6725769042969], "13": [406.131591796875, 400.07891845703125, 344.76336669921875, 335.4841613769531, 332.4871520996094, 334.5849914550781, 346.3471984863281, 457.20513916015625, 440.4128112792969, 479.26025390625, 499.2958068847656, 498.736083984375, 515.8657836914062, 520.121337890625, 524.91552734375, 532.8806762695312, 547.9613037109375, 533.463134765625, 523.6435546875, 493.46697998046875, 491.7662048339844, 459.7699890136719, 361.3719787597656, 328.83575439453125], "14": [312.22186279296875, 301.3280334472656, 289.560302734375, 297.6404724121094, 300.5101318359375, 295.27459716796875, 313.8787536621094, 352.78839111328125, 367.8539733886719, 383.9947204589844, 388.6700134277344, 439.2863464355469, 429.1314697265625, 469.5185852050781, 472.82830810546875, 459.8921813964844, 491.3293151855469, 494.83709716796875, 469.1744079589844, 459.3498840332031, 417.3076477050781, 356.4784851074219, 303.5856018066406, 312.875], "15": [297.3661193847656, 306.4904479980469, 297.8764343261719, 298.7124938964844, 296.3411865234375, 298.0249328613281, 326.3062438964844, 346.3831481933594, 338.17645263671875, 331.3224182128906, 358.4623718261719, 403.690185546875, 394.8763427734375, 416.98065185546875, 437.1234130859375, 416.0589599609375, 430.4681701660156, 432.0960693359375, 410.1986389160156, 332.9514465332031, 340.0211181640625, 342.59716796875, 332.97283935546875, 314.4023132324219], "16": [323.5715026855469, 298.42431640625, 297.46746826171875, 296.0602722167969, 300.409423828125, 296.3154296875, 306.6664733886719, 363.10174560546875, 354.8394775390625, 382.2968444824219, 413.9073181152344, 388.8157653808594, 438.8244934082031, 432.40252685546875, 441.6050109863281, 445.6738586425781, 436.19940185546875, 436.8244934082031, 410.5680236816406, 334.157470703125, 345.2167663574219, 328.5599670410156, 332.344482421875, 317.3157958984375], "17": [310.5681457519531, 288.1662292480469, 305.41064453125, 298.7799072265625, 304.23663330078125, 297.56768798828125, 308.69677734375, 368.2970886230469, 373.2608947753906, 404.44049072265625, 438.65985107421875, 476.3279724121094, 490.82257080078125, 475.46380615234375, 501.70794677734375, 526.1593627929688, 523.5896606445312, 521.074951171875, 500.0928955078125, 483.0984802246094, 483.0300598144531, 448.98858642578125, 342.90167236328125, 339.3568115234375],