{"2019": {"6": {"1": [116.99386596679688, 123.23565673828125, 125.0573959350586, 121.95726776123047, 124.24661254882812, 126.40142059326172, 125.38954162597656, 123.16680908203125, 125.14911651611328, 128.8834686279297, 126.06381225585938, 160.5691680908203, 170.6630859375, 163.4038848876953, 167.7921905517578, 176.770263671875, 171.55926513671875, 185.29501342773438, 166.70448303222656, 165.5076446533203, 157.56800842285156, 157.54237365722656, 152.4996337890625, 154.13758850097656], "2": [150.81350708007812, 149.5724334716797, 150.8306121826172, 153.3071746826172, 149.31138610839844, 150.97555541992188, 147.90090942382812, 157.07098388671875, 157.0674591064453, 158.96884155273438, 156.65869140625, 158.8050537109375, 168.5127410888672, 170.6070098876953, 174.49188232421875, 187.80291748046875, 159.31695556640625, 167.04307556152344, 167.86419677734375, 162.3008270263672, 157.246337890625, 152.15975952148438, 148.63038635253906, 151.08139038085938], "3": [148.50904846191406, 146.46861267089844, 147.92247009277344, 147.9138946533203, 150.27320861816406, 141.01805114746094, 149.25860595703125, 176.258544921875, 173.0596466064453, 189.9435577392578, 190.264404296875, 204.3004913330078, 208.17308044433594, 205.81118774414062, 225.2670440673828, 206.82015991210938, 203.57009887695312, 198.88381958007812, 194.88771057128906, 173.41372680664062, 154.46241760253906, 165.57382202148438, 150.27423095703125, 151.91336059570312], "4": [144.13864135742188, 144.8801727294922, 149.04881286621094, 147.6107940673828, 146.1304931640625, 144.10684204101562, 138.9960479736328, 153.8790740966797, 170.9193878173828, 180.45236206054688, 206.79934692382812, 201.31451416015625, 199.2643585205078, 205.3677978515625, 209.82481384277344, 202.3155975341797, 198.89065551757812, 198.93772888183594, 182.29470825195312, 164.67311096191406, 157.07003784179688, 154.7929229736328, 147.79638671875, 146.4356231689453], "5": [149.68280029296875, 146.76280212402344, 148.11224365234375, 147.25, 144.32618713378906, 151.74534606933594, 149.39532470703125, 157.8423614501953, 172.43707275390625, 176.78890991210938, 183.31527709960938, 208.40187072753906, 201.44674682617188, 200.3632354736328, 202.6239776611328, 191.49151611328125, 187.90499877929688, 178.5726318359375, 175.29229736328125, 159.26866149902344, 152.35415649414062, 150.9635467529297, 148.1896209716797, 146.31085205078125], "6": [150.06317138671875, 149.84861755371094, 146.10684204101562, 142.12022399902344, 142.8631134033203, 141.0795135498047, 140.89527893066406, 155.03709411621094, 167.74478149414062, 173.37197875976562, 170.97853088378906, 197.89871215820312, 185.1082763671875, 195.4204559326172, 196.7545623779297, 205.4546661376953, 196.704833984375, 189.46636962890625, 180.5182647705078, 156.2492218017578, 153.95126342773438, 151.0453338623047, 155.40354919433594, 150.4879913330078], "7": [151.4020538330078, 145.62059020996094, 149.0599822998047, 146.91116333007812, 144.5741729736328, 142.7040557861328, 147.10531616210938, 152.81976318359375, 159.40158081054688, 176.83811950683594, 183.0952606201172, 192.48211669921875, 200.757080078125, 200.77694702148438, 203.28855895996094, 193.39540100097656, 190.5156707763672, 192.7244415283203, 191.57313537597656, 155.6060028076172, 157.5144500732422, 154.47872924804688, 146.3673553466797, 143.98776245117188], "8": [149.37452697753906, 145.2679443359375, 141.6416473388672, 144.67498779296875, 147.8877410888672, 138.11483764648438, 140.03143310546875, 145.5526885986328, 147.28680419921875, 137.7660675048828, 147.98468017578125, 147.58035278320312, 148.25482177734375, 158.94517517089844, 153.48036193847656, 154.67782592773438, 149.5974884033203, 153.50904846191406, 149.2123565673828, 149.83740234375, 147.40899658203125, 150.6468048095703, 149.17245483398438, 147.5398406982422], "9": [143.67385864257812, 151.5930938720703, 151.34445190429688, 149.39498901367188, 145.0598602294922, 147.97926330566406, 144.12234497070312, 147.05996704101562, 145.4702606201172, 146.54248046875, 143.23898315429688, 146.63021850585938, 152.2041778564453, 151.35980224609375, 149.8459014892578, 144.60107421875, 144.8322296142578, 150.27491760253906, 150.22946166992188, 144.83953857421875, 146.18511962890625, 145.00575256347656, 141.119873046875, 143.54757690429688], "10": [148.52586364746094, 141.5636444091797, 147.566162109375, 146.8716278076172, 149.5961151123047, 145.4039306640625, 150.7382354736328, 152.98587036132812, 163.30392456054688, 182.14743041992188, 186.6435546875, 201.74395751953125, 207.24160766601562, 204.70980834960938, 207.5607452392578, 210.3398895263672, 202.5382080078125, 203.7576904296875, 200.64991760253906, 177.5495147705078, 163.77626037597656, 164.56979370117188, 158.8422393798828, 156.16407775878906], "11": [152.89842224121094, 150.05389404296875, 149.7191619873047, 152.7642059326172, 149.58363342285156, 150.5468292236328, 155.09249877929688, 160.9049072265625, 177.77395629882812, 184.5319061279297, 200.62521362304688, 200.54898071289062, 210.19964599609375, 213.49000549316406, 213.26348876953125, 225.30056762695312, 224.3502197265625, 217.09475708007812, 208.3477783203125, 198.84181213378906, 183.41392517089844, 170.3380889892578, 167.37423706054688, 169.08554077148438], "12": [163.61729431152344, 163.50625610351562, 162.01881408691406, 157.08432006835938, 155.43148803710938, 155.00311279296875, 154.17141723632812, 170.7191619873047, 184.13401794433594, 201.13140869140625, 212.58001708984375, 225.81109619140625, 224.21543884277344, 221.81553649902344, 243.41888427734375, 244.50181579589844, 249.6460418701172, 245.2360076904297, 224.7941131591797, 205.43833923339844, 201.59970092773438, 179.87075805664062, 175.0953826904297, 168.71600341796875], "13": [166.39453125, 162.6060791015625, 163.1615753173828, 161.58651733398438, 163.48291015625, 161.70018005371094, 157.7398223876953, 167.01219177246094, 191.7318878173828, 200.59664916992188, 210.7953643798828, 221.0864715576172, 222.70184326171875, 218.0845184326172, 221.2587432861328, 235.92440795898438, 232.32989501953125, 225.46803283691406, 218.36001586914062, 201.9810028076172, 174.93858337402344, 163.33607482910156, 161.79385375976562, 156.96823120117188], "14": [153.7996063232422, 156.33035278320312, 149.02227783203125, 150.27024841308594, 149.0960693359375, 152.7576141357422, 150.97604370117188, 165.20851135253906, 184.4287872314453, 189.7754669189453, 196.43582153320312, 201.43470764160156, 203.6470184326172, 211.62567138671875, 207.93304443359375, 207.91220092773438, 204.29774475097656, 194.42071533203125, 193.21714782714844, 175.6602325439453, 163.61155700683594, 159.4947967529297, 159.5662841796875, 153.9440155029297], "15": [153.52056884765625, 158.85903930664062, 158.16688537597656, 152.6433563232422, 159.0467987060547, 158.01803588867188, 150.15414428710938, 154.70236206054688, 157.08413696289062, 156.4270782470703, 155.5974578857422, 151.99996948242188, 163.35345458984375, 167.12966918945312, 163.10287475585938, 164.55812072753906, 160.79501342773438, 162.88922119140625, 155.1024627685547, 169.0133819580078, 165.37850952148438, 163.41372680664062, 170.5283660888672, 155.92201232910156], "16": [158.33668518066406, 155.57266235351562, 159.5703125, 153.3983612060547, 155.66603088378906, 156.48617553710938, 151.53363037109375, 154.73826599121094, 156.7256622314453, 156.6931915283203, 156.66603088378906, 150.5095977783203, 161.1593017578125, 163.1511688232422, 156.79966735839844, 164.284912109375, 164.5721893310547, 165.02316284179688, 164.08660888671875, 165.66685485839844, 169.11537170410156, 170.62864685058594, 163.2557830810547, 158.87220764160156],