{"2019": {"6": {"1": [621.8566589355469, 596.3150482177734, 585.566650390625, 476.78004455566406, 479.69415283203125, 481.56495666503906, 474.6092834472656, 480.2208251953125, 500.5301208496094, 648.6237640380859, 658.4414978027344, 585.6017303466797, 625.0625762939453, 619.0081176757812, 638.7490539550781, 627.0249481201172, 595.5577697753906, 604.0363616943359, 593.7982788085938, 601.0344390869141, 586.6013793945312, 624.7134094238281, 580.1935729980469, 592.8011627197266], "2": [574.1874389648438, 557.2113494873047, 432.43817138671875, 441.2335662841797, 449.4203643798828, 406.85308837890625, 404.5913848876953, 409.94862365722656, 497.6532440185547, 492.93626403808594, 493.8137664794922, 644.0353240966797, 594.0163116455078, 598.7152404785156, 687.4431915283203, 714.8805694580078, 682.1790161132812, 685.6076965332031, 662.9844360351562, 650.0292510986328, 623.5499877929688, 588.6954956054688, 568.9233856201172, 559.9850616455078], "3": [560.7575225830078, 531.7988891601562, 517.336181640625, 411.99794006347656, 417.72654724121094, 412.29693603515625, 435.33995056152344, 450.57801818847656, 513.9644165039062, 555.3160705566406, 588.2932739257812, 581.9390563964844, 733.3008422851562, 730.7498779296875, 760.8003234863281, 789.1878967285156, 707.1469421386719, 783.8337707519531, 729.3983306884766, 650.7853698730469, 631.3566131591797, 600.2664947509766, 584.6619720458984, 577.6546020507812], "4": [471.89691162109375, 457.4178924560547, 415.77256774902344, 422.00743103027344, 426.09422302246094, 422.56361389160156, 433.39634704589844, 452.1158142089844, 502.0105285644531, 621.1957397460938, 609.8148498535156, 638.7890319824219, 805.6095886230469, 793.4895935058594, 805.5138244628906, 756.6189270019531, 776.6582336425781, 737.8781433105469, 698.1584625244141, 631.7612762451172, 618.5870208740234, 566.6490631103516, 568.4922637939453, 565.3973693847656], "5": [565.9614105224609, 569.390380859375, 418.6862487792969, 418.2741241455078, 426.87615966796875, 420.5457000732422, 443.29380798339844, 361.214599609375, 447.72669982910156, 503.1366271972656, 537.4536895751953, 833.4778442382812, 749.8526306152344, 771.0924377441406, 755.7165832519531, 691.2255859375, 737.8296203613281, 717.4176025390625, 629.7066650390625, 587.4089813232422, 642.6080322265625, 584.7575531005859, 474.5060272216797, 481.23655700683594], "6": [476.3717803955078, 482.06581115722656, 471.4148712158203, 479.1003112792969, 477.89111328125, 476.45074462890625, 449.3325500488281, 453.49298095703125, 513.3578338623047, 639.3830871582031, 605.5655212402344, 653.7851257324219, 651.4077758789062, 611.9442138671875, 619.6283264160156, 660.0020446777344, 726.4585571289062, 709.9163818359375, 656.1980133056641, 605.9849853515625, 602.4533081054688, 483.1860809326172, 473.82911682128906, 467.6291809082031], "7": [472.0692138671875, 482.8153991699219, 466.5755157470703, 424.4599914550781, 425.28623962402344, 427.38755798339844, 445.4895935058594, 445.8730163574219, 495.8725891113281, 536.2118835449219, 561.8871154785156, 648.9633483886719, 624.8540954589844, 551.0753173828125, 546.0984802246094, 627.0496215820312, 704.182861328125, 686.9131164550781, 647.2515563964844, 594.4097595214844, 582.0795440673828, 536.4296264648438, 551.3623504638672, 450.4774169921875], "8": [458.7441711425781, 460.6458435058594, 409.5546112060547, 411.9882507324219, 414.27239990234375, 408.951171875, 405.09373474121094, 409.1070861816406, 413.4971160888672, 425.51722717285156, 432.87445068359375, 511.30873107910156, 513.9487915039062, 538.2223358154297, 648.3683776855469, 586.1669769287109, 584.7063598632812, 581.0495910644531, 580.1769409179688, 575.8432922363281, 570.6964111328125, 569.0650329589844, 559.6835021972656, 468.6507568359375], "9": [456.78968811035156, 457.7882385253906, 452.68914794921875, 456.97686767578125, 459.39874267578125, 461.81080627441406, 454.4125061035156, 462.71800231933594, 420.41375732421875, 426.7439422607422, 532.2016448974609, 593.0887145996094, 579.6927947998047, 582.6916198730469, 576.2944488525391, 577.5321350097656, 598.7561187744141, 583.3429260253906, 576.7910461425781, 576.5035552978516, 566.2527160644531, 564.2268524169922, 561.7537689208984, 560.3976898193359], "10": [564.0719757080078, 458.6267852783203, 455.41746520996094, 457.9702911376953, 465.13836669921875, 465.59100341796875, 487.0949249267578, 445.4647216796875, 496.9442443847656, 586.1549987792969, 742.1533508300781, 772.4083251953125, 755.0405883789062, 759.1394348144531, 740.1216430664062, 747.380859375, 764.4594421386719, 733.8126068115234, 690.3261413574219, 632.7334442138672, 645.7881164550781, 604.0119781494141, 601.1893005371094, 594.9288635253906], "11": [581.4759063720703, 581.9310760498047, 565.6150970458984, 573.065185546875, 577.9049072265625, 582.0846252441406, 592.1640777587891, 616.7813415527344, 688.9894256591797, 744.2454376220703, 771.0408935546875, 824.2694702148438, 836.3724975585938, 856.3173522949219, 844.6356506347656, 840.2630004882812, 833.0650939941406, 836.8182983398438, 787.1790771484375, 707.8382263183594, 705.0581359863281, 645.0123748779297, 627.9033050537109, 640.2017364501953], "12": [625.2991790771484, 611.0218353271484, 588.0189208984375, 594.6981658935547, 586.8576812744141, 583.1953430175781, 615.8625640869141, 636.2349548339844, 728.6326599121094, 775.1589202880859, 840.93310546875, 833.9385375976562, 865.6311950683594, 852.8826293945312, 857.8735046386719, 845.508544921875, 842.56689453125, 822.4205474853516, 779.27099609375, 716.6986694335938, 720.1827239990234, 652.7753295898438, 645.2503356933594, 632.7951507568359], "13": [647.9649047851562, 630.3552551269531, 650.3332672119141, 659.9368896484375, 706.4953155517578, 707.3699493408203, 660.1317749023438, 625.5082702636719, 726.7665405273438, 755.5371246337891, 790.2527465820312, 807.77001953125, 777.0085144042969, 841.9701843261719, 849.1166687011719, 876.4955749511719, 866.5032043457031, 820.6120147705078, 797.3342132568359, 724.1593017578125, 661.0006103515625, 605.9720306396484, 609.3432006835938, 567.8235015869141], "14": [570.4988708496094, 562.0978088378906, 453.83424377441406, 459.8689727783203, 467.15025329589844, 464.211669921875, 480.5900421142578, 502.8058319091797, 560.9870910644531, 601.4363708496094, 752.1727905273438, 786.1783752441406, 801.3920288085938, 753.4801940917969, 777.0982360839844, 770.5790405273438, 783.8687744140625, 756.2671203613281, 729.3790893554688, 657.0666809082031, 642.6319122314453, 584.4420166015625, 579.146484375, 568.3448638916016], "15": [565.8742980957031, 567.2338104248047, 557.7467803955078, 561.6197814941406, 455.54986572265625, 456.2708282470703, 453.2442932128906, 450.1148986816406, 459.3369903564453, 566.7787322998047, 626.0123291015625, 596.8631744384766, 582.7625579833984, 589.4014434814453, 595.5032501220703, 608.7444458007812, 632.2894439697266, 612.3729400634766, 615.5783843994141, 637.1060028076172, 655.6578216552734, 603.277099609375, 584.1301727294922, 575.7450714111328], "16": [566.9595489501953, 572.6152496337891, 556.7220764160156, 442.02696228027344, 449.6985778808594, 448.29774475097656, 444.5654754638672, 446.5352325439453, 561.3817749023438, 562.8014221191406, 581.4802398681641, 583.2716369628906, 611.8161468505859, 630.5558013916016, 647.1494293212891, 605.8345489501953, 599.8558807373047, 607.4065856933594, 606.4410705566406, 607.6869354248047, 610.5342407226562, 599.5464782714844, 577.9298553466797, 570.5509796142578], "17": [570.8857574462891, 567.3294830322266, 563.3044738769531, 471.8905334472656, 463.2097473144531, 459.0106964111328, 478.8903503417969, 502.85133361816406, 546.2259979248047, 686.5004577636719, 778.474365234375, 809.7689208984375, 857.3274841308594, 837.7639465332031, 844.3686218261719, 854.67724609375, 873.2630615234375, 842.5098571777344, 783.6222839355469, 724.7295379638672, 683.4307861328125, 604.7165374755859, 597.4450378417969, 579.8806915283203],