{"2019": {"6": {"1": [57.835540771484375, 93.94223022460938, 94.41197967529297, 93.8570556640625, 92.54779815673828, 93.09972381591797, 91.25230407714844, 91.22776794433594, 90.84437561035156, 89.36902618408203, 89.18287658691406, 89.07184600830078, 89.10167694091797, 89.67090606689453, 89.88814544677734, 93.78472900390625, 91.550537109375, 92.3878402709961, 91.64669799804688, 91.72521209716797, 91.20487213134766, 92.2547607421875, 90.20501708984375, 93.24947357177734], "2": [91.38548278808594, 91.93167877197266, 93.46146392822266, 92.95753479003906, 95.3197250366211, 93.03824615478516, 89.06195831298828, 90.1301498413086, 89.25446319580078, 87.54462432861328, 87.65914916992188, 89.58818054199219, 90.29120635986328, 91.23949432373047, 89.16463470458984, 90.451416015625, 90.19293212890625, 90.49549102783203, 89.13124084472656, 90.8432846069336, 92.01403045654297, 94.88311004638672, 94.59342193603516, 93.0453872680664], "3": [92.27142333984375, 56.26908493041992, 56.59827423095703, 58.45158386230469, 57.40563201904297, 56.30113220214844, 51.15150451660156, 57.61604309082031, 96.23902130126953, 115.53093719482422, 122.38768005371094, 126.02147674560547, 121.02973937988281, 117.4946060180664, 115.34208679199219, 114.62712097167969, 116.15570068359375, 111.34843444824219, 104.060791015625, 65.0542984008789, 56.07769775390625, 55.629798889160156, 59.14591979980469, 58.77646255493164], "4": [58.0030517578125, 58.656776428222656, 56.5217399597168, 56.86262893676758, 56.760650634765625, 56.950016021728516, 54.04120635986328, 59.108367919921875, 102.7957534790039, 114.59931182861328, 120.60125732421875, 125.99501037597656, 122.3184585571289, 119.005859375, 117.95367431640625, 117.42633819580078, 112.65294647216797, 101.58988952636719, 96.89289093017578, 57.45900344848633, 53.023841857910156, 56.3602294921875, 57.197933197021484, 58.609310150146484], "5": [58.797950744628906, 59.25212860107422, 57.28921127319336, 57.378719329833984, 57.01372146606445, 56.06320571899414, 51.98944091796875, 55.1201057434082, 102.37425231933594, 117.8375244140625, 119.12960052490234, 123.24198913574219, 119.96591186523438, 124.40917205810547, 114.76177215576172, 124.6043701171875, 128.7317657470703, 114.21048736572266, 98.9522476196289, 58.184871673583984, 57.54848098754883, 58.205665588378906, 57.768314361572266, 58.686180114746094], "6": [57.36570739746094, 60.33141326904297, 58.296146392822266, 58.542362213134766, 58.55686950683594, 59.19905471801758, 56.3329963684082, 59.58675765991211, 103.19759368896484, 111.52008056640625, 114.38045501708984, 118.97496032714844, 123.56586456298828, 120.30187225341797, 114.53948211669922, 116.82835388183594, 111.59090423583984, 102.85903930664062, 103.58452606201172, 58.758697509765625, 56.438499450683594, 59.59671401977539, 57.551387786865234, 57.219573974609375], "7": [56.404335021972656, 57.4195671081543, 57.19289016723633, 56.78855514526367, 56.89665222167969, 56.67212677001953, 54.05738830566406, 55.12958908081055, 101.22381591796875, 113.74655151367188, 129.84405517578125, 121.0226058959961, 116.75455474853516, 117.46250915527344, 118.17652130126953, 114.94488525390625, 112.36300659179688, 101.81580352783203, 94.89894104003906, 54.04360580444336, 52.526771545410156, 58.09801483154297, 57.30504608154297, 56.63154220581055], "8": [55.87541198730469, 55.95216751098633, 56.1562385559082, 55.579036712646484, 56.71631622314453, 55.50869369506836, 50.6923942565918, 51.9813232421875, 50.60858154296875, 50.95230484008789, 53.453006744384766, 54.1749382019043, 53.14556121826172, 51.517005920410156, 55.64608383178711, 58.17115020751953, 56.124717712402344, 55.54500961303711, 53.17967987060547, 52.050201416015625, 88.7366943359375, 93.73816680908203, 95.49717712402344, 93.38854217529297], "9": [93.64820098876953, 96.66252899169922, 96.67086791992188, 96.43666076660156, 96.0618896484375, 96.23241424560547, 93.41121673583984, 91.91651916503906, 91.50640106201172, 91.29801940917969, 91.45934295654297, 94.25755310058594, 92.69331359863281, 91.53314208984375, 90.24506378173828, 91.99986267089844, 92.18131256103516, 91.29191589355469, 90.4952163696289, 89.54464721679688, 89.72010040283203, 94.814453125, 96.57134246826172, 92.3404312133789], "10": [93.25386810302734, 56.185081481933594, 55.848915100097656, 54.7596321105957, 55.212921142578125, 53.90099334716797, 50.25373077392578, 55.5571174621582, 97.61161804199219, 116.08718872070312, 127.91242980957031, 120.23682403564453, 120.73271942138672, 115.72213745117188, 118.39080810546875, 117.59325408935547, 118.98003387451172, 106.3487777709961, 100.36944580078125, 59.49969482421875, 60.12948226928711, 61.46127700805664, 61.67952346801758, 57.692562103271484], "11": [57.25154113769531, 57.785179138183594, 57.72573471069336, 57.20269012451172, 56.98366928100586, 57.115821838378906, 53.00445556640625, 94.32396697998047, 97.98892974853516, 112.66271209716797, 111.38093566894531, 117.05067443847656, 120.41468811035156, 120.770263671875, 120.1957778930664, 116.13805389404297, 119.74342346191406, 113.75980377197266, 103.05838775634766, 54.93416213989258, 54.65943145751953, 58.42716598510742, 59.655208587646484, 57.97603225708008], "12": [56.70741653442383, 55.65940475463867, 55.6475944519043, 55.976383209228516, 56.577125549316406, 55.175628662109375, 51.863861083984375, 91.00572967529297, 99.75511932373047, 113.0174560546875, 110.22618103027344, 117.52684020996094, 114.61788940429688, 115.50467681884766, 114.51724243164062, 107.95903015136719, 110.1508560180664, 94.6674575805664, 93.33106994628906, 54.712013244628906, 53.70269775390625, 56.56437683105469, 55.78807830810547, 56.62557601928711], "13": [57.50893783569336, 56.72358322143555, 57.731502532958984, 54.92230224609375, 54.862213134765625, 54.5598258972168, 53.30904006958008, 91.66651916503906, 96.37598419189453, 107.32023620605469, 112.6301040649414, 123.90302276611328, 124.58267211914062, 116.9082260131836, 114.9012680053711, 117.97468566894531, 108.4135971069336, 99.74561309814453, 95.09137725830078, 55.33717346191406, 55.400787353515625, 54.5074462890625, 57.577239990234375, 58.244606018066406], "14": [58.33268737792969, 57.91791534423828, 58.07456588745117, 58.67130661010742, 58.7891960144043, 60.46216583251953, 54.945072174072266, 57.653568267822266, 108.31675720214844, 121.287353515625, 126.73533630371094, 122.78697967529297, 117.48918151855469, 115.10550689697266, 115.962646484375, 117.51384735107422, 113.583740234375, 110.11968231201172, 95.62281036376953, 55.46383285522461, 55.15540313720703, 56.67033767700195, 59.17355728149414, 61.00933837890625], "15": [60.14459991455078, 97.60286712646484, 95.4537353515625, 95.43148803710938, 95.7228012084961, 95.5133056640625, 90.76522064208984, 92.09871673583984, 89.3912353515625, 89.61550903320312, 89.10475158691406, 88.68003845214844, 89.22876739501953, 88.643798828125, 89.92072296142578, 89.84288024902344, 90.04972839355469, 88.83612823486328, 89.44532012939453, 89.44921875, 87.64442443847656, 91.3729248046875, 92.6001968383789, 93.8851318359375], "16": [94.4733657836914, 96.09211730957031, 96.84446716308594, 96.39933013916016, 95.94337463378906, 96.95415496826172, 91.96748352050781, 91.50119018554688, 90.34273529052734, 89.96258544921875, 88.75263977050781, 87.68402099609375, 87.35989379882812, 87.21734619140625, 87.12158203125, 90.92169952392578, 91.58670806884766, 90.69381713867188, 90.61430358886719, 89.36121368408203, 90.14606475830078, 89.84261322021484, 93.67573547363281, 95.10871887207031], "17": [93.37619018554688, 57.14914321899414, 57.47712326049805, 57.71995544433594, 56.228023529052734, 56.179622650146484, 51.773101806640625, 95.4544677734375, 97.93295288085938, 111.8038101196289, 119.5652084350586, 121.36589050292969, 122.11996459960938, 123.22467041015625, 116.72760772705078, 116.3905258178711, 112.09420013427734, 110.1530990600586, 107.2972412109375, 56.98904800415039, 58.88401412963867, 58.089351654052734, 57.56277847290039, 58.87117004394531],