{"2019": {"6": {"1": [165.7205352783203, 166.19032287597656, 163.7930145263672, 168.0498504638672, 158.97056579589844, 153.6187744140625, 123.02011108398438, 144.82716369628906, 186.5988311767578, 183.52767944335938, 196.5253448486328, 194.9644775390625, 197.5254669189453, 196.13751220703125, 199.44129943847656, 198.3076934814453, 200.45021057128906, 197.37332153320312, 195.1305389404297, 193.98690795898438, 195.9315948486328, 177.31549072265625, 175.4778594970703, 176.30868530273438], "2": [171.67062377929688, 169.5556640625, 168.6728057861328, 164.25929260253906, 163.8517608642578, 171.99557495117188, 127.00617218017578, 142.95358276367188, 187.61276245117188, 183.25230407714844, 184.97274780273438, 194.12713623046875, 195.01901245117188, 198.75872802734375, 197.1833038330078, 197.899658203125, 199.92236328125, 202.6395263671875, 199.5626983642578, 190.87156677246094, 187.01675415039062, 182.46839904785156, 167.77496337890625, 174.11293029785156], "3": [167.5484619140625, 169.9876708984375, 173.28419494628906, 165.1457977294922, 169.81890869140625, 164.2042236328125, 137.81927490234375, 144.55734252929688, 203.84458923339844, 223.7600555419922, 226.592041015625, 234.7176971435547, 238.9671630859375, 242.0592041015625, 240.61465454101562, 248.94619750976562, 240.94149780273438, 227.50192260742188, 217.39389038085938, 203.81341552734375, 203.25241088867188, 182.60165405273438, 168.96978759765625, 163.9083709716797], "4": [156.67984008789062, 147.49339294433594, 144.62777709960938, 144.66485595703125, 138.76898193359375, 140.30960083007812, 127.14637756347656, 141.6734619140625, 190.15565490722656, 217.24636840820312, 230.1981658935547, 238.63877868652344, 240.40057373046875, 243.20465087890625, 236.3584442138672, 234.24664306640625, 245.97299194335938, 233.02896118164062, 219.88906860351562, 211.829833984375, 192.01194763183594, 174.5427703857422, 174.08998107910156, 170.5817413330078], "5": [162.74729919433594, 163.58802795410156, 164.45657348632812, 143.7238311767578, 141.9770965576172, 146.39117431640625, 123.49205780029297, 140.25460815429688, 189.1036834716797, 213.70851135253906, 230.02542114257812, 231.8020477294922, 227.67477416992188, 239.4690399169922, 233.67681884765625, 235.63885498046875, 246.326904296875, 223.3826141357422, 211.5879364013672, 200.59896850585938, 190.85079956054688, 176.06832885742188, 165.41543579101562, 154.10121154785156], "6": [149.8444061279297, 144.36582946777344, 140.3549041748047, 142.530517578125, 138.5373077392578, 133.9026336669922, 123.55171966552734, 127.66627502441406, 194.8965301513672, 205.23927307128906, 216.44476318359375, 223.9167938232422, 233.06202697753906, 233.02090454101562, 234.1372528076172, 244.6055145263672, 246.75804138183594, 224.52078247070312, 212.1158447265625, 190.26437377929688, 191.2802734375, 165.24900817871094, 159.1844024658203, 157.12869262695312], "7": [153.10618591308594, 147.8943634033203, 150.9131317138672, 147.00680541992188, 137.38963317871094, 144.19024658203125, 120.48528289794922, 129.4959259033203, 185.0449676513672, 209.31690979003906, 215.18032836914062, 235.08425903320312, 222.12155151367188, 220.82920837402344, 224.28004455566406, 231.26321411132812, 230.20582580566406, 212.61355590820312, 192.78585815429688, 186.9485626220703, 184.0680389404297, 161.33311462402344, 158.67410278320312, 151.71592712402344], "8": [149.13821411132812, 155.94956970214844, 149.02052307128906, 143.02903747558594, 135.0052032470703, 142.21632385253906, 106.5809555053711, 122.39461517333984, 158.7938232421875, 156.34327697753906, 166.26913452148438, 170.2733917236328, 166.59146118164062, 176.03456115722656, 171.56307983398438, 176.1784210205078, 176.0432586669922, 177.76022338867188, 176.56552124023438, 180.25103759765625, 170.67616271972656, 156.35557556152344, 155.28878784179688, 161.78353881835938], "9": [147.51307678222656, 152.41612243652344, 151.7111053466797, 145.33082580566406, 147.09803771972656, 147.23681640625, 106.3321533203125, 124.50898742675781, 165.6160125732422, 168.02566528320312, 168.3146514892578, 174.94027709960938, 172.4373016357422, 174.60867309570312, 189.0990447998047, 179.95751953125, 182.4280242919922, 176.22898864746094, 179.42210388183594, 176.36749267578125, 182.14352416992188, 169.31488037109375, 170.4906463623047, 166.1317596435547], "10": [156.77134704589844, 153.82498168945312, 162.16831970214844, 150.4319610595703, 162.35885620117188, 152.9231719970703, 131.1562042236328, 143.5746612548828, 184.24343872070312, 206.87364196777344, 230.70863342285156, 234.56564331054688, 236.1441192626953, 248.70982360839844, 242.89952087402344, 249.10523986816406, 242.85293579101562, 228.98411560058594, 221.31463623046875, 211.94674682617188, 209.1966552734375, 180.80276489257812, 181.1973419189453, 179.72540283203125], "11": [157.3253936767578, 165.1254119873047, 161.27865600585938, 154.25595092773438, 148.5126190185547, 155.57810974121094, 139.4810791015625, 151.2340087890625, 209.3881378173828, 225.29037475585938, 238.2007293701172, 245.38470458984375, 241.1172637939453, 252.260986328125, 240.60044860839844, 254.15060424804688, 247.88156127929688, 232.9979705810547, 219.9545135498047, 215.33897399902344, 208.66075134277344, 182.6780242919922, 174.5272216796875, 183.60064697265625], "12": [168.26869201660156, 165.4260711669922, 164.2623291015625, 164.65333557128906, 161.67108154296875, 161.75192260742188, 143.3668212890625, 158.7298583984375, 219.9212646484375, 235.5065460205078, 237.5705108642578, 260.2057189941406, 258.7713623046875, 253.57650756835938, 249.56190490722656, 259.7528381347656, 257.4363098144531, 243.24761962890625, 227.3289794921875, 214.56881713867188, 209.2380828857422, 179.9930419921875, 183.94039916992188, 175.5421142578125], "13": [171.41188049316406, 171.2751922607422, 168.53982543945312, 166.43606567382812, 167.0490264892578, 166.11790466308594, 144.1223907470703, 168.80055236816406, 221.38949584960938, 235.24600219726562, 225.80426025390625, 243.1164093017578, 253.748291015625, 256.0777893066406, 260.2372131347656, 264.22021484375, 257.7083740234375, 244.5623779296875, 231.08151245117188, 222.13890075683594, 205.63792419433594, 178.7501678466797, 177.77935791015625, 181.26910400390625], "14": [173.52464294433594, 168.96058654785156, 167.08319091796875, 167.24620056152344, 159.23866271972656, 156.14390563964844, 145.28121948242188, 156.9322509765625, 209.47576904296875, 218.9940948486328, 241.81259155273438, 242.79722595214844, 232.79843139648438, 237.4173583984375, 232.96408081054688, 237.85202026367188, 241.43402099609375, 224.30856323242188, 212.1126251220703, 204.10702514648438, 201.78179931640625, 175.82960510253906, 175.50137329101562, 177.21420288085938], "15": [165.46890258789062, 160.56338500976562, 163.46791076660156, 156.0396728515625, 157.1220703125, 165.28553771972656, 142.6851348876953, 150.46778869628906, 178.45681762695312, 176.08323669433594, 180.79495239257812, 188.9346466064453, 194.7183380126953, 191.42578125, 191.60086059570312, 193.7642364501953, 192.41168212890625, 191.5635528564453, 187.9971466064453, 194.09693908691406, 188.31253051757812, 175.53126525878906, 177.8385467529297, 171.23190307617188], "16": [166.33653259277344, 173.4080047607422, 171.6195526123047, 166.88076782226562, 156.65875244140625, 166.8270721435547, 122.84751892089844, 138.4615936279297, 183.06918334960938, 180.02427673339844, 189.80555725097656, 187.49729919433594, 191.7716522216797, 190.2689971923828, 187.40713500976562, 194.80099487304688, 193.6460723876953, 194.5728759765625, 197.2106475830078, 195.0430908203125, 196.36524963378906, 189.723876953125, 184.7256317138672, 184.41404724121094],