{"2019": {"6": {"1": [23.683982849121094, 23.196990966796875, 23.81063461303711, 23.002992630004883, 19.23502540588379, 23.80105972290039, 22.473941802978516, 22.459131240844727, 18.429920196533203, 24.334888458251953, 25.230613708496094, 25.173866271972656, 30.15290641784668, 21.87476348876953, 25.514707565307617, 25.340972900390625, 25.47064208984375, 28.91888427734375, 31.549957275390625, 31.349557876586914, 30.53220558166504, 27.51563835144043, 25.65924835205078, 25.23647117614746], "2": [23.530820846557617, 23.23960304260254, 19.468576431274414, 23.588991165161133, 23.286951065063477, 23.429025650024414, 19.082441329956055, 22.638771057128906, 22.43096160888672, 30.502788543701172, 46.36170959472656, 45.37773132324219, 50.13370132446289, 41.87795639038086, 44.68307876586914, 42.24720001220703, 32.91422653198242, 32.89634323120117, 33.37161636352539, 28.719724655151367, 32.47749328613281, 31.88722801208496, 25.58266258239746, 28.052242279052734], "3": [21.442251205444336, 24.374601364135742, 23.65534210205078, 24.06532859802246, 20.382787704467773, 23.526660919189453, 23.602867126464844, 23.35319709777832, 30.81844711303711, 30.173809051513672, 39.72917175292969, 44.586326599121094, 45.58076095581055, 37.75586700439453, 34.63040542602539, 34.9193115234375, 27.821786880493164, 48.5577392578125, 42.77781295776367, 30.227588653564453, 33.3980598449707, 40.70807647705078, 27.47569465637207, 16.43324089050293], "4": [14.643568992614746, 11.710649490356445, 10.62941837310791, 14.598217010498047, 16.12758445739746, 16.510517120361328, 11.430497169494629, 16.50779914855957, 22.731246948242188, 29.15360450744629, 31.284475326538086, 33.167903900146484, 27.114784240722656, 31.325069427490234, 31.75513458251953, 30.52630615234375, 29.37046241760254, 44.051605224609375, 49.73270034790039, 47.245277404785156, 36.8607177734375, 43.345176696777344, 23.093137741088867, 21.870925903320312], "5": [15.107674598693848, 11.190038681030273, 15.081221580505371, 15.370508193969727, 15.70662784576416, 14.885178565979004, 11.8367280960083, 16.011810302734375, 26.334503173828125, 21.966176986694336, 27.6851806640625, 52.54346466064453, 49.68489456176758, 45.859336853027344, 52.266544342041016, 40.26858139038086, 18.68659019470215, 17.984188079833984, 16.633604049682617, 16.204259872436523, 12.31854248046875, 15.20626163482666, 16.199663162231445, 15.767168998718262], "6": [14.631671905517578, 10.884376525878906, 15.400148391723633, 16.65782356262207, 16.650190353393555, 16.546951293945312, 12.646522521972656, 16.889150619506836, 22.440454483032227, 23.196537017822266, 23.708778381347656, 26.52781105041504, 38.15640640258789, 31.44719696044922, 27.676298141479492, 42.85950469970703, 39.266292572021484, 38.79829025268555, 47.916751861572266, 39.23863220214844, 21.40946388244629, 16.402786254882812, 16.463762283325195, 12.449405670166016], "7": [15.18187427520752, 15.579684257507324, 17.693885803222656, 17.390005111694336, 13.766336441040039, 17.328523635864258, 17.286827087402344, 17.85498809814453, 24.151962280273438, 24.241117477416992, 20.58478355407715, 29.811826705932617, 31.47525978088379, 31.392786026000977, 30.890005111694336, 28.696712493896484, 25.906204223632812, 13.2705717086792, 15.958841323852539, 15.754368782043457, 16.47368049621582, 14.542593002319336, 11.013551712036133, 15.954534530639648], "8": [14.450716018676758, 14.371384620666504, 11.133598327636719, 14.725743293762207, 15.897760391235352, 15.118224143981934, 12.385272979736328, 15.535378456115723, 15.51795768737793, 14.561589241027832, 12.406997680664062, 15.923164367675781, 15.95286750793457, 15.599885940551758, 12.076675415039062, 17.899967193603516, 15.71308422088623, 15.982318878173828, 15.82489013671875, 12.01369571685791, 15.761549949645996, 15.048440933227539, 15.432727813720703, 11.904703140258789], "9": [14.115527153015137, 13.899321556091309, 14.827817916870117, 14.259283065795898, 10.632981300354004, 14.476032257080078, 13.907201766967773, 13.083222389221191, 10.433753967285156, 15.202091217041016, 15.673019409179688, 15.774203300476074, 16.232685089111328, 11.84697437286377, 15.8681058883667, 16.251264572143555, 15.556169509887695, 15.664285659790039, 11.730958938598633, 16.16515350341797, 15.594078063964844, 14.941149711608887, 11.498724937438965, 15.041054725646973], "10": [14.433714866638184, 14.527612686157227, 13.988381385803223, 10.62840461730957, 14.37548828125, 14.36852741241455, 14.471444129943848, 11.993966102600098, 23.053396224975586, 24.572599411010742, 26.853342056274414, 27.501768112182617, 25.719852447509766, 27.73188018798828, 29.00559425354004, 33.43755340576172, 31.537208557128906, 17.53189468383789, 16.884273529052734, 12.54455280303955, 16.707679748535156, 15.36073112487793, 16.241724014282227, 16.116535186767578], "11": [11.015860557556152, 15.057292938232422, 14.944246292114258, 15.01806640625, 15.452006340026855, 11.265522956848145, 13.953961372375488, 14.745741844177246, 14.965954780578613, 15.697237014770508, 22.319215774536133, 32.688716888427734, 36.36952209472656, 34.641483306884766, 29.815929412841797, 19.971315383911133, 20.4267635345459, 17.064666748046875, 16.11650276184082, 12.14737319946289, 15.287287712097168, 14.708353042602539, 15.721883773803711, 15.883537292480469], "12": [10.600245475769043, 14.380014419555664, 15.13735580444336, 14.73847484588623, 10.515352249145508, 14.877310752868652, 13.570992469787598, 13.708592414855957, 21.99977684020996, 31.927875518798828, 47.78440856933594, 57.77191162109375, 52.19375991821289, 29.75417709350586, 23.879438400268555, 21.392425537109375, 23.235076904296875, 23.172941207885742, 16.058757781982422, 20.679346084594727, 24.83893585205078, 15.60869026184082, 17.53582763671875, 19.417369842529297], "13": [15.442668914794922, 15.440505027770996, 15.30135440826416, 11.547916412353516, 15.483137130737305, 15.726683616638184, 14.66735553741455, 10.544487953186035, 21.92584800720215, 22.82849884033203, 24.033231735229492, 37.191585540771484, 31.11628532409668, 32.697505950927734, 32.90245056152344, 31.528873443603516, 30.190073013305664, 23.12110710144043, 19.74356460571289, 18.657291412353516, 21.41324234008789, 20.214826583862305, 20.8389835357666, 11.252302169799805], "14": [14.12053394317627, 14.166875839233398, 13.645447731018066, 10.67039966583252, 14.177616119384766, 14.178238868713379, 14.106513977050781, 9.909406661987305, 20.35968780517578, 16.472110748291016, 17.06191062927246, 32.492164611816406, 51.300724029541016, 54.26917266845703, 50.50210189819336, 48.68097686767578, 35.08346176147461, 38.99782180786133, 22.646738052368164, 18.45240020751953, 22.199386596679688, 13.961207389831543, 15.315278053283691, 15.30724811553955], "15": [9.707275390625, 14.430438995361328, 14.223156929016113, 14.023893356323242, 10.146698951721191, 14.177988052368164, 13.302797317504883, 13.289813041687012, 12.039894104003906, 10.347755432128906, 15.47828483581543, 15.892138481140137, 15.539440155029297, 15.608316421508789, 12.003786087036133, 15.467247009277344, 15.446500778198242, 15.620823860168457, 32.0369758605957, 41.75722122192383, 34.44069290161133, 34.86152267456055, 39.17423629760742, 21.37142562866211], "16": [14.614566802978516, 14.575699806213379, 11.366989135742188, 14.400833129882812, 14.295021057128906, 14.751469612121582, 13.116179466247559, 9.425889015197754, 13.71966552734375, 21.079069137573242, 16.191402435302734, 12.237100601196289, 15.882539749145508, 41.706817626953125, 47.627655029296875, 52.20516586303711, 59.21641159057617, 25.57247543334961, 23.385047912597656, 22.83458137512207, 16.202136993408203, 12.554529190063477, 22.069141387939453, 15.45832347869873],