{"2019": {"6": {"1": [37.2599983215332, 35.9259033203125, 35.91498947143555, 36.30699157714844, 36.97879409790039, 35.88146209716797, 36.02186965942383, 34.26496887207031, 34.882164001464844, 35.82929992675781, 37.476078033447266, 37.754093170166016, 38.413002014160156, 38.875823974609375, 42.1893196105957, 41.491065979003906, 35.662410736083984, 34.98123550415039, 36.08251190185547, 36.55585861206055, 35.043609619140625, 34.844566345214844, 36.82896423339844, 36.87522888183594], "2": [37.112876892089844, 36.31893539428711, 36.0922966003418, 37.65455627441406, 37.533203125, 36.51667404174805, 35.775447845458984, 33.761512756347656, 34.5465087890625, 41.164955139160156, 43.98875045776367, 38.802005767822266, 39.69273376464844, 36.836692810058594, 38.280914306640625, 39.184478759765625, 37.414276123046875, 36.49271774291992, 35.69758605957031, 37.416988372802734, 37.287845611572266, 36.71923065185547, 36.28722381591797, 37.41857147216797], "3": [36.50042724609375, 37.13521194458008, 36.59040451049805, 35.814632415771484, 36.05854797363281, 35.03262710571289, 39.90937423706055, 50.88835906982422, 63.91007995605469, 78.46137237548828, 78.5715560913086, 80.47380065917969, 85.003662109375, 83.45828247070312, 83.12477111816406, 81.47801208496094, 73.21649169921875, 68.00138854980469, 67.16934204101562, 50.01197052001953, 40.1088752746582, 44.23817825317383, 42.118858337402344, 38.91490936279297], "4": [37.10734558105469, 36.33537292480469, 36.171573638916016, 35.785552978515625, 36.52589416503906, 35.483673095703125, 39.432552337646484, 51.71257400512695, 62.05012512207031, 69.30583953857422, 73.9449234008789, 73.3756103515625, 75.19746398925781, 77.35570526123047, 79.82202911376953, 74.57512664794922, 70.47978210449219, 67.06859588623047, 64.88367462158203, 47.29224395751953, 39.38677215576172, 40.1024055480957, 38.32905578613281, 38.26890182495117], "5": [37.0476188659668, 37.266761779785156, 35.99922561645508, 36.989501953125, 35.640811920166016, 36.72898483276367, 39.744991302490234, 49.35366439819336, 60.62430191040039, 69.94509887695312, 68.75994110107422, 74.48577880859375, 72.48361206054688, 73.64542388916016, 76.09883117675781, 73.28265380859375, 73.36674499511719, 69.84370422363281, 65.63018798828125, 48.401283264160156, 41.383827209472656, 42.253761291503906, 41.83382034301758, 42.76155090332031], "6": [43.37923049926758, 42.84245300292969, 42.31341552734375, 42.355690002441406, 41.45182418823242, 41.02006149291992, 43.541717529296875, 52.851505279541016, 65.35498046875, 70.07337951660156, 73.96916961669922, 78.0037841796875, 76.5919418334961, 73.1850814819336, 70.70475006103516, 71.3900146484375, 67.00439453125, 65.44075012207031, 61.01850128173828, 48.403038024902344, 44.71275329589844, 41.73632049560547, 43.32199478149414, 43.18714141845703], "7": [37.95458221435547, 37.45375061035156, 37.79274368286133, 37.37082290649414, 36.673892974853516, 36.95526123046875, 37.36014175415039, 50.07468795776367, 65.84323120117188, 74.11460876464844, 75.97511291503906, 78.13925170898438, 78.76242065429688, 78.93487548828125, 78.13592529296875, 78.66130065917969, 77.75951385498047, 70.50445556640625, 69.52433013916016, 46.28783416748047, 39.57667541503906, 40.272239685058594, 40.542518615722656, 38.87631607055664], "8": [39.154624938964844, 39.063507080078125, 37.88502502441406, 37.945587158203125, 37.86668395996094, 38.457767486572266, 37.565372467041016, 35.733829498291016, 39.1989631652832, 39.598026275634766, 40.149009704589844, 40.80385971069336, 40.8043098449707, 45.4298210144043, 47.697914123535156, 45.15311050415039, 44.46396255493164, 43.25291061401367, 42.966976165771484, 40.96528625488281, 41.090335845947266, 42.00510025024414, 43.30172348022461, 42.76185607910156], "9": [42.44947052001953, 41.928009033203125, 41.023868560791016, 41.7091064453125, 41.965850830078125, 40.703853607177734, 39.79936981201172, 38.55318832397461, 40.425025939941406, 41.87889862060547, 42.351905822753906, 42.268123626708984, 42.094276428222656, 41.8117790222168, 42.8359260559082, 42.406063079833984, 45.550437927246094, 42.45146179199219, 41.83019256591797, 38.240875244140625, 38.39366912841797, 37.25433349609375, 38.255859375, 38.14931106567383], "10": [37.519649505615234, 38.6356201171875, 38.71168899536133, 38.025821685791016, 38.31951904296875, 38.391456604003906, 37.3460693359375, 54.42490005493164, 65.59143829345703, 69.1654052734375, 71.27384185791016, 79.25666046142578, 78.71334075927734, 82.06680297851562, 81.4671859741211, 79.84616088867188, 80.3250732421875, 79.6749038696289, 70.19001007080078, 53.6343994140625, 43.85259246826172, 40.555938720703125, 43.48033905029297, 41.383575439453125], "11": [36.28288650512695, 36.64204025268555, 36.66997146606445, 37.17292785644531, 36.849674224853516, 36.572845458984375, 37.19366455078125, 50.700931549072266, 67.7138900756836, 75.8185043334961, 79.8444595336914, 79.24398803710938, 86.469482421875, 88.17250061035156, 89.57829284667969, 90.76759338378906, 85.8190689086914, 85.01029205322266, 82.24796295166016, 54.87957763671875, 43.42436599731445, 44.75851821899414, 43.975059509277344, 45.02164077758789], "12": [37.14214324951172, 36.40379333496094, 35.223724365234375, 36.1632080078125, 34.998409271240234, 36.97124481201172, 38.65837860107422, 55.37861633300781, 79.81686401367188, 88.1240463256836, 90.09270477294922, 89.23665618896484, 93.86897277832031, 101.44776916503906, 100.08743286132812, 100.43212890625, 99.90918731689453, 91.3447036743164, 88.40619659423828, 57.336669921875, 41.90570068359375, 45.25534439086914, 46.271331787109375, 44.4454460144043], "13": [38.65058898925781, 38.06016540527344, 37.874534606933594, 38.91279220581055, 38.790931701660156, 38.39400100708008, 41.73152160644531, 63.77134704589844, 78.06188201904297, 81.84794616699219, 88.39452362060547, 89.04889678955078, 96.8953628540039, 97.0271987915039, 95.14108276367188, 95.654052734375, 91.53107452392578, 87.38516235351562, 86.2914047241211, 60.20627975463867, 43.33536148071289, 40.88473129272461, 43.03935241699219, 40.891021728515625], "14": [39.258487701416016, 39.60885238647461, 38.887760162353516, 38.68532943725586, 37.27942657470703, 37.442054748535156, 40.4269905090332, 58.43694305419922, 73.8179931640625, 85.76519012451172, 86.09089660644531, 84.5775375366211, 86.1045150756836, 86.24231719970703, 87.04158782958984, 85.10081481933594, 80.94769287109375, 80.72928619384766, 76.87113952636719, 56.205623626708984, 42.91874694824219, 38.83271026611328, 42.316932678222656, 40.83930969238281], "15": [37.79524612426758, 38.726173400878906, 39.487674713134766, 43.69603729248047, 38.69478988647461, 38.05093765258789, 41.99817657470703, 39.87312316894531, 41.36119079589844, 44.405765533447266, 48.58388137817383, 55.875953674316406, 46.12528610229492, 45.35544967651367, 46.78362274169922, 45.958251953125, 44.31998062133789, 41.28567123413086, 39.7294921875, 38.748050689697266, 38.80891036987305, 38.72990798950195, 39.775665283203125, 42.602909088134766], "16": [41.64773178100586, 41.85248947143555, 42.289100646972656, 40.37529373168945, 40.11812210083008, 40.236995697021484, 41.616065979003906, 40.575599670410156, 39.87038040161133, 44.74456024169922, 46.12052536010742, 47.193485260009766, 48.97095489501953, 48.042640686035156, 49.978790283203125, 46.886474609375, 41.855567932128906, 39.140541076660156, 37.95302963256836, 36.70337677001953, 37.3576774597168, 37.24010467529297, 38.144405364990234, 38.954017639160156], "17": [38.049835205078125, 38.4810905456543, 37.576717376708984, 38.47322082519531, 38.299320220947266, 37.95722579956055, 41.3189811706543, 62.11066436767578, 71.39905548095703, 81.33243560791016, 87.0199203491211, 89.6651840209961, 96.55817413330078, 94.47391510009766, 91.26677703857422, 97.58561706542969, 94.82473754882812, 92.56877899169922, 86.18905639648438, 57.67374038696289, 42.165340423583984, 42.92607498168945, 43.82439422607422, 44.453426361083984],