{"2019": {"6": {"1": [22.455739974975586, 21.758068084716797, 22.450448989868164, 21.05774688720703, 20.652158737182617, 20.03588104248047, 19.190031051635742, 60.1572380065918, 61.04206848144531, 63.93708419799805, 33.18959426879883, 31.205835342407227, 31.08540153503418, 32.1234245300293, 34.571250915527344, 34.356815338134766, 33.97801971435547, 32.86884689331055, 34.09678268432617, 33.03751754760742, 33.379146575927734, 31.12137794494629, 30.177183151245117, 30.59450912475586], "2": [23.5145320892334, 23.190580368041992, 22.289443969726562, 22.758098602294922, 23.742624282836914, 22.242403030395508, 23.279577255249023, 65.90139770507812, 72.08190155029297, 67.20169067382812, 68.60167694091797, 37.490821838378906, 37.18809127807617, 38.82654571533203, 36.269046783447266, 38.02595901489258, 36.467430114746094, 44.056396484375, 39.707786560058594, 30.79543685913086, 30.789714813232422, 31.681224822998047, 31.6090145111084, 29.951679229736328], "3": [22.003385543823242, 23.05044937133789, 22.823558807373047, 23.489198684692383, 24.321977615356445, 22.185131072998047, 22.937183380126953, 94.97053527832031, 90.58235931396484, 79.19998931884766, 79.9443130493164, 48.699363708496094, 49.211570739746094, 48.40528106689453, 46.705806732177734, 47.73310470581055, 45.439918518066406, 41.85810852050781, 41.801883697509766, 35.88710403442383, 33.32490539550781, 31.645048141479492, 32.090728759765625, 31.79129409790039], "4": [40.91109848022461, 20.38981056213379, 20.092275619506836, 19.40633201599121, 22.08566665649414, 34.01222610473633, 33.21853256225586, 115.09442138671875, 95.8564682006836, 96.18133544921875, 86.8557357788086, 78.12731170654297, 48.31196975708008, 48.656734466552734, 46.545413970947266, 48.14215850830078, 45.631309509277344, 41.29271697998047, 39.955177307128906, 34.287986755371094, 33.0101203918457, 30.981592178344727, 32.85686111450195, 29.774978637695312], "5": [21.386568069458008, 19.86482048034668, 18.990291595458984, 19.6937313079834, 19.52850914001465, 19.145944595336914, 19.7420597076416, 26.38805389404297, 43.46902847290039, 44.466209411621094, 45.407470703125, 45.894439697265625, 46.453208923339844, 46.09659194946289, 44.463478088378906, 47.27793502807617, 42.67854309082031, 38.04845428466797, 36.39714431762695, 32.346012115478516, 30.023757934570312, 30.829328536987305, 30.844600677490234, 30.999935150146484], "6": [22.612014770507812, 21.013090133666992, 21.019184112548828, 24.0518856048584, 21.35807228088379, 21.5141544342041, 21.22490882873535, 25.943872451782227, 34.82246780395508, 37.31547164916992, 40.223140716552734, 41.168338775634766, 38.942134857177734, 37.60212326049805, 42.17814636230469, 42.00028991699219, 38.400413513183594, 34.083919525146484, 31.708782196044922, 29.362361907958984, 27.774818420410156, 27.827342987060547, 30.012704849243164, 31.39274024963379], "7": [23.20809555053711, 22.078630447387695, 20.567794799804688, 22.37712287902832, 20.521547317504883, 19.501806259155273, 20.851266860961914, 25.40876579284668, 38.25206756591797, 38.78758239746094, 42.40851974487305, 43.61248779296875, 44.9821662902832, 37.34977722167969, 39.0323486328125, 37.27750015258789, 37.773582458496094, 35.646419525146484, 31.776796340942383, 29.40834617614746, 28.699909210205078, 30.691631317138672, 32.394981384277344, 31.544681549072266], "8": [22.445756912231445, 20.775917053222656, 20.230907440185547, 19.988590240478516, 19.811901092529297, 20.295989990234375, 20.327556610107422, 27.973472595214844, 29.01593589782715, 27.579856872558594, 26.729284286499023, 26.845487594604492, 26.71886444091797, 26.39474868774414, 26.104522705078125, 26.406301498413086, 26.1981143951416, 27.68951988220215, 28.112056732177734, 27.79920768737793, 28.96869659423828, 27.66371726989746, 28.102741241455078, 27.350521087646484], "9": [18.92711067199707, 19.58621597290039, 22.05687713623047, 22.250713348388672, 20.359920501708984, 19.580482482910156, 19.992448806762695, 28.024526596069336, 28.634904861450195, 30.790180206298828, 30.210453033447266, 27.738183975219727, 26.776348114013672, 26.930124282836914, 26.895429611206055, 27.272966384887695, 28.15093231201172, 27.94812774658203, 28.364652633666992, 27.61222267150879, 27.960350036621094, 27.468244552612305, 27.323083877563477, 27.4327392578125], "10": [19.583391189575195, 21.02871322631836, 21.096540451049805, 21.258420944213867, 20.579627990722656, 20.0799617767334, 18.95491600036621, 28.40872573852539, 31.553714752197266, 36.82188415527344, 39.578590393066406, 40.30198669433594, 36.71883773803711, 41.35227584838867, 46.46587371826172, 41.7611083984375, 50.10040283203125, 37.28790283203125, 36.30796432495117, 30.881521224975586, 32.02748107910156, 31.581289291381836, 31.21446990966797, 31.258939743041992], "11": [20.514690399169922, 21.515825271606445, 20.923053741455078, 22.091156005859375, 19.50933837890625, 19.227556228637695, 20.135408401489258, 30.046865463256836, 35.909088134765625, 36.24721908569336, 43.95145034790039, 40.06266784667969, 42.72751998901367, 44.44615173339844, 40.238155364990234, 43.2998161315918, 42.54114532470703, 36.10061264038086, 36.5965576171875, 34.54813766479492, 32.821624755859375, 33.446189880371094, 30.056961059570312, 31.087574005126953], "12": [23.54924201965332, 22.60211753845215, 19.586341857910156, 20.29232406616211, 21.237464904785156, 20.077760696411133, 18.991127014160156, 27.143611907958984, 33.45139694213867, 37.10150909423828, 38.475868225097656, 46.338565826416016, 41.93565368652344, 47.53023910522461, 44.032039642333984, 43.126670837402344, 50.343780517578125, 45.37932586669922, 40.14085006713867, 33.163429260253906, 31.744569778442383, 33.067440032958984, 31.931970596313477, 29.395273208618164], "13": [23.64366912841797, 23.66531753540039, 21.085065841674805, 22.012889862060547, 22.602460861206055, 20.203445434570312, 21.55097198486328, 29.683229446411133, 37.303489685058594, 42.08090591430664, 38.71885299682617, 39.28705978393555, 43.00107955932617, 42.00547409057617, 42.31179428100586, 38.49717330932617, 40.39622116088867, 37.011539459228516, 37.27436447143555, 33.85818862915039, 35.38934326171875, 36.4006233215332, 31.55904769897461, 32.85202407836914], "14": [22.662200927734375, 22.331016540527344, 21.493507385253906, 21.614004135131836, 21.79473876953125, 21.97344207763672, 20.714149475097656, 27.195402145385742, 32.933536529541016, 35.776641845703125, 36.91006088256836, 38.37370681762695, 37.35050964355469, 39.246070861816406, 36.26924133300781, 38.47300338745117, 38.2448616027832, 34.3268928527832, 34.235164642333984, 32.02008056640625, 32.43745040893555, 30.242332458496094, 31.01692771911621, 31.76041030883789], "15": [20.762866973876953, 21.7001895904541, 20.693470001220703, 19.49459457397461, 20.784276962280273, 21.11304473876953, 19.786354064941406, 29.234907150268555, 27.50583267211914, 28.6358585357666, 26.78119659423828, 26.909364700317383, 29.05048179626465, 29.301319122314453, 28.666908264160156, 28.257667541503906, 29.89215087890625, 28.580839157104492, 27.68294334411621, 28.567712783813477, 28.62415313720703, 28.017786026000977, 27.68829917907715, 29.124073028564453], "16": [22.342609405517578, 20.360103607177734, 20.50221824645996, 20.06569480895996, 21.470346450805664, 19.751544952392578, 19.38390350341797, 27.600101470947266, 27.70401382446289, 28.935550689697266, 28.07720184326172, 27.000036239624023, 27.93368148803711, 28.524412155151367, 28.69464874267578, 28.358871459960938, 27.085248947143555, 26.233556747436523, 28.43248748779297, 29.683095932006836, 29.15346336364746, 27.61172103881836, 28.163618087768555, 29.34792137145996],