{"2019": {"6": {"1": [88.93321990966797, 87.35679626464844, 85.9907455444336, 85.4193344116211, 86.55992889404297, 88.82820129394531, 86.76374816894531, 95.54743194580078, 113.34186553955078, 119.2995376586914, 122.02518463134766, 123.16118621826172, 129.84408569335938, 127.69808197021484, 129.52769470214844, 131.06761169433594, 129.6108856201172, 122.46755981445312, 122.16656494140625, 122.94023132324219, 119.55902862548828, 112.56474304199219, 111.85076904296875, 92.97858428955078], "2": [92.91407012939453, 94.52276611328125, 92.58409881591797, 91.10433197021484, 90.36164093017578, 89.76624298095703, 90.7215805053711, 97.31433868408203, 123.54776000976562, 133.83673095703125, 129.79254150390625, 131.58168029785156, 134.58253479003906, 137.41368103027344, 133.9678955078125, 133.27784729003906, 137.9737548828125, 130.5927276611328, 125.46345520019531, 120.39058685302734, 118.87548065185547, 114.02355194091797, 113.81974029541016, 95.01689910888672], "3": [89.15869903564453, 89.00093841552734, 89.61518859863281, 90.50963592529297, 89.91709899902344, 88.95516204833984, 91.70850372314453, 100.75608825683594, 126.45854187011719, 148.2701873779297, 168.01747131347656, 172.84841918945312, 172.5516815185547, 180.48228454589844, 189.10133361816406, 191.23422241210938, 182.44171142578125, 165.54745483398438, 144.62283325195312, 140.7013397216797, 137.03445434570312, 126.83162689208984, 123.6790542602539, 98.97427368164062], "4": [88.9708480834961, 87.07372283935547, 88.90213775634766, 90.65667724609375, 90.86429595947266, 97.1181869506836, 98.01145935058594, 106.42693328857422, 135.17034912109375, 164.91827392578125, 180.76712036132812, 178.25128173828125, 185.2098388671875, 171.00205993652344, 178.215576171875, 177.9373779296875, 177.27542114257812, 162.78172302246094, 132.27088928222656, 124.74181365966797, 116.24833679199219, 116.3955307006836, 115.77561950683594, 96.07862091064453], "5": [92.31258392333984, 86.15474700927734, 84.56719970703125, 86.13412475585938, 83.7190170288086, 84.9914779663086, 85.93264770507812, 93.69605255126953, 122.1920166015625, 151.3607940673828, 169.7340850830078, 184.015869140625, 187.82904052734375, 181.8056640625, 182.9486083984375, 185.95077514648438, 175.531494140625, 168.50442504882812, 149.45716857910156, 136.41624450683594, 127.25347900390625, 118.99833679199219, 117.82106018066406, 93.5410385131836], "6": [89.78784942626953, 90.85926055908203, 89.08203125, 89.90872955322266, 96.20831298828125, 94.73357391357422, 96.78268432617188, 101.56438446044922, 128.98939514160156, 149.0917510986328, 164.99850463867188, 174.5014190673828, 173.89491271972656, 174.2329864501953, 169.83551025390625, 154.01419067382812, 157.58277893066406, 148.290771484375, 125.29727935791016, 116.57496643066406, 113.48045349121094, 109.63230895996094, 109.922607421875, 93.50386047363281], "7": [90.31818389892578, 89.55365753173828, 87.84796142578125, 97.01314544677734, 98.1767349243164, 96.5626449584961, 94.47416687011719, 100.77406311035156, 127.01496887207031, 156.4114532470703, 173.08529663085938, 166.26751708984375, 166.97593688964844, 176.36289978027344, 174.36302185058594, 164.60409545898438, 162.9330596923828, 154.12059020996094, 130.9452667236328, 121.40847778320312, 116.19259643554688, 107.44979858398438, 104.80229187011719, 91.58159637451172], "8": [92.15647888183594, 91.35740661621094, 90.9386978149414, 91.18663024902344, 91.02458190917969, 92.32939910888672, 96.06255340576172, 100.19316864013672, 115.75791931152344, 126.22400665283203, 127.53507232666016, 130.4430389404297, 124.25243377685547, 127.94367218017578, 125.64234161376953, 124.9967041015625, 123.74982452392578, 116.7441635131836, 113.46085357666016, 113.73448181152344, 115.39221954345703, 109.79943084716797, 106.3032455444336, 89.18292236328125], "9": [86.58914947509766, 87.73193359375, 88.19210815429688, 93.47246551513672, 91.39097595214844, 91.15676879882812, 89.52001190185547, 94.330078125, 112.201171875, 122.09130096435547, 123.74137115478516, 122.78031921386719, 122.22184753417969, 119.97944641113281, 119.58930206298828, 121.05306243896484, 122.1621322631836, 118.49073028564453, 112.14302062988281, 112.02689361572266, 110.82856750488281, 104.91710662841797, 103.04229736328125, 91.89496612548828], "10": [91.45642852783203, 89.95967864990234, 88.51775360107422, 89.75348663330078, 87.95919036865234, 90.52366638183594, 89.92740631103516, 94.9128646850586, 119.0528335571289, 141.48635864257812, 158.29104614257812, 172.53775024414062, 174.48451232910156, 176.81199645996094, 176.60223388671875, 177.0342559814453, 168.9386444091797, 163.92176818847656, 140.08798217773438, 127.53143310546875, 123.73162078857422, 119.76332092285156, 116.6740951538086, 92.25495910644531], "11": [89.5464859008789, 87.56123352050781, 86.07421875, 86.69136810302734, 88.28878784179688, 90.80445098876953, 87.43621826171875, 91.53596496582031, 118.82698822021484, 151.13558959960938, 156.902099609375, 163.15370178222656, 161.02664184570312, 159.5609130859375, 162.418212890625, 166.38145446777344, 167.2229461669922, 154.60302734375, 134.91943359375, 125.47701263427734, 116.53435516357422, 112.25936126708984, 110.84517669677734, 91.10475158691406], "12": [88.7425765991211, 88.52123260498047, 88.04039764404297, 83.64558410644531, 83.28595733642578, 83.17828369140625, 81.44355010986328, 87.98001861572266, 118.44318389892578, 153.17198181152344, 161.66195678710938, 161.1116943359375, 160.1946563720703, 160.2461395263672, 169.1421356201172, 177.70391845703125, 171.65003967285156, 161.8358612060547, 140.16819763183594, 130.40940856933594, 129.07626342773438, 115.82212829589844, 116.3319091796875, 90.26148223876953], "13": [87.59846496582031, 88.56102752685547, 83.9786605834961, 82.98959350585938, 84.16266632080078, 83.72908782958984, 81.9171142578125, 87.47501373291016, 114.86937713623047, 143.90965270996094, 160.24876403808594, 170.23193359375, 173.0101776123047, 168.09210205078125, 173.51132202148438, 174.15402221679688, 172.5481719970703, 162.537353515625, 134.90232849121094, 118.4373779296875, 113.02890014648438, 105.760009765625, 106.88489532470703, 91.01241302490234], "14": [88.77925872802734, 87.3673095703125, 87.46691131591797, 84.08938598632812, 84.36042022705078, 84.62962341308594, 81.78448486328125, 87.6850814819336, 116.15960693359375, 141.9986572265625, 150.47921752929688, 157.7255401611328, 155.62486267089844, 157.40628051757812, 161.60598754882812, 165.15260314941406, 162.3138427734375, 155.09498596191406, 130.36370849609375, 122.98054504394531, 117.25115966796875, 104.55242919921875, 102.66085815429688, 88.78929901123047], "15": [87.4556655883789, 88.14496612548828, 82.80792236328125, 84.67960357666016, 85.42167663574219, 85.34925842285156, 81.0079116821289, 87.2055892944336, 104.27429962158203, 114.48480224609375, 113.42677307128906, 114.34943389892578, 120.0721206665039, 119.8712387084961, 122.53988647460938, 123.16680908203125, 122.8777847290039, 123.10224151611328, 117.50257873535156, 115.4779281616211, 114.06451416015625, 105.13568878173828, 105.54446411132812, 92.2358627319336], "16": [88.268798828125, 88.9522705078125, 89.32384490966797, 88.51892852783203, 87.8481216430664, 87.68169403076172, 89.58214569091797, 95.26758575439453, 112.02369689941406, 121.11593627929688, 119.64451599121094, 120.17947387695312, 121.2933578491211, 123.07202911376953, 124.20329284667969, 121.6288070678711, 125.85623168945312, 121.70113372802734, 116.59867095947266, 117.60536193847656, 117.49394989013672, 111.26039123535156, 107.42011260986328, 92.5785903930664],