{"2019": {"6": {"1": [87.90596008300781, 77.05690002441406, 84.31978607177734, 74.84697723388672, 73.28956604003906, 79.65462493896484, 72.78739166259766, 75.5046615600586, 76.14264678955078, 82.29293060302734, 78.93737030029297, 92.56409454345703, 86.41937255859375, 93.65348052978516, 89.51187133789062, 95.0150146484375, 102.96495056152344, 101.864013671875, 99.60810089111328, 89.44265747070312, 86.20307159423828, 85.97794342041016, 86.79596710205078, 79.90274047851562], "2": [82.71018981933594, 80.83240509033203, 80.39908599853516, 79.28826904296875, 82.99243927001953, 77.03553009033203, 81.02526092529297, 81.02203369140625, 101.34547424316406, 106.90350341796875, 110.12577819824219, 109.38300323486328, 112.8495864868164, 116.58318328857422, 120.67105102539062, 114.04663848876953, 120.24537658691406, 114.44942474365234, 111.10693359375, 103.41284942626953, 101.02495574951172, 93.4071044921875, 81.50089263916016, 87.68794250488281], "3": [84.935791015625, 80.74227142333984, 84.0198974609375, 76.45082092285156, 82.4136734008789, 81.15524291992188, 80.45732879638672, 79.04969787597656, 111.58147430419922, 120.57804870605469, 129.42251586914062, 137.76983642578125, 134.7567901611328, 138.13027954101562, 141.10195922851562, 140.16050720214844, 132.7192840576172, 126.65202331542969, 115.48360443115234, 97.74017333984375, 98.09439849853516, 90.74512481689453, 95.08050537109375, 86.44991302490234], "4": [82.52964782714844, 84.17378234863281, 83.16481018066406, 75.12501525878906, 77.46300506591797, 73.98300170898438, 75.59770202636719, 76.68990325927734, 111.89714050292969, 128.73553466796875, 145.6080780029297, 133.0220947265625, 133.9488983154297, 136.57742309570312, 134.16082763671875, 142.91258239746094, 128.54917907714844, 131.5908203125, 116.97633361816406, 102.27169799804688, 102.66204833984375, 98.77283477783203, 90.57650756835938, 94.716552734375], "5": [93.84955596923828, 91.04165649414062, 79.31919860839844, 76.2357177734375, 77.73785400390625, 71.62091827392578, 76.64286804199219, 73.11092376708984, 100.6282958984375, 131.04869079589844, 132.3670196533203, 133.17324829101562, 148.67929077148438, 142.9110870361328, 147.7763671875, 151.88021850585938, 143.23927307128906, 133.8524169921875, 124.17227172851562, 114.80418395996094, 96.72635650634766, 106.68896484375, 85.84815979003906, 90.59224700927734], "6": [87.82899475097656, 86.7513427734375, 79.69485473632812, 76.0551986694336, 75.39520263671875, 75.37903594970703, 76.73738861083984, 73.1077880859375, 122.72652435302734, 134.991455078125, 143.16278076171875, 138.97769165039062, 143.73013305664062, 139.89341735839844, 142.88992309570312, 136.69406127929688, 143.95614624023438, 128.61512756347656, 128.8874969482422, 111.44566345214844, 108.65489959716797, 96.44609069824219, 90.2994155883789, 91.53140258789062], "7": [82.62623596191406, 79.92459106445312, 79.75518798828125, 72.68824005126953, 74.44656372070312, 73.69236755371094, 75.39747619628906, 70.42803192138672, 111.99732971191406, 128.0316619873047, 140.34434509277344, 136.7028045654297, 140.637451171875, 143.6535186767578, 144.24606323242188, 138.1498565673828, 129.3915557861328, 112.54136657714844, 101.6229019165039, 99.05391693115234, 101.59624481201172, 90.01539611816406, 94.22779846191406, 84.61278533935547], "8": [87.0336685180664, 87.82062530517578, 83.48287200927734, 79.1557388305664, 83.57572174072266, 81.39098358154297, 80.04642486572266, 78.00199890136719, 79.80633544921875, 75.20568084716797, 84.36932373046875, 81.54943084716797, 87.02010345458984, 87.90644836425781, 83.52222442626953, 88.37855529785156, 89.24835205078125, 87.10782623291016, 83.5167007446289, 86.93999481201172, 85.75055694580078, 83.9831314086914, 88.71051788330078, 81.64550018310547], "9": [82.28684997558594, 84.06468963623047, 80.0208511352539, 75.00191497802734, 71.49018096923828, 74.84249877929688, 70.31517791748047, 73.6555404663086, 69.7793960571289, 73.13758087158203, 73.83650970458984, 74.74588775634766, 82.03781127929688, 86.85539245605469, 78.73408508300781, 83.74520874023438, 82.39688873291016, 85.48330688476562, 81.90896606445312, 83.07835388183594, 84.07295227050781, 83.41593933105469, 87.16802978515625, 76.79517364501953], "10": [82.31009674072266, 77.58915710449219, 80.0925521850586, 78.32022857666016, 77.18083953857422, 77.02992248535156, 77.77011108398438, 79.16751861572266, 96.0342788696289, 126.71045684814453, 118.38359069824219, 130.65553283691406, 134.5079345703125, 131.99615478515625, 144.02667236328125, 138.28392028808594, 142.5399169921875, 140.2953643798828, 111.16972351074219, 101.10936737060547, 103.44380187988281, 106.43648529052734, 102.55372619628906, 95.75813293457031], "11": [94.87609100341797, 90.16890716552734, 92.55489349365234, 90.55744171142578, 82.05927276611328, 88.01737976074219, 83.80379486083984, 81.98081970214844, 105.29080963134766, 119.26476287841797, 126.55426788330078, 144.568115234375, 152.01040649414062, 147.20263671875, 145.19989013671875, 136.06040954589844, 135.05194091796875, 134.57205200195312, 125.36251831054688, 111.4348373413086, 101.44031524658203, 101.43464660644531, 101.91456604003906, 95.20924377441406], "12": [98.19694519042969, 91.05342864990234, 98.18486785888672, 88.8138656616211, 87.3877944946289, 89.98961639404297, 87.44766998291016, 89.34342956542969, 107.55010223388672, 126.68168640136719, 128.15924072265625, 136.39974975585938, 133.193603515625, 145.1578826904297, 133.5499725341797, 144.48123168945312, 137.22003173828125, 136.67832946777344, 117.69025421142578, 99.6279525756836, 99.42979431152344, 91.28875732421875, 94.64603424072266, 91.29474639892578], "13": [85.75926971435547, 94.2214126586914, 89.66511535644531, 94.29106903076172, 87.19316864013672, 90.00151824951172, 87.4517822265625, 86.31006622314453, 109.1530532836914, 116.44927215576172, 128.8880157470703, 134.09410095214844, 141.38003540039062, 136.66404724121094, 140.24005126953125, 132.62319946289062, 128.9438018798828, 123.2964096069336, 117.71629333496094, 99.31623840332031, 98.98480224609375, 99.04872131347656, 96.7656478881836, 94.49669647216797], "14": [91.93831634521484, 99.93279266357422, 96.26700592041016, 92.30499267578125, 99.23416900634766, 86.83597564697266, 88.5749282836914, 87.88854217529297, 104.84779357910156, 123.49063873291016, 125.82731628417969, 128.89988708496094, 128.1575469970703, 130.12989807128906, 135.51097106933594, 137.5332489013672, 135.3516082763672, 122.50883483886719, 118.00314331054688, 105.93502807617188, 95.56130981445312, 100.20211029052734, 94.86492156982422, 92.92900085449219], "15": [94.47750091552734, 88.0102767944336, 87.61360168457031, 84.9861831665039, 88.4356689453125, 85.96385955810547, 87.39897918701172, 83.70704650878906, 96.12923431396484, 97.59954833984375, 93.03870391845703, 105.32470703125, 100.78875732421875, 105.38560485839844, 111.98282623291016, 108.8019790649414, 112.31460571289062, 110.20061492919922, 114.07559967041016, 113.87956237792969, 109.32041931152344, 106.61844635009766, 102.17019653320312, 98.32978820800781], "16": [93.84949493408203, 95.2431411743164, 90.48948669433594, 92.06502532958984, 91.55406951904297, 92.00789642333984, 91.66656494140625, 88.44123077392578, 91.8000717163086, 94.37007141113281, 89.61620330810547, 96.54302978515625, 95.67630004882812, 98.9068603515625, 100.98760223388672, 98.6020736694336, 98.95436096191406, 93.2615966796875, 99.29271697998047, 97.32071685791016, 94.12434387207031, 94.4902572631836, 93.05391693115234, 93.78944396972656], "17": [88.73145294189453, 92.42021942138672, 93.28923797607422, 93.46495056152344, 87.91966247558594, 95.13085174560547, 89.68191528320312, 89.510498046875, 118.71485900878906, 122.81539916992188, 136.40989685058594, 136.30775451660156, 145.51791381835938, 139.4462432861328, 142.6249237060547, 141.73968505859375, 142.91526794433594, 137.85342407226562, 130.11143493652344, 99.9917984008789, 99.02727508544922, 99.40101623535156, 102.11762237548828, 99.94774627685547],