{"2019": {"6": {"1": [295.2247009277344, 296.5956115722656, 294.69073486328125, 291.32562255859375, 283.9361572265625, 282.7617492675781, 291.95867919921875, 423.82208251953125, 376.8040771484375, 387.8745422363281, 406.3199157714844, 411.7520446777344, 403.6486511230469, 413.1055603027344, 427.69354248046875, 416.4678955078125, 418.67999267578125, 411.0504150390625, 401.954345703125, 394.2239685058594, 332.4909973144531, 326.1200256347656, 317.4403076171875, 318.3760986328125], "2": [309.6732177734375, 301.42535400390625, 301.16326904296875, 306.71722412109375, 296.7377014160156, 301.3622131347656, 303.3179626464844, 320.77587890625, 470.1139221191406, 405.56903076171875, 426.63531494140625, 423.19573974609375, 423.1040344238281, 426.5747985839844, 449.08013916015625, 441.1339111328125, 452.3449401855469, 447.62786865234375, 406.55133056640625, 362.9561767578125, 308.3133239746094, 314.2703857421875, 313.7250671386719, 313.7080078125], "3": [300.5992126464844, 300.0616760253906, 298.8240051269531, 296.9218444824219, 291.234375, 290.9307556152344, 298.9848937988281, 327.8460998535156, 386.1719055175781, 454.4035339355469, 471.00347900390625, 469.42291259765625, 557.1630859375, 548.6557006835938, 562.8521728515625, 567.7807006835938, 566.142578125, 541.4995727539062, 494.00537109375, 441.49627685546875, 346.07855224609375, 334.9996032714844, 335.9508056640625, 343.12152099609375], "4": [324.1250915527344, 320.52459716796875, 316.4288330078125, 318.73681640625, 320.0249938964844, 317.46270751953125, 319.1494140625, 324.4737548828125, 423.7713928222656, 458.20318603515625, 524.2962036132812, 513.0447998046875, 540.4630737304688, 563.4302978515625, 559.8485717773438, 550.310791015625, 543.97216796875, 518.5765380859375, 475.2576599121094, 413.5519104003906, 350.93707275390625, 347.14422607421875, 327.0696105957031, 327.9634094238281], "5": [321.14971923828125, 316.98101806640625, 301.4526672363281, 303.27081298828125, 291.1285400390625, 300.1070251464844, 299.4315185546875, 380.2375793457031, 457.5290832519531, 503.3279113769531, 499.7746887207031, 522.3159790039062, 530.82080078125, 523.03759765625, 548.3746337890625, 520.68505859375, 518.727783203125, 491.8348693847656, 457.28387451171875, 421.1416931152344, 343.4206848144531, 328.09893798828125, 319.1790771484375, 311.11138916015625], "6": [312.49749755859375, 310.5085754394531, 307.15380859375, 296.8729248046875, 298.3632507324219, 302.4503173828125, 293.9154968261719, 312.63812255859375, 381.2270812988281, 436.6617431640625, 504.09002685546875, 482.0103759765625, 496.9369201660156, 497.49700927734375, 525.26220703125, 504.5771179199219, 501.46881103515625, 480.12091064453125, 428.9949035644531, 371.6011047363281, 328.4543151855469, 317.8760681152344, 300.4568176269531, 301.45343017578125], "7": [302.0958557128906, 294.69598388671875, 281.42254638671875, 285.45404052734375, 281.37353515625, 284.3998718261719, 283.3370056152344, 292.3822021484375, 328.1972351074219, 383.5216064453125, 398.7164306640625, 402.43670654296875, 404.7687072753906, 460.2654113769531, 478.18878173828125, 474.29864501953125, 469.1527099609375, 448.589111328125, 400.849609375, 402.9823913574219, 327.9344177246094, 318.883056640625, 296.0028381347656, 300.6374206542969], "8": [290.2779235839844, 288.26043701171875, 289.63507080078125, 294.4062194824219, 286.6800537109375, 293.4014587402344, 290.9145812988281, 298.7145080566406, 299.9994201660156, 307.4015197753906, 308.76556396484375, 384.758056640625, 323.7135009765625, 369.900634765625, 363.6502685546875, 362.98004150390625, 381.5903015136719, 380.4725036621094, 353.7817687988281, 357.1255798339844, 330.841064453125, 318.5178527832031, 309.4457702636719, 305.6941223144531], "9": [299.2326965332031, 288.68487548828125, 292.0602722167969, 293.1593322753906, 291.2562561035156, 288.68377685546875, 293.36968994140625, 305.71478271484375, 306.59735107421875, 303.923828125, 409.6298828125, 351.8625793457031, 355.46917724609375, 319.5440673828125, 342.1886901855469, 341.5681457519531, 387.4381103515625, 370.0761413574219, 337.2267150878906, 394.826171875, 336.9539794921875, 333.9671325683594, 323.32403564453125, 324.5856628417969], "10": [292.82342529296875, 291.8545837402344, 288.7432556152344, 293.9264221191406, 290.40765380859375, 287.0999450683594, 291.63787841796875, 370.5428466796875, 399.4380187988281, 473.6658020019531, 505.77191162109375, 506.19757080078125, 534.257080078125, 524.7514038085938, 527.1096801757812, 525.7115478515625, 536.76806640625, 511.1755676269531, 471.44256591796875, 461.106689453125, 387.6929626464844, 362.5782775878906, 324.26617431640625, 323.08734130859375], "11": [316.24591064453125, 301.0365295410156, 295.18060302734375, 299.79248046875, 291.7235412597656, 292.9455871582031, 303.7435302734375, 388.91363525390625, 435.25787353515625, 499.4974365234375, 521.3388671875, 527.9761962890625, 534.318603515625, 543.6105346679688, 550.27294921875, 564.6536865234375, 562.1947631835938, 510.6880798339844, 466.4458312988281, 464.54620361328125, 381.5490417480469, 369.5679931640625, 358.2760314941406, 347.0037841796875], "12": [327.61724853515625, 329.4616394042969, 326.2779235839844, 330.522705078125, 331.28985595703125, 327.9153137207031, 329.4571533203125, 430.1650085449219, 498.72393798828125, 530.598876953125, 545.55126953125, 553.793212890625, 573.1602783203125, 581.778076171875, 587.3856201171875, 599.9359741210938, 582.7486572265625, 590.7843627929688, 547.471923828125, 511.6944580078125, 397.71337890625, 390.42901611328125, 351.337890625, 342.1318054199219], "13": [330.8829650878906, 325.60980224609375, 317.2348327636719, 314.4390563964844, 320.0865478515625, 321.6043395996094, 316.305419921875, 431.9937438964844, 481.2196044921875, 527.9384765625, 556.9369506835938, 553.3949584960938, 575.2806396484375, 558.422119140625, 560.1217651367188, 546.495849609375, 572.1342163085938, 573.4124755859375, 519.373779296875, 499.4237976074219, 406.47216796875, 393.0942687988281, 364.37420654296875, 338.3384094238281], "14": [327.7337646484375, 329.1015625, 319.5621032714844, 315.4604187011719, 318.10626220703125, 314.9789123535156, 320.35650634765625, 393.5443420410156, 419.0426025390625, 440.0690612792969, 470.69091796875, 481.2091064453125, 482.4630126953125, 468.73846435546875, 492.7057189941406, 485.0989685058594, 497.5820617675781, 472.4277648925781, 440.68463134765625, 416.0157775878906, 360.662841796875, 355.910888671875, 322.331298828125, 316.9022521972656], "15": [305.1271667480469, 303.4963684082031, 288.656005859375, 288.576904296875, 289.07763671875, 285.67535400390625, 281.1403503417969, 293.5274658203125, 327.2563171386719, 358.96295166015625, 370.9546203613281, 380.0973205566406, 390.89703369140625, 378.50823974609375, 372.1367492675781, 371.587158203125, 349.7359924316406, 372.55731201171875, 328.6194763183594, 324.9255065917969, 322.44500732421875, 316.8271179199219, 296.64910888671875, 286.58343505859375], "16": [281.3478088378906, 280.3132019042969, 280.7672119140625, 277.978271484375, 273.24072265625, 271.73681640625, 280.0308532714844, 291.01251220703125, 340.71051025390625, 365.9740295410156, 377.1690368652344, 394.7964782714844, 402.50408935546875, 388.73541259765625, 408.44964599609375, 387.2651672363281, 367.6438903808594, 354.1119384765625, 402.5062255859375, 357.80767822265625, 327.23956298828125, 339.46820068359375, 306.6414794921875, 301.4245910644531], "17": [300.59576416015625, 287.1003723144531, 288.0277404785156, 289.0342102050781, 283.4328308105469, 288.0301818847656, 294.1319580078125, 394.4222717285156, 422.9850769042969, 492.65850830078125, 524.75634765625, 542.2161865234375, 552.3084106445312, 550.1452026367188, 551.5324096679688, 548.6763305664062, 569.6231079101562, 544.1373901367188, 522.2822265625, 517.72216796875, 387.28448486328125, 366.77813720703125, 325.6572570800781, 326.3250732421875],