{"2019": {"6": {"1": [250.28858947753906, 291.22430419921875, 292.67559814453125, 272.5359191894531, 272.97412109375, 292.1467590332031, 252.5272979736328, 322.966796875, 325.13702392578125, 333.4212951660156, 379.69451904296875, 388.517578125, 392.42333984375, 399.4850769042969, 407.3028869628906, 398.3813781738281, 400.66632080078125, 404.0917663574219, 389.6075744628906, 350.3484802246094, 346.1172180175781, 322.42852783203125, 313.54156494140625, 281.21435546875], "2": [263.7909851074219, 250.44876098632812, 261.2935485839844, 255.39939880371094, 245.9635467529297, 258.5360412597656, 237.02920532226562, 302.10430908203125, 328.68115234375, 334.4314270019531, 368.8828125, 344.4268493652344, 356.39434814453125, 349.5683288574219, 363.92694091796875, 352.22601318359375, 354.7389831542969, 341.7425842285156, 326.50982666015625, 333.5703125, 308.2463073730469, 321.677978515625, 276.99310302734375, 213.82861328125], "3": [235.84622192382812, 247.3894805908203, 250.7704315185547, 233.22946166992188, 239.8136444091797, 236.96849060058594, 221.028564453125, 311.40869140625, 376.5586853027344, 434.23175048828125, 450.7087097167969, 476.2236328125, 464.8709716796875, 455.192138671875, 463.1277770996094, 447.05126953125, 440.0221252441406, 413.9184265136719, 385.4203186035156, 385.4878845214844, 331.1232604980469, 309.2071228027344, 277.767578125, 243.98898315429688], "4": [288.48681640625, 269.5420227050781, 251.7811279296875, 268.2926330566406, 250.8690643310547, 263.12457275390625, 257.2430114746094, 332.42767333984375, 398.4455871582031, 423.0653381347656, 453.4551086425781, 448.5246887207031, 441.1992492675781, 449.0472717285156, 450.8887023925781, 454.6938171386719, 443.9146728515625, 424.3850402832031, 392.88360595703125, 379.7986755371094, 319.6980285644531, 322.358642578125, 269.56817626953125, 238.45831298828125], "5": [265.3966369628906, 249.1593780517578, 276.6889953613281, 251.00904846191406, 252.06736755371094, 277.5714111328125, 251.78855895996094, 322.4638977050781, 400.0097351074219, 412.2103576660156, 440.53961181640625, 442.0858459472656, 424.2495422363281, 425.9954833984375, 436.2640075683594, 436.0088806152344, 438.63677978515625, 406.12823486328125, 378.4919128417969, 400.37933349609375, 324.4375, 318.2196960449219, 244.34967041015625, 219.0417022705078], "6": [259.41497802734375, 255.0167236328125, 242.1910400390625, 266.913330078125, 244.43954467773438, 254.01890563964844, 260.22503662109375, 304.5157165527344, 335.3503723144531, 406.2303771972656, 431.0939636230469, 427.94439697265625, 430.03076171875, 426.7986755371094, 413.1846618652344, 430.8753356933594, 400.7454528808594, 396.50677490234375, 383.5867614746094, 357.5317077636719, 296.3144226074219, 292.1263427734375, 250.97071838378906, 231.61785888671875], "7": [261.41705322265625, 257.8407897949219, 269.5361022949219, 275.4533386230469, 245.5313720703125, 269.5704650878906, 245.25192260742188, 308.93438720703125, 343.6258544921875, 422.98370361328125, 438.5269775390625, 448.3480224609375, 464.9670715332031, 472.9497985839844, 470.05047607421875, 469.0517578125, 446.03826904296875, 422.72705078125, 344.6067810058594, 338.76531982421875, 314.66436767578125, 318.91741943359375, 285.27734375, 254.55130004882812], "8": [290.897216796875, 272.8395080566406, 276.9242248535156, 288.1257629394531, 264.8467102050781, 283.0230407714844, 270.3123474121094, 306.9049377441406, 326.927001953125, 329.5955505371094, 377.8570251464844, 402.18115234375, 382.28955078125, 385.5959777832031, 395.9467468261719, 390.0579528808594, 386.05035400390625, 378.4444885253906, 323.83233642578125, 315.1445617675781, 320.1341552734375, 329.32098388671875, 274.8478698730469, 255.768310546875], "9": [271.4795227050781, 247.40234375, 250.9897918701172, 255.21456909179688, 242.66769409179688, 263.9172668457031, 242.5778350830078, 293.8641052246094, 323.39178466796875, 326.81317138671875, 315.6594543457031, 333.792236328125, 325.4712829589844, 327.6300964355469, 321.1201171875, 309.4906311035156, 320.7296142578125, 318.7301330566406, 324.0389099121094, 322.3473815917969, 327.43426513671875, 320.76226806640625, 259.14923095703125, 247.94651794433594], "10": [262.72381591796875, 249.26747131347656, 241.18759155273438, 250.23155212402344, 223.36866760253906, 223.11534118652344, 243.06686401367188, 298.37939453125, 359.3775634765625, 413.3845520019531, 441.4450988769531, 456.8863830566406, 443.1820983886719, 450.5501708984375, 465.28753662109375, 465.35400390625, 441.5926513671875, 424.96966552734375, 415.93878173828125, 400.89190673828125, 349.8635559082031, 330.36187744140625, 314.530029296875, 299.7914733886719], "11": [290.00885009765625, 292.9513854980469, 300.2770080566406, 298.2137756347656, 281.5193176269531, 294.174072265625, 292.46527099609375, 341.674560546875, 377.0978088378906, 438.1331481933594, 457.48126220703125, 449.755126953125, 483.3692321777344, 496.6315612792969, 494.4493103027344, 485.11602783203125, 468.88885498046875, 439.794677734375, 417.1273193359375, 407.258544921875, 363.47900390625, 345.0390930175781, 298.20843505859375, 234.67098999023438], "12": [267.2048645019531, 269.3006286621094, 267.0116271972656, 257.0565185546875, 250.23558044433594, 258.6830139160156, 240.80686950683594, 325.06256103515625, 241.8295440673828, 333.9626770019531, 459.55877685546875, 476.71221923828125, 432.2226257324219, 476.1051330566406, 418.65692138671875, 491.7215576171875, 587.8577880859375, 553.619873046875, 506.8334655761719, 476.97119140625, 427.0480651855469, 388.85595703125, 331.9403381347656, 292.32275390625], "13": [313.8382568359375, 320.66766357421875, 309.428466796875, 312.24774169921875, 312.7042236328125, 309.7806701660156, 338.4166564941406, 393.6327209472656, 438.16766357421875, 483.3744201660156, 525.7200317382812, 529.582763671875, 516.3469848632812, 503.8370361328125, 492.3526611328125, 485.8993835449219, 471.30218505859375, 448.70562744140625, 435.74908447265625, 411.5649108886719, 356.6340026855469, 353.67486572265625, 302.98284912109375, 268.5584411621094], "14": [299.9130859375, 276.8873291015625, 297.6977233886719, 278.8531494140625, 281.6572570800781, 296.16748046875, 267.380126953125, 333.7909240722656, 364.1055908203125, 384.62506103515625, 415.48736572265625, 415.4329833984375, 422.489013671875, 434.4663391113281, 437.141845703125, 459.3832702636719, 437.3173522949219, 415.155029296875, 358.67974853515625, 351.4319763183594, 347.7803955078125, 334.5740966796875, 298.6038818359375, 280.92724609375], "15": [291.53564453125, 310.015380859375, 267.2884216308594, 271.19635009765625, 269.89825439453125, 258.5821838378906, 279.5106506347656, 297.1888122558594, 317.9275207519531, 308.60443115234375, 345.3985900878906, 362.2730407714844, 368.9022216796875, 374.9994201660156, 394.1207275390625, 381.3819580078125, 376.343505859375, 377.8865051269531, 322.095947265625, 322.6720275878906, 331.36846923828125, 305.8287353515625, 263.5930480957031, 271.313720703125], "16": [261.5712890625, 254.2324981689453, 264.22003173828125, 237.9777069091797, 220.6852264404297, 237.6134796142578, 224.93069458007812, 261.8276672363281, 297.46630859375, 295.7558288574219, 304.6000671386719, 312.3446960449219, 326.43951416015625, 337.3132629394531, 330.90380859375, 334.8083190917969, 327.447509765625, 328.31732177734375, 324.4026184082031, 321.77484130859375, 329.2945251464844, 316.4450988769531, 264.0796203613281, 252.1960906982422], "17": [237.37738037109375, 244.5485076904297, 256.98028564453125, 231.52597045898438, 219.34376525878906, 222.8923797607422, 233.0062713623047, 290.2882995605469, 346.8752746582031, 370.0409851074219, 423.000732421875, 430.06744384765625, 445.5993347167969, 434.9900817871094, 454.9916076660156, 455.5904541015625, 451.6486511230469, 426.24737548828125, 400.4982604980469, 392.9385070800781, 338.23992919921875, 321.2056579589844, 277.5954284667969, 255.19589233398438],