{"2019": {"6": {"1": [223.54344177246094, 181.7492218017578, 170.30145263671875, 170.50021362304688, 164.0261993408203, 165.28155517578125, 157.5547332763672, 152.7958526611328, 158.31509399414062, 171.38340759277344, 173.88052368164062, 173.8553924560547, 181.61300659179688, 192.1769256591797, 190.15196228027344, 194.98377990722656, 204.8255157470703, 190.2942657470703, 207.48175048828125, 197.00634765625, 193.01531982421875, 207.2379150390625, 195.9282989501953, 199.30337524414062], "2": [205.08975219726562, 191.80274963378906, 191.59361267089844, 164.48057556152344, 170.85894775390625, 172.68199157714844, 160.37232971191406, 161.50218200683594, 162.74131774902344, 179.09335327148438, 175.71621704101562, 177.1705780029297, 182.7040557861328, 190.08132934570312, 191.0351104736328, 192.77255249023438, 195.89793395996094, 208.6903533935547, 200.48023986816406, 187.48167419433594, 189.82041931152344, 206.47152709960938, 193.86830139160156, 197.70631408691406], "3": [173.26235961914062, 208.92486572265625, 211.4819793701172, 208.5655975341797, 207.54864501953125, 189.63717651367188, 186.75848388671875, 200.14939880371094, 230.2188720703125, 261.95684814453125, 288.2291259765625, 299.1507263183594, 295.0769348144531, 286.34075927734375, 290.5354919433594, 294.1287841796875, 295.2740478515625, 271.828857421875, 260.4881286621094, 242.97373962402344, 237.95323181152344, 252.18734741210938, 251.3771209716797, 227.90817260742188], "4": [196.56690979003906, 192.2106475830078, 192.02606201171875, 191.19126892089844, 183.5272216796875, 181.74746704101562, 174.1458740234375, 200.76693725585938, 248.603759765625, 266.627685546875, 289.7068176269531, 288.7880554199219, 297.6520690917969, 302.7867126464844, 300.3298645019531, 369.904541015625, 341.8695068359375, 326.15496826171875, 285.6689147949219, 306.4128723144531, 261.40380859375, 297.01385498046875, 280.2129821777344, 221.20509338378906], "5": [195.9127655029297, 179.3540802001953, 178.22994995117188, 181.53854370117188, 182.2142333984375, 170.21597290039062, 157.21437072753906, 205.04246520996094, 213.13671875, 254.4261932373047, 278.86138916015625, 285.9857177734375, 293.7936096191406, 297.0704650878906, 304.4014892578125, 290.410400390625, 305.74017333984375, 276.8160095214844, 264.911376953125, 248.71385192871094, 243.2202911376953, 271.3407897949219, 250.4126434326172, 195.2826690673828], "6": [190.732177734375, 187.6210174560547, 177.6669921875, 180.24705505371094, 182.6006317138672, 171.05929565429688, 170.18345642089844, 205.49559020996094, 218.33204650878906, 257.3013916015625, 264.8283996582031, 295.2438049316406, 298.1138610839844, 297.88909912109375, 325.8849182128906, 328.2500915527344, 320.7452697753906, 303.5762939453125, 295.645751953125, 268.17828369140625, 249.22903442382812, 253.37503051757812, 249.56031799316406, 229.34967041015625], "7": [206.45033264160156, 199.54371643066406, 196.29360961914062, 196.79283142089844, 196.6585693359375, 190.8391876220703, 177.89352416992188, 210.87452697753906, 228.3863067626953, 257.911376953125, 275.62933349609375, 298.8709411621094, 300.837890625, 307.9783630371094, 305.97735595703125, 302.9084777832031, 338.06646728515625, 311.37103271484375, 297.95721435546875, 267.89447021484375, 262.9100036621094, 276.818603515625, 254.97691345214844, 185.39251708984375], "8": [197.4956817626953, 172.5118408203125, 168.59866333007812, 162.0296173095703, 162.5377655029297, 161.7598419189453, 154.1235809326172, 150.33900451660156, 153.4387969970703, 162.63157653808594, 172.62765502929688, 170.6943817138672, 170.43165588378906, 176.5736083984375, 174.39453125, 174.7324981689453, 187.0875244140625, 178.31207275390625, 183.73480224609375, 171.81600952148438, 167.12107849121094, 189.47845458984375, 181.60043334960938, 178.6752471923828], "9": [181.3694610595703, 175.3485107421875, 178.12509155273438, 170.97268676757812, 166.69598388671875, 169.44578552246094, 156.8181610107422, 153.4100341796875, 161.42897033691406, 169.40223693847656, 172.05245971679688, 175.3650360107422, 170.62794494628906, 180.20909118652344, 180.91207885742188, 180.5943603515625, 191.6295166015625, 183.04566955566406, 182.316162109375, 178.9075469970703, 177.15809631347656, 184.81260681152344, 183.96975708007812, 180.71356201171875], "10": [178.87881469726562, 203.40335083007812, 198.8866729736328, 188.49835205078125, 190.0147247314453, 195.4442138671875, 188.05154418945312, 200.76187133789062, 206.82044982910156, 241.54037475585938, 253.174560546875, 277.0760498046875, 272.7756652832031, 310.43414306640625, 309.3779602050781, 309.14862060546875, 383.2965393066406, 362.8898620605469, 319.75250244140625, 292.9219665527344, 272.93389892578125, 294.3628845214844, 276.5043029785156, 247.21095275878906], "11": [215.67112731933594, 207.87623596191406, 196.8173370361328, 195.53944396972656, 198.41481018066406, 169.91671752929688, 157.89479064941406, 198.5286407470703, 289.524169921875, 334.5137634277344, 322.27423095703125, 362.9129638671875, 359.2892150878906, 365.5238952636719, 385.1139831542969, 378.9541320800781, 390.87066650390625, 352.19091796875, 333.458740234375, 330.1716003417969, 319.1481628417969, 313.6522521972656, 305.87322998046875, 247.83273315429688], "12": [242.43089294433594, 194.29652404785156, 200.7919464111328, 199.35609436035156, 193.739501953125, 184.84262084960938, 179.59567260742188, 237.7588653564453, 275.88018798828125, 304.8919372558594, 330.103759765625, 368.0462646484375, 373.72698974609375, 380.2471618652344, 370.57073974609375, 366.2701721191406, 366.0329895019531, 365.5060729980469, 338.0697021484375, 335.6268310546875, 323.58673095703125, 335.128173828125, 323.115478515625, 283.2198791503906], "13": [270.6554870605469, 228.0804901123047, 223.5320587158203, 214.916748046875, 214.49501037597656, 211.63137817382812, 193.38743591308594, 242.87744140625, 272.9682312011719, 308.55950927734375, 324.58441162109375, 345.4823303222656, 363.7513427734375, 377.4098205566406, 362.6481018066406, 371.6144104003906, 360.3612365722656, 363.76904296875, 339.1095886230469, 329.733154296875, 325.1952819824219, 334.8494873046875, 302.311279296875, 259.2214660644531], "14": [249.5364227294922, 239.14398193359375, 234.44387817382812, 192.96958923339844, 202.86697387695312, 197.9572296142578, 188.0781707763672, 210.16030883789062, 231.47286987304688, 258.28375244140625, 279.5002746582031, 273.89837646484375, 288.1988220214844, 292.0267333984375, 326.4178771972656, 327.9934997558594, 325.3929443359375, 318.3661193847656, 330.9183044433594, 323.55377197265625, 311.1481018066406, 278.51068115234375, 271.8524169921875, 213.2320098876953], "15": [203.537841796875, 178.63319396972656, 171.24032592773438, 172.0118865966797, 174.9486083984375, 172.9921112060547, 159.59913635253906, 157.63673400878906, 155.39682006835938, 172.5858154296875, 176.2050323486328, 240.64707946777344, 205.1163330078125, 208.1694793701172, 212.4069061279297, 212.0958709716797, 226.9167938232422, 228.36932373046875, 269.9501647949219, 250.1501007080078, 251.74685668945312, 252.28851318359375, 231.30291748046875, 226.39222717285156], "16": [199.9046173095703, 188.71900939941406, 180.0449676513672, 171.76454162597656, 172.198974609375, 171.76129150390625, 156.84754943847656, 158.73814392089844, 164.14488220214844, 168.20657348632812, 169.44886779785156, 182.0780487060547, 178.2002410888672, 171.02252197265625, 187.23597717285156, 180.97525024414062, 176.04104614257812, 184.1629638671875, 202.63941955566406, 211.42938232421875, 203.11134338378906, 210.89894104003906, 217.63404846191406, 215.3646240234375],