{"2019": {"6": {"1": [62.55409240722656, 65.0219955444336, 62.67011260986328, 61.24522018432617, 63.80057144165039, 62.61433029174805, 54.775970458984375, 59.549198150634766, 90.79917907714844, 90.34362030029297, 92.42312622070312, 90.99110412597656, 91.89246368408203, 90.40523529052734, 88.0180892944336, 88.70201110839844, 87.16370391845703, 91.16871643066406, 71.7842025756836, 70.30541229248047, 63.89307403564453, 67.43724060058594, 66.63201141357422, 65.10633087158203], "2": [65.78294372558594, 64.37535095214844, 61.729888916015625, 63.28423309326172, 63.88800811767578, 60.138458251953125, 58.16526412963867, 62.501102447509766, 66.00192260742188, 65.01410675048828, 64.46485137939453, 70.15165710449219, 70.18238830566406, 71.00544738769531, 68.2100601196289, 66.43243408203125, 70.22593688964844, 76.78257751464844, 72.04080963134766, 68.34341430664062, 67.44395446777344, 70.92550659179688, 71.1856918334961, 70.39388275146484], "3": [67.94857025146484, 65.1953353881836, 64.41349792480469, 65.49076843261719, 64.28335571289062, 65.3106460571289, 54.74521255493164, 68.7759780883789, 124.82011413574219, 136.04795837402344, 141.74383544921875, 145.21810913085938, 151.47239685058594, 147.62460327148438, 148.62921142578125, 149.0057830810547, 142.56871032714844, 127.6841812133789, 116.77125549316406, 78.19505310058594, 79.49222564697266, 72.41090393066406, 75.38153839111328, 66.78012084960938], "4": [63.798728942871094, 62.08973693847656, 66.62269592285156, 64.51903533935547, 66.24160766601562, 68.76676940917969, 61.34202575683594, 71.82892608642578, 127.37712097167969, 138.41090393066406, 145.0092010498047, 143.9212188720703, 143.12850952148438, 143.27215576171875, 144.9435272216797, 139.03819274902344, 138.7286376953125, 128.72503662109375, 110.83224487304688, 76.21179962158203, 71.39397430419922, 71.89044189453125, 78.79764556884766, 74.85559844970703], "5": [67.75288391113281, 66.75093841552734, 72.45268249511719, 66.17951965332031, 65.98782348632812, 73.15852355957031, 65.84896087646484, 74.64743041992188, 127.204833984375, 136.50779724121094, 142.9347686767578, 143.4313507080078, 143.4139404296875, 144.88768005371094, 148.03399658203125, 141.12950134277344, 139.25599670410156, 135.40745544433594, 110.83910369873047, 73.69756317138672, 71.33290100097656, 79.72510528564453, 76.72806549072266, 74.21359252929688], "6": [73.29359436035156, 71.40192413330078, 70.75862121582031, 71.86075592041016, 70.69384765625, 70.1553726196289, 62.767005920410156, 77.66173553466797, 127.07496643066406, 145.33401489257812, 155.7632293701172, 154.84251403808594, 154.96234130859375, 140.9779052734375, 144.5183868408203, 145.02488708496094, 136.58741760253906, 130.3984832763672, 114.67403411865234, 70.00384521484375, 72.66452026367188, 85.03438568115234, 79.48001861572266, 80.12464904785156], "7": [68.34345245361328, 70.71578216552734, 68.7846908569336, 69.44701385498047, 70.66263580322266, 69.97217559814453, 64.72775268554688, 75.47699737548828, 124.76239013671875, 130.04376220703125, 145.935791015625, 141.930419921875, 139.7808074951172, 143.22779846191406, 129.25279235839844, 131.9412384033203, 134.80177307128906, 118.14608001708984, 108.71969604492188, 75.54592895507812, 67.24791717529297, 70.76569366455078, 71.33918762207031, 69.02140808105469], "8": [66.1871337890625, 70.30111694335938, 69.46378326416016, 71.30357360839844, 69.91445922851562, 70.87960052490234, 62.09552764892578, 66.4973373413086, 97.7076187133789, 98.80573272705078, 94.17918395996094, 106.63143920898438, 98.0731201171875, 102.45085144042969, 97.9423599243164, 91.51335144042969, 88.65110778808594, 87.00430297851562, 63.30809020996094, 60.86463928222656, 58.97394943237305, 65.93830108642578, 66.97906494140625, 64.77840423583984], "9": [65.00176239013672, 64.6629638671875, 64.24695587158203, 67.06877136230469, 69.64958190917969, 67.19489288330078, 60.81321334838867, 69.22703552246094, 71.86184692382812, 63.637168884277344, 64.0829849243164, 65.27143859863281, 63.04757308959961, 67.26284790039062, 65.2518081665039, 62.364501953125, 63.957820892333984, 70.58775329589844, 68.96688079833984, 69.75506591796875, 72.56238555908203, 73.37138366699219, 69.22279357910156, 73.29869079589844], "10": [69.46592712402344, 64.79856872558594, 66.02188110351562, 62.57721710205078, 62.14752197265625, 63.191436767578125, 57.72235107421875, 67.57933044433594, 128.75369262695312, 139.02503967285156, 140.23049926757812, 157.07470703125, 150.068115234375, 150.40872192382812, 148.91603088378906, 145.87098693847656, 145.13656616210938, 139.4014892578125, 126.26042175292969, 90.39824676513672, 78.45369720458984, 82.00344848632812, 83.71979522705078, 79.7731704711914], "11": [75.10453796386719, 77.37176513671875, 77.01668548583984, 76.45421600341797, 74.36902618408203, 70.8134536743164, 63.357608795166016, 74.49220275878906, 133.4648895263672, 142.12196350097656, 149.28758239746094, 145.0772247314453, 142.88485717773438, 150.21726989746094, 146.4863739013672, 144.9609375, 143.51925659179688, 138.22203063964844, 127.17112731933594, 80.80458068847656, 78.49022674560547, 77.66851806640625, 76.75379180908203, 76.73969268798828], "12": [71.48981475830078, 71.7010269165039, 68.8087387084961, 70.19103240966797, 65.11040496826172, 65.25599670410156, 61.559513092041016, 73.48341369628906, 127.33919525146484, 152.62371826171875, 157.5428009033203, 151.9818572998047, 145.54376220703125, 143.84307861328125, 154.21224975585938, 156.1444549560547, 153.4610137939453, 146.38282775878906, 127.38426208496094, 82.22590637207031, 84.4225082397461, 81.7708511352539, 88.30953216552734, 85.62429809570312], "13": [77.98590850830078, 69.76558685302734, 73.1612319946289, 68.56908416748047, 68.4448013305664, 74.80223083496094, 65.50747680664062, 86.15740203857422, 141.99461364746094, 151.0712890625, 154.38278198242188, 154.66061401367188, 148.5128631591797, 137.7958221435547, 145.1617431640625, 151.53941345214844, 144.1669464111328, 141.34339904785156, 133.66836547851562, 80.93390655517578, 89.44670867919922, 85.22979736328125, 82.32260131835938, 84.97949981689453], "14": [77.08922576904297, 72.60850524902344, 66.8150634765625, 70.28777313232422, 67.13738250732422, 66.60484313964844, 65.43948364257812, 96.14402770996094, 142.37332153320312, 162.19964599609375, 161.55996704101562, 172.04473876953125, 164.221923828125, 165.71224975585938, 153.7113037109375, 166.14114379882812, 164.9536590576172, 152.4644317626953, 138.35498046875, 90.59319305419922, 73.59187316894531, 76.77122497558594, 77.61050415039062, 72.3674087524414], "15": [72.36128234863281, 70.4312744140625, 68.7582015991211, 70.00108337402344, 72.10760498046875, 68.93164825439453, 63.11508560180664, 68.4219970703125, 91.72393035888672, 91.8619155883789, 92.06925201416016, 93.51443481445312, 94.45850372314453, 96.14131164550781, 95.46442413330078, 93.390625, 96.93441009521484, 92.9632568359375, 68.41875457763672, 68.44119262695312, 69.8114242553711, 77.7964096069336, 70.33665466308594, 72.19551849365234], "16": [73.26475524902344, 69.48186492919922, 67.14064025878906, 71.34969329833984, 64.81953430175781, 66.75745391845703, 62.79734420776367, 63.58393859863281, 68.58441162109375, 74.20938873291016, 70.47520446777344, 66.1840591430664, 67.40478515625, 68.35022735595703, 64.46993255615234, 73.71882629394531, 70.31417846679688, 74.7684097290039, 68.42312622070312, 67.49408721923828, 72.44377899169922, 74.72793579101562, 75.0936279296875, 67.71320343017578], "17": [71.07852172851562, 76.89705657958984, 68.66294860839844, 73.04815673828125, 72.38490295410156, 67.06240844726562, 62.39916229248047, 74.42945098876953, 136.05380249023438, 151.93463134765625, 154.96954345703125, 144.9689178466797, 150.28884887695312, 148.681884765625, 146.46975708007812, 146.78704833984375, 141.15211486816406, 133.13499450683594, 117.97196197509766, 74.04000854492188, 68.94728088378906, 72.80350494384766, 74.26936340332031, 70.4247055053711],