{"2019": {"6": {"1": [25.90431022644043, 24.6072940826416, 26.22237777709961, 27.308855056762695, 25.448152542114258, 24.412513732910156, 23.475248336791992, 42.40118408203125, 26.509361267089844, 29.973974227905273, 31.133514404296875, 31.266490936279297, 30.938905715942383, 32.077877044677734, 30.765621185302734, 31.868757247924805, 32.558929443359375, 27.56616973876953, 26.250255584716797, 29.972776412963867, 29.78396224975586, 36.93794631958008, 31.455791473388672, 32.01939010620117], "2": [22.822946548461914, 25.126789093017578, 23.02722930908203, 22.072370529174805, 22.310707092285156, 22.459815979003906, 22.05446434020996, 41.880706787109375, 29.74393653869629, 24.876659393310547, 29.108640670776367, 30.325542449951172, 27.552669525146484, 27.898799896240234, 27.888103485107422, 28.92555809020996, 30.5457706451416, 30.713359832763672, 25.900339126586914, 26.259784698486328, 27.30205535888672, 26.921875, 27.466337203979492, 27.398386001586914], "3": [22.26531410217285, 22.296573638916016, 22.193614959716797, 24.015552520751953, 21.691434860229492, 23.624923706054688, 20.667943954467773, 50.97053909301758, 53.54697799682617, 75.04729461669922, 70.23570251464844, 58.13119888305664, 55.59469223022461, 53.7491455078125, 55.13197326660156, 55.34983444213867, 54.17462158203125, 52.66022491455078, 38.894657135009766, 34.02953338623047, 33.34580612182617, 35.747718811035156, 32.43160629272461, 30.95263671875], "4": [26.003150939941406, 24.712318420410156, 25.97913932800293, 26.32765007019043, 24.2073917388916, 43.72393798828125, 53.53455352783203, 53.455448150634766, 75.46159362792969, 81.94544219970703, 79.32450866699219, 77.83472442626953, 56.1470947265625, 55.651939392089844, 58.00760269165039, 60.592628479003906, 63.5954475402832, 57.634605407714844, 46.25977325439453, 32.0978889465332, 30.991682052612305, 34.57139205932617, 31.11261749267578, 36.54592514038086], "5": [28.345495223999023, 24.62896728515625, 23.848695755004883, 24.30226707458496, 25.330900192260742, 38.489158630371094, 22.878625869750977, 65.37574005126953, 75.09080505371094, 83.34188079833984, 81.87684631347656, 76.63441467285156, 81.94879150390625, 86.2026138305664, 84.91956329345703, 85.33308410644531, 82.7271499633789, 76.22975158691406, 40.368141174316406, 36.047035217285156, 36.474212646484375, 45.07965850830078, 38.105140686035156, 44.53837203979492], "6": [48.37774658203125, 57.82096481323242, 40.62269592285156, 62.210533142089844, 44.26032638549805, 74.09223937988281, 51.31852340698242, 58.20332336425781, 69.6836929321289, 87.84929656982422, 90.90367126464844, 85.59835815429688, 81.07499694824219, 68.1094741821289, 64.05034637451172, 60.07548141479492, 58.089473724365234, 51.532527923583984, 37.13005828857422, 33.269588470458984, 37.105072021484375, 36.05339813232422, 35.37362289428711, 39.41367721557617], "7": [31.25213050842285, 41.632511138916016, 53.053707122802734, 54.489097595214844, 61.017173767089844, 57.13532257080078, 59.525760650634766, 67.60574340820312, 62.0938720703125, 77.00530242919922, 95.89730072021484, 91.33452606201172, 62.04262924194336, 56.38372039794922, 57.94795227050781, 52.88048553466797, 50.498619079589844, 46.04088592529297, 29.320024490356445, 30.513669967651367, 30.36492919921875, 36.913455963134766, 32.59439468383789, 35.10568618774414], "8": [38.93668746948242, 56.85210037231445, 35.580238342285156, 54.28573226928711, 62.1171989440918, 64.8626480102539, 53.003379821777344, 51.58169174194336, 43.63262939453125, 44.78194808959961, 34.11140060424805, 31.928916931152344, 33.701602935791016, 27.44597053527832, 27.499120712280273, 28.766067504882812, 28.33002471923828, 27.78889274597168, 28.184598922729492, 27.676280975341797, 29.486942291259766, 36.072471618652344, 30.373287200927734, 30.241437911987305], "9": [26.96380043029785, 24.154775619506836, 24.33997344970703, 26.003808975219727, 24.293128967285156, 22.242046356201172, 21.714811325073242, 64.32225799560547, 62.822288513183594, 43.25345230102539, 27.886795043945312, 28.570356369018555, 27.10552978515625, 25.484846115112305, 25.244474411010742, 26.49424934387207, 26.972572326660156, 28.153432846069336, 23.003597259521484, 25.56763458251953, 23.793548583984375, 24.80278205871582, 29.923452377319336, 26.495769500732422], "10": [22.673486709594727, 22.355560302734375, 21.467742919921875, 20.873916625976562, 23.25002098083496, 31.56466293334961, 19.335010528564453, 23.55582046508789, 32.912567138671875, 51.0952033996582, 53.039703369140625, 57.77999496459961, 56.056400299072266, 55.37010955810547, 54.042030334472656, 51.96775436401367, 49.275634765625, 49.27125930786133, 33.341552734375, 30.06857681274414, 30.5704402923584, 28.14335060119629, 27.272661209106445, 30.02556610107422], "11": [26.903701782226562, 24.856124877929688, 23.60320472717285, 21.843910217285156, 21.872194290161133, 32.31072998046875, 23.1010684967041, 25.050554275512695, 32.1058235168457, 45.54692840576172, 50.8336296081543, 57.64365005493164, 52.04529571533203, 51.5400276184082, 55.35539627075195, 54.54869842529297, 50.91078186035156, 43.50281524658203, 30.9153995513916, 26.132225036621094, 27.824214935302734, 30.585975646972656, 29.610366821289062, 28.033254623413086], "12": [22.509925842285156, 21.280424118041992, 24.159290313720703, 23.562286376953125, 21.508949279785156, 24.483963012695312, 20.3015079498291, 22.995744705200195, 34.40327072143555, 44.348236083984375, 48.60078048706055, 48.423980712890625, 49.100345611572266, 51.17593002319336, 57.772335052490234, 55.9495964050293, 57.767391204833984, 54.60504150390625, 34.31855773925781, 30.921863555908203, 30.050893783569336, 27.310441970825195, 28.168766021728516, 28.226242065429688], "13": [24.59872055053711, 25.993209838867188, 23.88633918762207, 24.02424430847168, 27.063127517700195, 25.904708862304688, 22.358964920043945, 24.573680877685547, 35.41841125488281, 41.04047393798828, 53.7570686340332, 59.3148307800293, 53.79397964477539, 56.65163040161133, 54.778446197509766, 54.093807220458984, 52.76127624511719, 48.4015998840332, 28.386240005493164, 28.781436920166016, 24.589527130126953, 24.605852127075195, 24.59722900390625, 26.845592498779297], "14": [20.89089012145996, 21.07585334777832, 23.394044876098633, 21.84498405456543, 24.014362335205078, 24.572633743286133, 22.37306785583496, 37.62000274658203, 34.7352409362793, 60.893150329589844, 54.414249420166016, 52.982398986816406, 54.050537109375, 52.989990234375, 52.34776306152344, 52.80351638793945, 52.14801788330078, 44.13984680175781, 33.77299118041992, 26.338661193847656, 29.04562759399414, 29.84151840209961, 28.895475387573242, 28.886716842651367], "15": [23.466035842895508, 24.271156311035156, 22.57603645324707, 20.674421310424805, 21.493276596069336, 24.369287490844727, 20.211711883544922, 20.648916244506836, 24.62936782836914, 26.3858585357666, 26.001554489135742, 27.182092666625977, 29.144163131713867, 27.90499496459961, 30.49537467956543, 30.664899826049805, 30.95823097229004, 29.8131103515625, 24.81871223449707, 23.849288940429688, 25.626026153564453, 24.636215209960938, 25.80097007751465, 27.099668502807617], "16": [21.833789825439453, 23.050830841064453, 22.039836883544922, 24.932905197143555, 21.355648040771484, 21.661842346191406, 23.033275604248047, 43.280784606933594, 23.368091583251953, 24.04254722595215, 26.92836570739746, 24.471426010131836, 24.4901180267334, 25.7829532623291, 27.498016357421875, 25.26289939880371, 24.8542537689209, 24.961034774780273, 25.703828811645508, 23.290374755859375, 24.447290420532227, 24.87776756286621, 27.443151473999023, 26.67970085144043],