{"2019": {"6": {"1": [42.68332290649414, 41.54977798461914, 43.72542190551758, 42.0891227722168, 42.595458984375, 43.482295989990234, 42.12649154663086, 42.20783996582031, 41.66755676269531, 50.045982360839844, 46.15428924560547, 88.28726196289062, 45.630916595458984, 45.30853271484375, 45.74208068847656, 95.49546813964844, 43.5512809753418, 46.27753448486328, 41.22966766357422, 38.9483642578125, 39.057373046875, 39.63723373413086, 41.91427993774414, 44.62846755981445], "2": [41.2396240234375, 41.62214660644531, 42.0054931640625, 42.7637939453125, 45.410640716552734, 43.99281311035156, 42.86854934692383, 40.51407241821289, 44.758182525634766, 50.46261978149414, 44.86707305908203, 89.01206970214844, 44.72233581542969, 44.12419891357422, 42.035606384277344, 91.85196685791016, 40.440486907958984, 42.368743896484375, 41.783241271972656, 40.032955169677734, 40.6505241394043, 39.64674758911133, 43.22043991088867, 43.67071533203125], "3": [42.76325225830078, 43.345420837402344, 47.143062591552734, 45.5609130859375, 49.55714797973633, 43.40155792236328, 40.51445770263672, 47.525875091552734, 49.529727935791016, 94.5416259765625, 104.0584716796875, 107.29013061523438, 108.41886138916016, 109.44548034667969, 108.4207763671875, 110.90779876708984, 111.06000518798828, 104.90469360351562, 95.75592041015625, 86.1764144897461, 83.537109375, 47.655845642089844, 46.06846237182617, 48.179595947265625], "4": [44.983890533447266, 44.91194534301758, 43.31433868408203, 45.62513732910156, 52.61600112915039, 46.629886627197266, 43.346622467041016, 49.73360824584961, 53.44309997558594, 103.50044250488281, 102.21138000488281, 103.68831634521484, 111.90787506103516, 112.0059585571289, 110.56712341308594, 116.45105743408203, 111.36004638671875, 108.21076965332031, 97.7155990600586, 86.39925384521484, 82.13581848144531, 45.47890090942383, 45.12841033935547, 45.635887145996094], "5": [44.0523681640625, 46.51628875732422, 44.606876373291016, 45.01927947998047, 45.95400619506836, 48.36347579956055, 47.39850616455078, 54.524696350097656, 50.05179214477539, 101.14800262451172, 106.19308471679688, 112.12345123291016, 105.88052368164062, 111.04408264160156, 110.59720611572266, 107.59738159179688, 101.31086730957031, 93.18032836914062, 86.95161437988281, 82.10542297363281, 79.02804565429688, 46.11907958984375, 57.22304153442383, 48.3536376953125], "6": [57.069026947021484, 44.11825180053711, 52.84261703491211, 57.6747932434082, 58.93539810180664, 54.209571838378906, 58.17224884033203, 58.03318405151367, 54.42616653442383, 104.63394165039062, 105.42303466796875, 102.73401641845703, 111.36139678955078, 114.22238159179688, 113.69747924804688, 108.99223327636719, 107.94561004638672, 102.4384994506836, 88.21000671386719, 82.85218048095703, 78.55438232421875, 46.84415054321289, 47.99010467529297, 50.76192855834961], "7": [52.03525161743164, 46.80119323730469, 48.44804763793945, 48.79616928100586, 49.08351135253906, 49.74599075317383, 49.70197296142578, 49.98448944091797, 54.369544982910156, 100.35484313964844, 107.86475372314453, 106.7279281616211, 98.48323059082031, 109.36219024658203, 103.95864868164062, 105.16707611083984, 98.85763549804688, 94.42279815673828, 96.75566101074219, 88.64112091064453, 83.46712493896484, 46.7080192565918, 47.96516036987305, 47.49137878417969], "8": [50.89727783203125, 48.920169830322266, 48.56291580200195, 49.92844009399414, 54.77922821044922, 54.64351272583008, 52.40685272216797, 55.17654037475586, 52.36418151855469, 47.1524772644043, 50.31686782836914, 89.7361831665039, 50.43408966064453, 47.52658462524414, 47.9376335144043, 88.34494018554688, 46.581363677978516, 45.15011215209961, 42.950801849365234, 40.146202087402344, 41.299468994140625, 43.25186538696289, 44.8549919128418, 48.424072265625], "9": [46.41345977783203, 44.39324188232422, 52.3386344909668, 51.09925842285156, 45.48760986328125, 46.084163665771484, 46.268802642822266, 48.973304748535156, 50.737144470214844, 44.73710632324219, 46.036014556884766, 80.11109161376953, 43.102577209472656, 41.93107604980469, 40.101417541503906, 79.88851928710938, 40.22494888305664, 39.60700225830078, 40.857818603515625, 42.932376861572266, 40.79479217529297, 39.956626892089844, 41.947750091552734, 42.77487564086914], "10": [41.5115852355957, 43.21284866333008, 45.85599136352539, 42.44171905517578, 43.7836799621582, 49.94807815551758, 43.0460319519043, 47.84382247924805, 50.44053268432617, 93.97077941894531, 102.7696762084961, 98.63695526123047, 101.48118591308594, 107.57107543945312, 106.69873809814453, 104.14742279052734, 105.36486053466797, 101.47925567626953, 93.51575469970703, 86.13345336914062, 82.89437866210938, 46.399169921875, 44.67710876464844, 47.62468719482422], "11": [44.998958587646484, 43.82615280151367, 43.30464553833008, 44.93809509277344, 45.356266021728516, 43.62843322753906, 42.68257522583008, 41.188758850097656, 44.99934387207031, 95.94947814941406, 98.40946197509766, 99.31755828857422, 107.62078857421875, 112.59980773925781, 105.47906494140625, 110.59102630615234, 111.91460418701172, 108.54298400878906, 101.09468841552734, 93.52767944335938, 92.8309555053711, 45.74596405029297, 45.73721694946289, 45.102874755859375], "12": [42.54981231689453, 42.38862228393555, 41.661094665527344, 43.37877655029297, 43.39360809326172, 41.87472152709961, 40.17946243286133, 42.592323303222656, 42.62653732299805, 98.4923095703125, 104.94432830810547, 108.78382873535156, 116.14154815673828, 128.45828247070312, 121.38165283203125, 120.108154296875, 118.2920913696289, 110.31694793701172, 101.17957305908203, 94.42794036865234, 95.1313705444336, 44.46419143676758, 44.09820556640625, 44.434505462646484], "13": [41.74622344970703, 42.75596618652344, 41.6329345703125, 42.57501220703125, 45.12602996826172, 41.46992874145508, 40.380123138427734, 42.204795837402344, 45.557437896728516, 105.86880493164062, 108.09477233886719, 110.07562255859375, 117.16526794433594, 124.05914306640625, 163.14739990234375, 169.21739196777344, 181.29656982421875, 174.55433654785156, 178.65017700195312, 151.6425323486328, 136.4151611328125, 46.10588073730469, 43.73696517944336, 45.422996520996094], "14": [43.794124603271484, 43.159549713134766, 43.58928680419922, 45.34913635253906, 44.16336441040039, 44.879390716552734, 44.882328033447266, 45.9178352355957, 47.557273864746094, 111.96623992919922, 118.86235809326172, 120.23700714111328, 122.2013168334961, 127.67867279052734, 130.0867462158203, 131.30508422851562, 129.34678649902344, 122.55205535888672, 115.33821868896484, 110.22069549560547, 110.15900421142578, 45.929256439208984, 46.65276336669922, 48.93337631225586], "15": [46.07475280761719, 45.00263977050781, 46.0687370300293, 45.32992935180664, 45.67073440551758, 45.68795394897461, 44.261783599853516, 44.00997543334961, 49.062347412109375, 45.93238830566406, 47.58085632324219, 110.64604949951172, 46.061973571777344, 47.58413314819336, 48.91444396972656, 118.17634582519531, 44.5196533203125, 48.839168548583984, 43.95382308959961, 42.06633377075195, 42.15816879272461, 41.97894287109375, 43.786407470703125, 45.568572998046875], "16": [44.49580001831055, 44.69869613647461, 45.21959686279297, 45.48931121826172, 46.73099899291992, 45.205326080322266, 43.70221710205078, 44.09109115600586, 43.54337692260742, 45.47404479980469, 45.61013412475586, 110.34473419189453, 44.697227478027344, 44.98503112792969, 43.596954345703125, 111.88236236572266, 43.10977554321289, 42.403541564941406, 43.56809997558594, 42.04676055908203, 42.274139404296875, 42.69682693481445, 43.232269287109375, 44.113521575927734],