{"2019": {"6": {"1": [155.82689666748047, 152.4219741821289, 152.52809143066406, 157.1756134033203, 151.31259155273438, 166.1464385986328, 168.2196273803711, 172.29166412353516, 152.4379653930664, 151.70782470703125, 164.3358154296875, 159.46221160888672, 167.1548080444336, 162.20049285888672, 178.02278900146484, 176.27310943603516, 181.0923309326172, 178.35565185546875, 178.67761993408203, 170.92516326904297, 161.84648895263672, 152.90093231201172, 157.4634552001953, 153.58940887451172], "2": [154.8929901123047, 151.60420989990234, 152.80099487304688, 149.7142791748047, 148.37396240234375, 158.26332092285156, 154.64107513427734, 158.67396545410156, 176.15865325927734, 178.7412872314453, 185.22088623046875, 184.90721130371094, 184.58124542236328, 181.99718475341797, 198.710205078125, 193.67176818847656, 185.57183074951172, 195.70213317871094, 163.92798614501953, 152.47266387939453, 147.43634796142578, 139.48907470703125, 143.8908233642578, 143.1607666015625], "3": [145.2345962524414, 145.43795776367188, 144.32816314697266, 146.3549575805664, 146.0873031616211, 140.4989013671875, 139.9488525390625, 140.76100158691406, 185.15234375, 209.67555236816406, 221.8740234375, 223.37867736816406, 228.63046264648438, 224.35873413085938, 245.17803192138672, 233.42162322998047, 227.60023498535156, 221.88304901123047, 213.19711303710938, 203.53922271728516, 188.25301361083984, 159.9130401611328, 159.17436981201172, 155.32850646972656], "4": [149.33331298828125, 148.82459259033203, 165.83805084228516, 166.02378845214844, 150.15460205078125, 165.94112396240234, 164.9288787841797, 167.66189575195312, 197.9500961303711, 218.3213653564453, 237.97957611083984, 219.76227569580078, 223.6025390625, 220.53659057617188, 223.69745635986328, 239.13655853271484, 224.31471252441406, 218.71583557128906, 194.38842010498047, 185.3359603881836, 171.67963409423828, 172.13542938232422, 161.7554702758789, 153.63320922851562], "5": [148.0501937866211, 149.47608947753906, 150.97672271728516, 150.27941131591797, 148.16443634033203, 153.54979705810547, 153.24525451660156, 160.7242431640625, 171.55432891845703, 200.68083953857422, 204.93982696533203, 205.72420501708984, 206.00786590576172, 206.11138916015625, 202.62574005126953, 200.0734634399414, 213.41535186767578, 205.78956604003906, 190.4718017578125, 167.63977813720703, 161.2586898803711, 155.9298095703125, 154.00372314453125, 151.85125732421875], "6": [153.98712158203125, 162.6761016845703, 166.23064422607422, 171.77268981933594, 167.8905029296875, 162.7519302368164, 152.83551788330078, 160.34856414794922, 176.26617431640625, 205.77681732177734, 227.24415588378906, 226.34252166748047, 224.14954376220703, 231.82616424560547, 228.37730407714844, 214.36986541748047, 212.90489196777344, 199.65780639648438, 179.87068939208984, 159.79143524169922, 165.8149185180664, 164.90586853027344, 162.40504455566406, 151.7290802001953], "7": [166.5457763671875, 165.69659423828125, 156.59620666503906, 159.1120376586914, 155.30018615722656, 155.47006225585938, 171.86903381347656, 173.19434356689453, 172.76532745361328, 188.20015716552734, 202.59325408935547, 215.52549743652344, 198.41353607177734, 204.51617431640625, 214.1329803466797, 215.88499450683594, 203.7309112548828, 183.05619049072266, 177.2996826171875, 169.16456604003906, 165.28711700439453, 150.76102447509766, 152.1284408569336, 152.26670837402344], "8": [152.3350372314453, 164.03018188476562, 159.89956665039062, 152.2235336303711, 155.50543975830078, 169.48927307128906, 169.91929626464844, 158.80697631835938, 153.50350189208984, 156.73216247558594, 155.31607055664062, 148.84292602539062, 151.29808807373047, 152.26018524169922, 148.29251098632812, 147.64688110351562, 159.81359100341797, 155.4290542602539, 163.6648178100586, 148.13025665283203, 143.69843292236328, 142.55329132080078, 144.57318878173828, 147.07804107666016], "9": [143.77374267578125, 148.04339599609375, 156.67670440673828, 159.06690216064453, 144.8404998779297, 147.74454498291016, 149.1632308959961, 159.67473602294922, 154.37207794189453, 151.3885726928711, 150.40032196044922, 150.54203033447266, 148.3356704711914, 146.8614044189453, 149.40448760986328, 149.7333526611328, 153.85742950439453, 152.99472045898438, 153.67313385009766, 156.61669921875, 148.8639907836914, 144.86390686035156, 142.9495620727539, 143.49354553222656], "10": [149.2761459350586, 148.92597198486328, 148.249755859375, 147.50466918945312, 149.3043670654297, 144.4930191040039, 149.26021575927734, 147.8986358642578, 168.0794448852539, 196.31940460205078, 198.31793212890625, 223.45575714111328, 217.82001495361328, 227.53964233398438, 236.68667602539062, 226.06881713867188, 224.58330535888672, 209.0708999633789, 171.96703338623047, 178.61141204833984, 167.70285034179688, 160.37299346923828, 157.08531951904297, 154.0514373779297], "11": [155.4254150390625, 157.04888916015625, 156.86217498779297, 158.23663330078125, 158.5200653076172, 152.25051879882812, 155.18372344970703, 156.03209686279297, 174.42127990722656, 215.161865234375, 230.1609344482422, 229.03144073486328, 250.20127868652344, 244.89547729492188, 255.75846099853516, 251.75833892822266, 252.1228485107422, 238.0923843383789, 225.06275939941406, 199.36046600341797, 209.06735229492188, 189.2259063720703, 174.1798324584961, 164.96148681640625], "12": [163.86092376708984, 163.7262725830078, 161.21688842773438, 162.8656997680664, 163.31290435791016, 159.51419830322266, 161.5821533203125, 163.44176483154297, 183.83224487304688, 231.0307159423828, 240.32174682617188, 239.26464080810547, 254.82225799560547, 246.08911895751953, 250.44303131103516, 252.60713958740234, 242.90853118896484, 243.36378479003906, 227.4877166748047, 225.26477813720703, 211.81777954101562, 198.3767852783203, 171.031494140625, 171.92897033691406], "13": [158.94867706298828, 163.16925048828125, 170.42333221435547, 170.80406951904297, 172.7826385498047, 159.09871673583984, 160.76327514648438, 158.27942657470703, 189.1590118408203, 220.29884338378906, 234.8858413696289, 247.79529571533203, 249.9379425048828, 255.5014877319336, 253.35663604736328, 252.46448516845703, 245.34664154052734, 240.17284393310547, 223.5986099243164, 220.8879852294922, 201.05846405029297, 189.66658782958984, 172.9313735961914, 167.6382064819336], "14": [162.36310577392578, 161.38455200195312, 160.24584197998047, 157.94349670410156, 155.5472869873047, 155.4312286376953, 158.6312255859375, 157.30901336669922, 173.98812103271484, 205.7024688720703, 218.0526123046875, 223.46057891845703, 219.52803802490234, 217.90728759765625, 234.08592987060547, 243.13880920410156, 239.27972412109375, 211.5428695678711, 211.61933135986328, 203.1175994873047, 188.92859649658203, 182.99319458007812, 163.2256317138672, 161.74427795410156], "15": [159.75402069091797, 159.677490234375, 155.78739166259766, 158.26171112060547, 156.47447204589844, 151.90828704833984, 152.76577758789062, 151.20439910888672, 154.79212951660156, 155.4670639038086, 155.5670623779297, 159.8501434326172, 157.48428344726562, 156.06483459472656, 170.863525390625, 171.83934783935547, 174.70957946777344, 176.42141723632812, 179.84076690673828, 172.86082458496094, 161.83428192138672, 158.28223419189453, 156.83970642089844, 154.22339630126953], "16": [153.90343475341797, 153.88900756835938, 152.44513702392578, 151.04663848876953, 152.16705322265625, 156.38506317138672, 153.03453826904297, 149.05089569091797, 152.35580444335938, 150.06839752197266, 155.65691375732422, 158.10210418701172, 159.1593780517578, 158.17568969726562, 177.07606506347656, 175.6157684326172, 171.13509368896484, 173.95840454101562, 181.67150115966797, 169.42789459228516, 177.8309326171875, 165.65654754638672, 157.35569763183594, 159.74251556396484],