{"2019": {"6": {"1": [100.56378173828125, 103.12268829345703, 92.94140625, 100.64228057861328, 101.33679962158203, 100.65430450439453, 91.26248168945312, 102.66670227050781, 110.75123596191406, 103.02240753173828, 199.65951538085938, 337.750244140625, 324.9356994628906, 313.5954895019531, 313.90338134765625, 301.82525634765625, 319.0400695800781, 304.1341552734375, 94.24336242675781, 89.01170349121094, 100.5391616821289, 92.2492904663086, 98.65878295898438, 97.37728118896484], "2": [81.7450180053711, 93.95999145507812, 83.01834106445312, 80.68941497802734, 89.94972229003906, 80.87519073486328, 90.40967559814453, 95.1722640991211, 90.87979888916016, 104.0365219116211, 147.22329711914062, 164.65304565429688, 107.24129486083984, 96.58104705810547, 108.79655456542969, 102.97331237792969, 176.41909790039062, 101.19822692871094, 105.93197631835938, 106.52243041992188, 105.2905502319336, 96.44277954101562, 100.45746612548828, 92.54619598388672], "3": [92.3446044921875, 88.48458862304688, 88.31257629394531, 88.69920349121094, 87.34481811523438, 85.24088287353516, 89.36638641357422, 109.80743408203125, 257.8369445800781, 259.1876525878906, 310.2166748046875, 295.7725830078125, 271.0469665527344, 313.5172119140625, 300.61029052734375, 339.5066223144531, 268.7971496582031, 340.1114501953125, 325.5345764160156, 281.0377197265625, 257.2948913574219, 161.22897338867188, 155.46343994140625, 152.94369506835938], "4": [149.05062866210938, 150.9235382080078, 104.20206451416016, 101.65814971923828, 102.56086730957031, 104.0691146850586, 105.53108215332031, 116.55864715576172, 235.5264892578125, 271.5859069824219, 272.6559753417969, 261.3595886230469, 347.6918640136719, 350.4744873046875, 296.8243408203125, 339.82281494140625, 321.21246337890625, 343.8502502441406, 329.521240234375, 273.25189208984375, 269.40631103515625, 158.330810546875, 152.03250122070312, 153.90574645996094], "5": [148.89797973632812, 148.41763305664062, 90.44186401367188, 87.99815368652344, 87.69071197509766, 86.7221450805664, 92.41607666015625, 104.79644012451172, 219.3321075439453, 256.9422302246094, 255.49392700195312, 254.63954162597656, 252.4142303466797, 253.62147521972656, 253.31195068359375, 256.8353576660156, 253.86746215820312, 235.92694091796875, 229.7436065673828, 257.76446533203125, 214.376220703125, 140.6868896484375, 150.9847412109375, 148.63172912597656], "6": [149.11984252929688, 157.8930206298828, 100.32058715820312, 99.83721160888672, 99.54935455322266, 100.70079803466797, 103.37078857421875, 114.4437255859375, 229.05801391601562, 275.4120788574219, 262.5972595214844, 261.7393493652344, 269.71795654296875, 281.19970703125, 282.5921630859375, 292.7359313964844, 266.873779296875, 338.7491760253906, 269.0104064941406, 238.85585021972656, 210.77572631835938, 159.3997802734375, 151.48089599609375, 153.7305145263672], "7": [161.2304229736328, 161.70069885253906, 105.1586685180664, 105.12593841552734, 102.5097427368164, 103.73431396484375, 103.87872314453125, 108.68712615966797, 238.9040069580078, 273.162109375, 269.0157165527344, 254.74607849121094, 268.8140563964844, 263.7420959472656, 265.25732421875, 264.9394226074219, 340.8868713378906, 159.009521484375, 97.25545501708984, 169.1012725830078, 158.2079620361328, 157.12229919433594, 149.22872924804688, 149.9196014404297], "8": [154.0193634033203, 160.45321655273438, 102.25508117675781, 100.94613647460938, 100.91049194335938, 100.4962387084961, 100.98823547363281, 106.65043640136719, 128.1698455810547, 172.14126586914062, 167.52392578125, 287.0732421875, 293.11700439453125, 252.754638671875, 228.4771728515625, 310.7687072753906, 282.3478088378906, 292.87115478515625, 85.73783874511719, 87.8497543334961, 91.14144897460938, 92.01531982421875, 85.47138214111328, 83.23896789550781], "9": [82.80750274658203, 83.92839050292969, 79.97588348388672, 95.63987731933594, 91.41458892822266, 91.82567596435547, 89.44999694824219, 86.5977783203125, 96.36876678466797, 90.28592681884766, 97.04170227050781, 94.38645935058594, 97.0230712890625, 92.21395111083984, 92.69316864013672, 91.09284210205078, 92.09532928466797, 156.045654296875, 96.89541625976562, 103.19034576416016, 90.89887237548828, 91.14212799072266, 88.45491027832031, 87.0700454711914], "10": [84.40503692626953, 83.03056335449219, 81.81427764892578, 83.0492172241211, 82.30268859863281, 82.55508422851562, 87.86186981201172, 121.1751708984375, 272.8971252441406, 310.0987548828125, 273.314697265625, 309.2130126953125, 309.335205078125, 271.39117431640625, 343.67254638671875, 293.8771057128906, 334.8833312988281, 349.60711669921875, 327.013916015625, 327.00775146484375, 253.91844177246094, 161.71592712402344, 147.34915161132812, 148.09112548828125], "11": [149.93569946289062, 150.94024658203125, 91.49378204345703, 89.50991821289062, 92.17918395996094, 87.9181137084961, 97.89080047607422, 143.70262145996094, 237.58926391601562, 318.01220703125, 343.1240539550781, 309.4060974121094, 347.6483459472656, 360.1733703613281, 350.4808349609375, 367.8901672363281, 378.6710510253906, 370.17626953125, 350.58721923828125, 326.9727478027344, 322.6298828125, 162.1983642578125, 158.5848388671875, 155.25811767578125], "12": [155.4051513671875, 156.504638671875, 96.62554168701172, 93.08085632324219, 93.80529022216797, 92.62289428710938, 97.11384582519531, 122.80428314208984, 319.5498046875, 366.2442321777344, 370.6609802246094, 389.0427551269531, 374.6397705078125, 378.2995910644531, 391.3913879394531, 379.4233093261719, 378.4067687988281, 375.7005920410156, 343.7194519042969, 340.4367370605469, 292.217529296875, 218.15069580078125, 170.7391815185547, 218.8971710205078], "13": [226.48265075683594, 169.695068359375, 96.4449462890625, 95.17137908935547, 94.17369842529297, 95.08147430419922, 95.4239501953125, 116.84814453125, 327.81829833984375, 362.47637939453125, 346.671142578125, 354.869873046875, 372.084228515625, 370.8899230957031, 388.7682189941406, 379.11444091796875, 386.4642028808594, 372.03033447265625, 356.9042663574219, 343.64898681640625, 314.3446044921875, 157.9095458984375, 158.76382446289062, 156.5605010986328], "14": [154.1197509765625, 152.8267364501953, 95.08013916015625, 91.4415512084961, 88.82686614990234, 88.96304321289062, 90.33216857910156, 103.869384765625, 225.234375, 248.85960388183594, 278.71942138671875, 319.2722473144531, 338.1622619628906, 332.44122314453125, 336.14080810546875, 336.7078552246094, 334.46221923828125, 188.23391723632812, 96.75138854980469, 166.23944091796875, 161.0441436767578, 156.83607482910156, 159.60833740234375, 157.31300354003906], "15": [155.41448974609375, 92.69013977050781, 88.9449462890625, 86.527587890625, 87.13053131103516, 87.31059265136719, 86.1922607421875, 89.37335968017578, 91.448974609375, 97.59980773925781, 202.47474670410156, 312.0086364746094, 312.03179931640625, 310.7890930175781, 315.1346740722656, 311.43670654296875, 333.37506103515625, 293.0911560058594, 87.9344711303711, 89.68531799316406, 93.51136016845703, 89.86531829833984, 90.78527069091797, 85.8730697631836], "16": [86.63566589355469, 87.23690032958984, 83.44886779785156, 82.0405044555664, 81.61380767822266, 82.64298248291016, 78.90487670898438, 83.17584991455078, 91.16921997070312, 92.89292907714844, 98.40491485595703, 149.9590606689453, 119.34405517578125, 159.20526123046875, 89.87835693359375, 90.06676483154297, 93.25218200683594, 93.4649658203125, 94.16656494140625, 124.22040557861328, 164.2296600341797, 171.26678466796875, 101.78730773925781, 89.34178924560547], "17": [88.86534881591797, 87.06917572021484, 82.45765686035156, 82.8718490600586, 82.727294921875, 83.56893920898438, 83.8861312866211, 95.7411117553711, 231.13909912109375, 362.28594970703125, 362.6151428222656, 350.52691650390625, 374.6585388183594, 382.6291809082031, 381.4888916015625, 375.6985168457031, 374.5317687988281, 357.5925598144531, 343.5731201171875, 323.82952880859375, 318.12017822265625, 155.54660034179688, 155.21998596191406, 149.0730743408203],