{"2019": {"6": {"1": [27.992984771728516, 28.67000961303711, 27.330440521240234, 30.55803680419922, 27.781564712524414, 27.893970489501953, 27.694704055786133, 27.2477970123291, 46.07658767700195, 48.38341522216797, 44.10308837890625, 42.36662673950195, 44.797935485839844, 45.48380661010742, 45.075294494628906, 45.87092590332031, 44.84869384765625, 44.53052520751953, 41.710968017578125, 41.564422607421875, 37.538360595703125, 37.84810256958008, 31.583206176757812, 27.110870361328125], "2": [26.42874526977539, 26.68006134033203, 27.032020568847656, 25.912818908691406, 26.260848999023438, 28.162302017211914, 26.188621520996094, 26.334856033325195, 43.77503204345703, 42.49114227294922, 44.14823913574219, 43.466636657714844, 42.578433990478516, 42.60276794433594, 45.74652862548828, 43.22058868408203, 50.878753662109375, 48.950592041015625, 47.62545394897461, 29.705772399902344, 27.403072357177734, 27.52595329284668, 27.19835090637207, 27.765615463256836], "3": [26.91376304626465, 26.770465850830078, 29.60785675048828, 26.3159236907959, 26.459144592285156, 26.75852394104004, 27.615249633789062, 26.602174758911133, 53.511409759521484, 51.56912612915039, 54.3033447265625, 68.17163848876953, 54.64686584472656, 58.63312911987305, 59.92562484741211, 52.92353820800781, 50.704898834228516, 43.80903625488281, 43.32147979736328, 37.435367584228516, 39.47967529296875, 37.435733795166016, 39.26681900024414, 26.43708610534668], "4": [26.303129196166992, 26.44527816772461, 26.282333374023438, 27.706966400146484, 26.030004501342773, 26.344743728637695, 25.965412139892578, 30.935293197631836, 50.60602569580078, 51.95794677734375, 60.08034896850586, 60.62607955932617, 61.86906433105469, 57.50825881958008, 55.15398406982422, 64.14371490478516, 53.98890686035156, 43.220726013183594, 38.68929672241211, 36.36646270751953, 39.262779235839844, 35.08434295654297, 34.42518997192383, 21.254051208496094], "5": [21.357181549072266, 21.397193908691406, 22.43138313293457, 21.328453063964844, 21.567251205444336, 21.724023818969727, 22.903541564941406, 21.31371307373047, 45.619468688964844, 54.15837860107422, 54.33301544189453, 58.294979095458984, 60.44791793823242, 62.62045669555664, 59.2534294128418, 67.10578155517578, 55.05220031738281, 47.57323455810547, 44.67371368408203, 37.96915054321289, 42.69796371459961, 40.46863555908203, 40.26613998413086, 23.716733932495117], "6": [23.654117584228516, 23.351795196533203, 23.149301528930664, 22.804691314697266, 24.651477813720703, 26.08753204345703, 23.989356994628906, 23.80972671508789, 37.52531433105469, 55.206878662109375, 52.05929946899414, 53.63003158569336, 57.18379592895508, 51.08641815185547, 58.472572326660156, 55.24015808105469, 53.619102478027344, 51.326744079589844, 45.04429244995117, 46.14371109008789, 45.98792266845703, 43.7826042175293, 43.28487777709961, 26.110166549682617], "7": [26.015399932861328, 25.45710563659668, 29.008665084838867, 25.952884674072266, 24.786561965942383, 25.738542556762695, 25.356679916381836, 25.643003463745117, 44.48173522949219, 51.785308837890625, 61.520503997802734, 64.70101165771484, 55.66278076171875, 56.147247314453125, 58.793251037597656, 57.77700424194336, 54.764766693115234, 50.55897903442383, 31.254487991333008, 36.144927978515625, 37.433372497558594, 35.4884147644043, 26.73914909362793, 25.35993766784668], "8": [24.446197509765625, 25.3040714263916, 25.547956466674805, 25.108919143676758, 25.64788246154785, 24.854642868041992, 24.92839241027832, 24.87955093383789, 28.825836181640625, 25.205961227416992, 25.00203514099121, 25.594778060913086, 24.878747940063477, 25.13141632080078, 24.99347496032715, 25.286420822143555, 26.761558532714844, 27.81210708618164, 26.109642028808594, 26.549850463867188, 25.94353675842285, 25.908960342407227, 25.838960647583008, 25.979511260986328], "9": [25.300464630126953, 30.416095733642578, 26.502593994140625, 25.396821975708008, 25.701566696166992, 26.319873809814453, 27.169160842895508, 26.33241081237793, 25.774301528930664, 25.601482391357422, 25.648345947265625, 26.660823822021484, 24.960973739624023, 25.705167770385742, 25.231210708618164, 25.432374954223633, 24.71236801147461, 27.140398025512695, 25.192710876464844, 25.294715881347656, 25.585586547851562, 25.063976287841797, 25.81980323791504, 24.718393325805664], "10": [25.112333297729492, 25.033422470092773, 29.282590866088867, 25.57946014404297, 25.28423309326172, 25.35282325744629, 24.250917434692383, 24.481691360473633, 39.59986877441406, 47.198265075683594, 52.79566955566406, 49.778099060058594, 49.89750289916992, 49.98043441772461, 52.28073501586914, 61.561344146728516, 60.58647155761719, 40.425289154052734, 41.59476089477539, 39.566524505615234, 35.618568420410156, 34.076751708984375, 34.580116271972656, 22.489770889282227], "11": [22.709447860717773, 23.26702117919922, 22.516284942626953, 22.44322967529297, 22.916629791259766, 27.367734909057617, 22.967885971069336, 22.564849853515625, 33.18661880493164, 50.277225494384766, 57.43190002441406, 63.72111511230469, 50.871028900146484, 49.82636260986328, 62.668128967285156, 60.818206787109375, 57.85398864746094, 54.67469024658203, 41.47180938720703, 37.80568313598633, 38.59096908569336, 37.643402099609375, 38.350181579589844, 26.70465850830078], "12": [26.603532791137695, 26.987916946411133, 27.03548812866211, 26.302461624145508, 26.47918128967285, 26.522111892700195, 26.10459327697754, 26.219621658325195, 39.91579818725586, 44.98528289794922, 53.821922302246094, 53.57040023803711, 55.80902099609375, 56.83758544921875, 54.42108154296875, 52.82365417480469, 53.60662841796875, 55.92961502075195, 49.22895050048828, 46.756404876708984, 44.53341293334961, 39.600311279296875, 39.022708892822266, 24.069246292114258], "13": [23.154890060424805, 23.800369262695312, 23.774349212646484, 23.420787811279297, 23.596725463867188, 24.016000747680664, 24.306293487548828, 24.828899383544922, 38.822998046875, 51.32920837402344, 65.79019927978516, 54.62484359741211, 59.502132415771484, 55.52108383178711, 69.28500366210938, 72.22207641601562, 63.281951904296875, 46.358428955078125, 47.88860321044922, 43.725181579589844, 45.60761260986328, 43.721187591552734, 49.24892044067383, 31.414398193359375], "14": [23.51012420654297, 23.407020568847656, 23.087871551513672, 23.1380558013916, 23.433046340942383, 24.18004035949707, 23.28392219543457, 23.991445541381836, 41.78269958496094, 48.187347412109375, 60.3115119934082, 52.67033767700195, 52.514835357666016, 50.14908981323242, 49.543182373046875, 51.917457580566406, 46.1204948425293, 39.64209747314453, 27.93010139465332, 24.541048049926758, 24.61038589477539, 24.303022384643555, 31.10518455505371, 24.743677139282227], "15": [25.056434631347656, 25.035539627075195, 25.540884017944336, 24.854820251464844, 24.618555068969727, 24.844087600708008, 25.602935791015625, 24.836061477661133, 24.80380630493164, 25.516130447387695, 25.119104385375977, 24.457408905029297, 25.077945709228516, 25.461347579956055, 24.843429565429688, 24.442760467529297, 25.225666046142578, 24.411287307739258, 24.742229461669922, 27.149372100830078, 24.36412811279297, 25.7143497467041, 25.088422775268555, 24.61879539489746], "16": [25.15215492248535, 25.826032638549805, 25.26801872253418, 24.5162296295166, 24.255916595458984, 24.999557495117188, 24.27076530456543, 24.73977279663086, 24.985034942626953, 24.587387084960938, 25.217010498046875, 24.539979934692383, 24.932241439819336, 25.03626251220703, 24.955595016479492, 25.324066162109375, 24.260425567626953, 24.036476135253906, 24.059022903442383, 28.70258331298828, 24.908769607543945, 24.946561813354492, 25.1583309173584, 24.84300422668457],