{"2019": {"6": {"1": [160.4120635986328, 165.21156311035156, 176.2216339111328, 163.9156951904297, 171.53334045410156, 163.41494750976562, 213.82212829589844, 313.8677062988281, 313.50811767578125, 320.484619140625, 313.51080322265625, 314.86700439453125, 316.1151428222656, 329.23028564453125, 348.85357666015625, 309.7613525390625, 333.8720397949219, 335.3256530761719, 273.1396484375, 320.1554260253906, 296.04364013671875, 268.16357421875, 309.8885498046875, 218.94796752929688], "2": [150.74964904785156, 148.3619384765625, 171.3279266357422, 127.59860229492188, 122.5178451538086, 133.21290588378906, 156.22999572753906, 174.75222778320312, 178.57960510253906, 203.8617401123047, 186.77806091308594, 192.16751098632812, 217.0313720703125, 211.2736358642578, 226.9185791015625, 205.76913452148438, 215.78793334960938, 210.35281372070312, 202.9554443359375, 189.48297119140625, 192.9715576171875, 274.95233154296875, 281.8792419433594, 174.64332580566406], "3": [173.7996368408203, 164.4259490966797, 165.55624389648438, 161.8567657470703, 139.09376525878906, 141.46925354003906, 236.43182373046875, 339.9949645996094, 382.4160461425781, 405.80377197265625, 356.3870849609375, 374.867431640625, 401.3658447265625, 357.9173583984375, 398.52276611328125, 395.8807373046875, 349.0221252441406, 529.9222412109375, 450.19219970703125, 426.5418701171875, 330.50665283203125, 329.2871398925781, 338.16943359375, 264.4548645019531], "4": [167.6593017578125, 177.59857177734375, 167.25987243652344, 184.37893676757812, 144.51690673828125, 142.67051696777344, 255.0162353515625, 324.296630859375, 346.221923828125, 446.9197082519531, 468.2794189453125, 424.0861511230469, 457.9945068359375, 450.56353759765625, 456.8551330566406, 488.53143310546875, 355.6680603027344, 504.1871643066406, 406.3669128417969, 411.0018615722656, 391.73541259765625, 353.0959777832031, 301.3570251464844, 214.33026123046875], "5": [185.46749877929688, 180.39309692382812, 163.91981506347656, 163.29115295410156, 141.79933166503906, 171.28880310058594, 231.11903381347656, 457.7786560058594, 312.13641357421875, 322.1602783203125, 432.5057678222656, 469.21197509765625, 437.3387145996094, 435.0964660644531, 446.34814453125, 453.7931823730469, 403.7103576660156, 420.8204040527344, 426.2132568359375, 411.42889404296875, 330.2371826171875, 302.46533203125, 286.30615234375, 284.8509826660156], "6": [161.4484405517578, 166.019287109375, 148.902099609375, 153.8452606201172, 164.28858947753906, 169.37109375, 231.6708526611328, 307.2771301269531, 380.8613586425781, 369.65570068359375, 392.6733703613281, 340.83258056640625, 489.5521545410156, 398.22601318359375, 452.4770202636719, 428.1661682128906, 421.5115966796875, 404.79736328125, 422.0199279785156, 380.77685546875, 394.0942077636719, 264.4894104003906, 306.22802734375, 226.480712890625], "7": [183.7914276123047, 157.75120544433594, 159.44857788085938, 149.6076202392578, 130.9589385986328, 162.398193359375, 257.02435302734375, 360.65521240234375, 328.3202209472656, 364.1839294433594, 403.720458984375, 355.6217956542969, 324.1210021972656, 467.5360107421875, 397.62969970703125, 389.4344787597656, 418.2852783203125, 401.6821594238281, 420.7007751464844, 351.8847961425781, 372.8147277832031, 263.1925964355469, 260.9549255371094, 233.61683654785156], "8": [161.13308715820312, 178.35264587402344, 157.56800842285156, 165.33102416992188, 143.1162567138672, 143.26181030273438, 191.57212829589844, 315.4195556640625, 241.6029052734375, 244.78134155273438, 350.71478271484375, 258.9800109863281, 274.8751220703125, 372.1251525878906, 375.693603515625, 347.02288818359375, 355.4294738769531, 356.3607177734375, 384.1519775390625, 237.00772094726562, 342.28961181640625, 236.41554260253906, 191.00949096679688, 160.63638305664062], "9": [150.855712890625, 145.91062927246094, 146.09719848632812, 138.48965454101562, 126.39921569824219, 128.39996337890625, 156.92465209960938, 158.9075164794922, 153.10845947265625, 190.75567626953125, 199.3933868408203, 170.25665283203125, 193.57481384277344, 247.68443298339844, 233.15748596191406, 190.17999267578125, 211.9306640625, 195.3126983642578, 202.76583862304688, 174.675537109375, 170.989501953125, 169.1103973388672, 167.33151245117188, 135.97015380859375], "10": [158.12615966796875, 164.2701416015625, 133.507568359375, 128.9796905517578, 123.8889389038086, 141.12973022460938, 249.60218811035156, 340.5782775878906, 453.95770263671875, 384.6749572753906, 467.9402160644531, 421.9989318847656, 330.4394226074219, 453.40576171875, 497.1980895996094, 403.221923828125, 504.3633728027344, 478.041748046875, 484.6827697753906, 386.0345458984375, 405.8453674316406, 284.677978515625, 270.80926513671875, 240.70423889160156], "11": [170.3265838623047, 152.85928344726562, 141.31069946289062, 151.21688842773438, 131.00369262695312, 147.74172973632812, 258.4539794921875, 345.9027404785156, 469.2830810546875, 362.1912841796875, 438.6624450683594, 395.1624755859375, 477.7816467285156, 395.033447265625, 486.115478515625, 498.37200927734375, 508.00201416015625, 531.7949829101562, 499.08868408203125, 467.0506591796875, 466.7258605957031, 216.6299285888672, 218.77456665039062, 220.5279541015625], "12": [199.61915588378906, 195.3997344970703, 189.1693572998047, 183.13864135742188, 159.1837921142578, 168.5076904296875, 257.3644714355469, 354.3546447753906, 398.58843994140625, 355.1100769042969, 324.95574951171875, 523.873779296875, 497.25738525390625, 504.01007080078125, 490.4375, 506.1960754394531, 486.5782165527344, 403.9208984375, 510.3351745605469, 518.8310546875, 467.26202392578125, 321.37908935546875, 253.6579132080078, 202.8332061767578], "13": [155.61883544921875, 157.5588836669922, 179.16082763671875, 174.15841674804688, 159.87612915039062, 158.17428588867188, 250.75303649902344, 440.6083679199219, 365.9114685058594, 445.9354553222656, 403.6777648925781, 491.85845947265625, 505.1708984375, 531.3352661132812, 568.4630737304688, 545.86767578125, 485.7825927734375, 506.8567810058594, 496.25933837890625, 470.6109313964844, 440.62054443359375, 238.87411499023438, 236.11012268066406, 231.0017852783203], "14": [179.42367553710938, 191.87770080566406, 149.0760955810547, 164.19024658203125, 133.91954040527344, 149.52357482910156, 222.4351806640625, 269.5621032714844, 306.5267028808594, 337.2537536621094, 391.5933532714844, 449.9617614746094, 464.38763427734375, 425.440673828125, 442.70330810546875, 480.8544921875, 426.6575622558594, 451.8410339355469, 423.77142333984375, 413.3453063964844, 283.29254150390625, 251.7821502685547, 322.87493896484375, 198.8343963623047], "15": [184.0710906982422, 184.19923400878906, 177.57423400878906, 194.7316436767578, 144.66709899902344, 150.25979614257812, 183.5733642578125, 298.289306640625, 374.7496643066406, 358.0443115234375, 361.1023254394531, 330.3740234375, 388.57440185546875, 376.0982971191406, 387.7401123046875, 406.599853515625, 441.3438415527344, 402.5208740234375, 250.26651000976562, 298.6124267578125, 395.2985534667969, 234.70692443847656, 261.121337890625, 201.88449096679688], "16": [152.40419006347656, 169.9725799560547, 176.60662841796875, 140.24134826660156, 116.6003189086914, 121.0062484741211, 174.57481384277344, 184.6329803466797, 188.66001892089844, 178.09033203125, 176.9446563720703, 170.255126953125, 172.28195190429688, 209.19265747070312, 204.6586456298828, 213.88015747070312, 203.1698455810547, 208.529052734375, 204.42547607421875, 190.36154174804688, 216.17434692382812, 198.49368286132812, 187.58248901367188, 168.38809204101562], "17": [156.49246215820312, 160.73623657226562, 164.12448120117188, 146.64649963378906, 167.8096923828125, 162.13356018066406, 262.7169189453125, 438.23748779296875, 330.0747985839844, 486.4986572265625, 438.0884704589844, 411.2300720214844, 396.31024169921875, 544.3120727539062, 499.00103759765625, 447.62139892578125, 471.2101135253906, 454.940185546875, 440.5145568847656, 438.09735107421875, 418.2870178222656, 265.809326171875, 325.40447998046875, 202.33692932128906],