{"2019": {"6": {"1": [2017.8703002929688, 1899.1400756835938, 1836.5651245117188, 1838.5626220703125, 1858.3890380859375, 1833.3500366210938, 1803.8927612304688, 1836.7335205078125, 1901.3286743164062, 1941.501708984375, 1950.8054809570312, 2093.295654296875, 2102.9044189453125, 2018.5740966796875, 2145.2410278320312, 2108.9020385742188, 2069.2188720703125, 2106.944091796875, 2094.2239990234375, 2051.3684692382812, 1927.6773071289062, 2029.1944580078125, 1903.5860595703125, 1934.6351318359375], "2": [1900.3818969726562, 1835.53662109375, 1817.3749084472656, 1816.1708068847656, 1822.2969665527344, 1817.6169738769531, 1835.0191650390625, 1840.33935546875, 1889.0281372070312, 1926.9470825195312, 1883.91357421875, 1922.7924194335938, 2000.07861328125, 2052.4158325195312, 2038.228515625, 2092.9160766601562, 2101.9755249023438, 2082.9154052734375, 2076.9718627929688, 2036.9342041015625, 1990.6820068359375, 1951.2203369140625, 1945.1683959960938, 1838.350341796875], "3": [1906.7011108398438, 1830.7982482910156, 1806.01708984375, 1833.3584899902344, 1801.7835083007812, 1798.1842956542969, 1810.7181396484375, 1845.7660522460938, 2039.2938842773438, 2161.3372192382812, 2328.6431274414062, 1894.4595336914062, 2465.722900390625, 1310.333511352539, 2466.7620849609375, 2496.75244140625, 2389.01318359375, 2272.0924072265625, 2192.3583984375, 2079.2210083007812, 2041.96240234375, 1899.0972900390625, 1879.3262329101562, 1882.2364501953125], "4": [1856.9876098632812, 1792.9812622070312, 1652.8258056640625, 1657.4231872558594, 1648.0347290039062, 1639.9270935058594, 1651.0386047363281, 1690.8507385253906, 1862.3582458496094, 2156.3679809570312, 2325.0916137695312, 2380.536865234375, 2342.7054443359375, 2448.5880737304688, 2473.6272583007812, 2441.3067626953125, 2403.404296875, 2310.0086059570312, 2109.4391479492188, 2051.9669189453125, 2022.4357299804688, 1998.452392578125, 2005.5938720703125, 1877.06103515625], "5": [1857.8399658203125, 1813.7050476074219, 1811.6984558105469, 1814.6353454589844, 1801.4470825195312, 1787.3115234375, 1692.2589416503906, 1741.8062133789062, 2137.3102416992188, 2130.3638916015625, 2289.7383422851562, 2405.6632080078125, 2376.7042236328125, 2388.19677734375, 2370.8662719726562, 2415.7420043945312, 2384.1068725585938, 2225.5546875, 2127.8899536132812, 2059.7420654296875, 2018.5247192382812, 1974.7140502929688, 1935.3073120117188, 1892.79736328125], "6": [1827.7184448242188, 1684.8489074707031, 1706.1800842285156, 1692.4296875, 1677.3469848632812, 1681.4952697753906, 1709.7978210449219, 1736.4425354003906, 1907.78564453125, 2149.1884155273438, 2251.9896240234375, 2329.8956298828125, 2333.0245361328125, 2383.04248046875, 2368.5755004882812, 2341.3704223632812, 2259.097900390625, 2246.1770629882812, 2176.4467163085938, 2077.4989013671875, 1984.97265625, 1944.2351684570312, 1921.8294067382812, 1871.0056762695312], "7": [1744.6648864746094, 1690.2416687011719, 1697.4890747070312, 1678.3392944335938, 1659.5765686035156, 1690.1817626953125, 1692.4853210449219, 1744.1446838378906, 1920.253173828125, 2151.2820434570312, 2270.3760986328125, 2297.482177734375, 2316.8735961914062, 2364.8928833007812, 2374.1400756835938, 2408.23681640625, 2344.40869140625, 2198.8185424804688, 2104.3765258789062, 2047.2846069335938, 1946.4392700195312, 1913.0087280273438, 1881.0075073242188, 1868.2003173828125], "8": [1852.0634765625, 1695.1076049804688, 1697.8174133300781, 1683.7491455078125, 1690.7769775390625, 1684.684814453125, 1688.3037109375, 1725.4145202636719, 1733.0161743164062, 1783.1269226074219, 1794.8218688964844, 1895.3452758789062, 1912.4054565429688, 1920.8836059570312, 1913.1510009765625, 1963.0189819335938, 1969.7002563476562, 1996.6597290039062, 1994.8838500976562, 1972.6255493164062, 1917.82666015625, 1864.4053344726562, 1852.433349609375, 1837.2890625], "9": [1832.1713256835938, 1788.1073303222656, 1668.7886657714844, 1661.4811401367188, 1676.2377624511719, 1675.8684692382812, 1681.2614440917969, 1687.3319702148438, 1699.1341247558594, 1824.6671752929688, 1867.3600463867188, 1851.8701171875, 1870.87841796875, 1889.3616943359375, 1992.7305297851562, 1907.80029296875, 1943.8877563476562, 2007.144775390625, 1912.3323364257812, 1911.7197265625, 1876.7342529296875, 1905.078369140625, 1852.6658325195312, 1808.9354858398438], "10": [1803.6233520507812, 1780.5836791992188, 1800.8692016601562, 1785.5719909667969, 1784.1395568847656, 1782.6569519042969, 1791.6554260253906, 1846.3995361328125, 2116.715087890625, 2187.3297729492188, 2369.4371948242188, 2400.574462890625, 2501.69287109375, 2431.1776123046875, 2490.6029663085938, 2482.0386352539062, 2371.6585083007812, 2336.9390258789062, 2197.287841796875, 2114.4835205078125, 2061.5467529296875, 1994.1841430664062, 1983.4119873046875, 1991.470703125], "11": [1896.4548950195312, 1822.0611267089844, 1832.6582641601562, 1841.16015625, 1820.6686401367188, 1814.7396545410156, 1854.1478271484375, 1966.0389404296875, 2207.9907836914062, 2384.6521606445312, 2489.9749755859375, 2654.908935546875, 2771.7005615234375, 2764.6762084960938, 2714.586181640625, 2736.1190795898438, 2719.1629638671875, 2683.4957885742188, 2454.1467895507812, 2405.4256591796875, 2307.6322021484375, 2242.2254638671875, 2257.9197998046875, 2190.847900390625], "12": [2150.6146240234375, 2069.6731567382812, 1985.7743530273438, 1988.3574829101562, 1969.3605346679688, 1964.441162109375, 1982.27099609375, 2072.4636840820312, 2355.5463256835938, 2491.0216674804688, 2713.712646484375, 2727.6782836914062, 2788.1605834960938, 2753.8939208984375, 2769.0563354492188, 2769.6861572265625, 2751.9638671875, 2680.5743408203125, 2554.2044067382812, 2477.5861206054688, 2320.1651611328125, 2256.25, 2214.7781982421875, 2239.4232177734375], "13": [2177.2967529296875, 2098.8310546875, 2106.436767578125, 2129.1468505859375, 2124.2056884765625, 2121.771728515625, 2118.3218994140625, 2067.3438720703125, 2365.3720703125, 2459.7645874023438, 2642.9169311523438, 2630.3912353515625, 2644.1063232421875, 2682.5499267578125, 2848.4719848632812, 2797.5519409179688, 2765.0887451171875, 2622.1409912109375, 2484.978515625, 2407.92236328125, 2335.8525390625, 2265.6234130859375, 2194.0402221679688, 1996.610107421875], "14": [1932.3650512695312, 1857.3001708984375, 1860.2721557617188, 1850.7702026367188, 1864.9673461914062, 1856.0505981445312, 1850.2050170898438, 1903.7675170898438, 2046.759765625, 2168.7429809570312, 2315.5521240234375, 2391.2246704101562, 2471.7633056640625, 2409.5557861328125, 2518.3156127929688, 2498.8582763671875, 2389.1578369140625, 2313.6283569335938, 2217.4747314453125, 2182.6610717773438, 2041.1270141601562, 2019.510009765625, 1930.1539306640625, 1926.8553466796875], "15": [1894.6898803710938, 1834.8932495117188, 1838.3952941894531, 1877.548828125, 1827.7943115234375, 1819.7853393554688, 1841.0134887695312, 1850.91357421875, 1871.01220703125, 1942.8775024414062, 1931.4522094726562, 1974.2030639648438, 2052.3638305664062, 2048.2066650390625, 2029.7952880859375, 2083.9105224609375, 2076.7455444335938, 2079.1140747070312, 2071.9723510742188, 2044.0262451171875, 2041.461669921875, 2004.0822143554688, 1908.71435546875, 1945.9994506835938], "16": [1873.4144897460938, 1836.3890991210938, 1827.7828369140625, 1829.1166381835938, 1819.1273193359375, 1722.6495056152344, 1694.01025390625, 1706.1117248535156, 1847.1921997070312, 1914.5926513671875, 1973.3729858398438, 2033.4963989257812, 2159.7081298828125, 2205.9108276367188, 2231.8553466796875, 2218.0453491210938, 2188.0809936523438, 2175.7708129882812, 2155.33740234375, 2145.7014770507812, 2121.2190551757812, 2081.2893676757812, 1976.4569091796875, 1880.3896484375],