{"2019": {"6": {"1": [11.280240058898926, 12.234773635864258, 11.544309616088867, 11.226288795471191, 13.652445793151855, 11.21651554107666, 7.769775867462158, 8.676478385925293, 8.125235557556152, 8.809922218322754, 8.602019309997559, 8.351242065429688, 8.112506866455078, 8.719351768493652, 8.647198677062988, 8.091672897338867, 11.198871612548828, 10.320381164550781, 11.735149383544922, 10.563899993896484, 10.897587776184082, 10.571449279785156, 14.226994514465332, 12.786639213562012], "2": [12.910938262939453, 12.998220443725586, 11.972529411315918, 13.496505737304688, 12.176692008972168, 11.316353797912598, 9.882513999938965, 9.06616497039795, 8.917731285095215, 9.280534744262695, 9.366776466369629, 9.18779182434082, 9.910456657409668, 9.376871109008789, 9.624738693237305, 9.487470626831055, 10.175945281982422, 10.669262886047363, 9.724961280822754, 10.783323287963867, 9.613321304321289, 10.575098991394043, 12.314154624938965, 11.9622163772583], "3": [13.403942108154297, 12.046074867248535, 13.166558265686035, 12.100541114807129, 12.25706672668457, 12.271596908569336, 9.527939796447754, 10.411534309387207, 12.400723457336426, 13.276504516601562, 14.552997589111328, 13.596416473388672, 14.302002906799316, 16.421667098999023, 16.262022018432617, 15.6754732131958, 15.371880531311035, 14.612486839294434, 14.647072792053223, 13.633986473083496, 13.447944641113281, 12.228328704833984, 14.996487617492676, 15.71821403503418], "4": [13.133291244506836, 13.014486312866211, 11.350342750549316, 11.747723579406738, 12.162991523742676, 12.26215934753418, 9.947132110595703, 10.66414737701416, 10.964620590209961, 13.724823951721191, 14.46603012084961, 13.58755874633789, 15.627923011779785, 15.47949504852295, 14.39556884765625, 12.416177749633789, 13.938525199890137, 12.992181777954102, 13.660730361938477, 13.787208557128906, 10.540962219238281, 11.056619644165039, 13.304279327392578, 13.673552513122559], "5": [12.389751434326172, 11.798458099365234, 11.940163612365723, 12.652188301086426, 11.378753662109375, 10.430024147033691, 9.03243637084961, 10.04811954498291, 11.913018226623535, 13.897697448730469, 11.963821411132812, 13.708250999450684, 14.357781410217285, 13.25151252746582, 13.379631042480469, 15.035934448242188, 14.975343704223633, 15.250229835510254, 15.686664581298828, 11.201733589172363, 11.807453155517578, 11.991456985473633, 12.983325004577637, 12.725546836853027], "6": [11.573509216308594, 11.730993270874023, 11.141657829284668, 11.932790756225586, 13.20972728729248, 12.311692237854004, 10.554967880249023, 9.740189552307129, 11.367709159851074, 12.650288581848145, 11.884689331054688, 12.567164421081543, 15.369749069213867, 13.516339302062988, 12.763822555541992, 14.089810371398926, 13.368379592895508, 13.626119613647461, 13.290266990661621, 11.397502899169922, 11.070429801940918, 10.91235637664795, 11.937713623046875, 12.36369800567627], "7": [10.413568496704102, 10.557751655578613, 11.99512767791748, 11.497801780700684, 12.067493438720703, 12.292264938354492, 10.178607940673828, 10.92214584350586, 12.00985336303711, 12.25411319732666, 13.32278060913086, 13.40040397644043, 13.554756164550781, 14.031630516052246, 13.480316162109375, 13.664158821105957, 13.57591724395752, 12.16606616973877, 12.63196086883545, 9.63349723815918, 9.852081298828125, 9.711820602416992, 13.041165351867676, 12.846588134765625], "8": [11.0258150100708, 10.693737030029297, 10.852348327636719, 10.356722831726074, 10.203057289123535, 11.855120658874512, 9.916766166687012, 8.505108833312988, 8.311816215515137, 9.897697448730469, 7.880623817443848, 8.205066680908203, 8.953949928283691, 8.825512886047363, 8.294466972351074, 7.755728244781494, 7.803859710693359, 8.207635879516602, 8.552961349487305, 8.542498588562012, 7.767000675201416, 9.02486801147461, 10.475775718688965, 12.30530071258545], "9": [10.80509090423584, 11.41545581817627, 10.983712196350098, 10.25761890411377, 11.114688873291016, 10.985564231872559, 8.528965950012207, 9.13648796081543, 8.89742374420166, 8.837925910949707, 9.760461807250977, 8.989012718200684, 8.615874290466309, 9.47729206085205, 8.288843154907227, 8.22409725189209, 10.670145034790039, 9.038551330566406, 9.04213809967041, 8.331209182739258, 8.08380126953125, 9.004692077636719, 10.763059616088867, 10.58496379852295], "10": [11.509239196777344, 10.49023151397705, 10.776707649230957, 11.676685333251953, 10.692327499389648, 11.742255210876465, 8.700603485107422, 8.941722869873047, 10.677610397338867, 10.6129789352417, 13.112444877624512, 11.988977432250977, 12.236492156982422, 12.897661209106445, 13.322870254516602, 11.522844314575195, 12.250751495361328, 12.0075044631958, 12.916406631469727, 11.406998634338379, 12.78626823425293, 10.998644828796387, 12.827548027038574, 12.689167976379395], "11": [12.078747749328613, 11.723567008972168, 12.634791374206543, 11.735608100891113, 12.681714057922363, 11.992249488830566, 8.919913291931152, 9.846110343933105, 11.077442169189453, 11.15424633026123, 13.950471878051758, 13.781814575195312, 13.17586612701416, 12.594949722290039, 14.100977897644043, 14.543533325195312, 12.924339294433594, 12.215252876281738, 12.275477409362793, 9.539878845214844, 10.065038681030273, 9.784523963928223, 12.316579818725586, 11.333440780639648], "12": [11.755218505859375, 12.428427696228027, 11.675484657287598, 12.063399314880371, 11.565133094787598, 11.207756042480469, 9.47989273071289, 10.099045753479004, 10.926562309265137, 14.83294677734375, 15.343599319458008, 16.48582649230957, 15.958623886108398, 15.984597206115723, 15.204534530639648, 15.333842277526855, 13.910374641418457, 14.589683532714844, 13.14576530456543, 11.570998191833496, 11.774328231811523, 10.718598365783691, 13.284249305725098, 14.744515419006348], "13": [11.493101119995117, 11.612900733947754, 14.051286697387695, 12.35914421081543, 10.892165184020996, 11.546464920043945, 9.150368690490723, 9.113638877868652, 11.170608520507812, 13.184134483337402, 16.195524215698242, 14.049386024475098, 15.219934463500977, 16.906925201416016, 15.986038208007812, 15.302397727966309, 14.519326210021973, 13.578970909118652, 12.480642318725586, 12.328338623046875, 10.728888511657715, 10.304944038391113, 14.619400024414062, 13.962553024291992], "14": [11.680542945861816, 10.736299514770508, 11.326187133789062, 11.870867729187012, 11.149737358093262, 11.722214698791504, 8.98801040649414, 9.145429611206055, 14.988983154296875, 14.159818649291992, 15.32154655456543, 14.434883117675781, 15.765229225158691, 15.426492691040039, 15.989510536193848, 15.60111141204834, 15.512469291687012, 14.108986854553223, 14.070280075073242, 12.66794204711914, 10.782784461975098, 12.231042861938477, 13.103843688964844, 12.631609916687012], "15": [12.40368366241455, 13.480254173278809, 14.858993530273438, 13.317046165466309, 13.353311538696289, 12.86256217956543, 10.122611999511719, 10.08993911743164, 9.298081398010254, 9.835954666137695, 9.761963844299316, 9.340843200683594, 9.115382194519043, 9.174232482910156, 9.239720344543457, 11.825276374816895, 9.75322437286377, 9.400971412658691, 11.558791160583496, 10.51369571685791, 9.420923233032227, 9.610790252685547, 12.56343936920166, 13.328182220458984], "16": [12.555839538574219, 13.40285873413086, 12.640121459960938, 13.55431079864502, 12.419236183166504, 14.178937911987305, 10.915595054626465, 9.374592781066895, 8.940991401672363, 8.956323623657227, 9.07530689239502, 8.996393203735352, 9.30489444732666, 8.778554916381836, 10.50308895111084, 10.103296279907227, 10.021471977233887, 10.719131469726562, 10.088582038879395, 10.21509075164795, 9.9353666305542, 10.357223510742188, 12.834792137145996, 13.076007843017578],