{"2019": {"6": {"1": [74.32003784179688, 73.7816162109375, 71.41354370117188, 69.79934692382812, 74.1940689086914, 70.70037841796875, 75.74140930175781, 75.78416442871094, 79.07516479492188, 76.91498565673828, 82.45362091064453, 81.53265380859375, 82.03387451171875, 80.12114715576172, 81.22611999511719, 77.87519073486328, 78.92420959472656, 76.527587890625, 69.53623962402344, 69.69613647460938, 71.26995849609375, 71.9132308959961, 69.998291015625, 73.74957275390625], "2": [68.3906478881836, 68.46508026123047, 69.07040405273438, 71.25759887695312, 67.76760864257812, 73.0523681640625, 72.06646728515625, 71.0978775024414, 80.71829986572266, 78.71383666992188, 76.91583251953125, 77.50540161132812, 80.4349365234375, 77.70193481445312, 79.41954803466797, 79.14468383789062, 77.47964477539062, 76.1641845703125, 72.24053192138672, 71.1460952758789, 70.31082153320312, 72.29987335205078, 70.45386505126953, 68.7137680053711], "3": [72.24898529052734, 68.77894592285156, 67.70777893066406, 72.8365478515625, 69.694580078125, 67.32875061035156, 78.04039001464844, 81.84407806396484, 103.44369506835938, 113.49406433105469, 117.88151550292969, 118.9498062133789, 123.98909759521484, 124.167724609375, 123.30044555664062, 120.63829040527344, 117.89820861816406, 108.76596069335938, 99.0223159790039, 98.0383529663086, 86.76847076416016, 76.05071258544922, 71.2851791381836, 74.52426147460938], "4": [70.50955200195312, 69.866455078125, 72.07122802734375, 68.54354858398438, 70.18093872070312, 71.7596206665039, 74.3119888305664, 80.38330841064453, 106.14129638671875, 112.9505844116211, 122.00829315185547, 125.95519256591797, 129.24673461914062, 124.02162170410156, 124.30120849609375, 124.36162567138672, 121.06110382080078, 117.48201751708984, 101.73451232910156, 91.9592514038086, 79.62786102294922, 76.09156799316406, 73.69491577148438, 72.1815414428711], "5": [71.95748901367188, 77.69429016113281, 74.48668670654297, 72.164794921875, 71.03864288330078, 74.88078308105469, 76.15653991699219, 83.04235076904297, 102.1870346069336, 108.94088745117188, 118.40623474121094, 125.34467315673828, 128.00222778320312, 120.73715209960938, 124.4748764038086, 123.33963012695312, 117.99028778076172, 110.05715942382812, 95.12094116210938, 87.25978088378906, 82.46068572998047, 74.14622497558594, 69.9200668334961, 70.70316314697266], "6": [70.67932891845703, 67.1092300415039, 70.399658203125, 66.95574188232422, 67.03440856933594, 69.74234008789062, 77.26142120361328, 81.78075408935547, 109.23859405517578, 117.65718078613281, 127.5589828491211, 125.00099182128906, 120.28269958496094, 122.94783020019531, 122.82162475585938, 119.36376190185547, 119.24263000488281, 112.29120635986328, 95.49382019042969, 90.82394409179688, 87.63285827636719, 74.30351257324219, 69.358154296875, 69.98892974853516], "7": [64.95036315917969, 66.75776672363281, 68.45901489257812, 67.78921508789062, 67.68601989746094, 71.75934600830078, 73.5743408203125, 78.70298767089844, 104.50055694580078, 115.53034210205078, 118.23648071289062, 120.83918762207031, 122.53459930419922, 123.88250732421875, 123.70254516601562, 129.809814453125, 118.25151062011719, 103.34406280517578, 95.81842041015625, 91.1692886352539, 84.32780456542969, 73.7171630859375, 66.99884796142578, 64.36984252929688], "8": [67.1592025756836, 72.0105209350586, 68.68199920654297, 67.53858184814453, 63.069679260253906, 65.52494049072266, 71.85580444335938, 72.00835418701172, 75.48843383789062, 80.92615509033203, 78.00667572021484, 82.37687683105469, 84.54302215576172, 82.51342010498047, 83.09243774414062, 83.53897857666016, 81.02599334716797, 75.68515014648438, 71.07918548583984, 70.21923065185547, 67.03607940673828, 68.34373474121094, 68.5499267578125, 68.89039611816406], "9": [69.93518829345703, 65.85372924804688, 67.53263092041016, 69.10809326171875, 74.44586944580078, 69.43718719482422, 73.83511352539062, 71.74718475341797, 77.5769271850586, 77.92206573486328, 77.50484466552734, 77.06172943115234, 83.5040283203125, 76.06513214111328, 74.93896484375, 74.86731719970703, 80.8230209350586, 73.72040557861328, 70.92719268798828, 69.53620910644531, 67.31660461425781, 68.92863464355469, 68.3499755859375, 66.52200317382812], "10": [70.17236328125, 65.39736938476562, 63.223243713378906, 64.22884368896484, 64.48973846435547, 67.2973403930664, 70.91883087158203, 70.36910247802734, 95.47183227539062, 112.4935531616211, 118.16605377197266, 122.43435668945312, 125.6803970336914, 126.14392852783203, 127.10673522949219, 125.1238021850586, 122.36920928955078, 113.65906524658203, 103.25568389892578, 97.43609619140625, 88.80280303955078, 76.12384033203125, 72.60696411132812, 71.89419555664062], "11": [69.80022430419922, 69.54109954833984, 73.14746856689453, 72.63175201416016, 70.84785461425781, 70.9552230834961, 79.13430786132812, 80.13551330566406, 103.45954132080078, 114.4437255859375, 119.869873046875, 134.16859436035156, 130.7961883544922, 132.06503295898438, 129.44818115234375, 131.71324157714844, 127.42089080810547, 115.66605377197266, 101.14112854003906, 93.70732116699219, 91.37290954589844, 77.69139862060547, 69.2143325805664, 69.1119155883789], "12": [75.26026153564453, 73.26014709472656, 75.49574279785156, 74.22856903076172, 72.93710327148438, 79.78186798095703, 81.84272766113281, 92.59700775146484, 113.06105041503906, 126.14900207519531, 126.78206634521484, 132.84341430664062, 133.99534606933594, 138.76593017578125, 133.95526123046875, 132.3173828125, 123.99909973144531, 114.39390563964844, 101.88172149658203, 96.04143524169922, 90.01355743408203, 80.68324279785156, 76.52705383300781, 73.989990234375], "13": [72.90583038330078, 70.94966125488281, 75.87976837158203, 73.03173065185547, 73.93019104003906, 76.25226593017578, 77.44058990478516, 80.46524047851562, 106.4254150390625, 119.17395782470703, 119.45600891113281, 126.84830474853516, 129.21734619140625, 131.19296264648438, 135.49285888671875, 131.9806671142578, 132.23971557617188, 115.01203155517578, 104.95182800292969, 98.04244232177734, 93.86726379394531, 83.10685729980469, 78.56689453125, 78.54830169677734], "14": [74.38197326660156, 73.48274993896484, 83.03932189941406, 76.73722076416016, 73.81554412841797, 72.26134490966797, 75.1771011352539, 82.49176788330078, 104.24642181396484, 116.26390838623047, 122.13159942626953, 127.51656341552734, 125.61206817626953, 128.2921905517578, 119.82982635498047, 118.99951934814453, 123.78656768798828, 110.1481704711914, 99.32030487060547, 98.68155670166016, 89.77892303466797, 82.67007446289062, 76.98097229003906, 75.6490249633789], "15": [79.02728271484375, 75.37721252441406, 73.85072326660156, 77.21711730957031, 75.8508529663086, 76.7501449584961, 77.75983428955078, 76.34471893310547, 83.1629409790039, 83.63848876953125, 85.82846069335938, 86.00640106201172, 84.8111343383789, 80.44078826904297, 77.87023162841797, 77.61238861083984, 81.13407897949219, 75.54524230957031, 72.50643920898438, 70.53540802001953, 70.65837860107422, 71.62752532958984, 70.83868408203125, 71.80060577392578], "16": [72.34760284423828, 71.00357818603516, 72.49251556396484, 68.11555480957031, 68.83536529541016, 67.6484375, 67.84261322021484, 72.92897033691406, 77.638427734375, 77.41030883789062, 80.80380249023438, 78.04011535644531, 78.17406463623047, 77.32535552978516, 77.73626708984375, 75.86063385009766, 77.2618408203125, 73.64086151123047, 67.46475219726562, 67.98731231689453, 70.88357543945312, 69.91365814208984, 69.60203552246094, 68.28768157958984], "17": [70.13934326171875, 71.07150268554688, 70.65299987792969, 68.92158508300781, 67.8712387084961, 67.44027709960938, 72.85639953613281, 83.2421875, 106.65028381347656, 112.75939178466797, 124.17585754394531, 128.6204833984375, 126.84220123291016, 128.5946502685547, 133.48423767089844, 129.8183135986328, 124.89920806884766, 111.50856018066406, 104.4593505859375, 102.38885498046875, 95.6357650756836, 76.93995666503906, 74.36809539794922, 72.70502471923828],