{"2019": {"6": {"1": [15.903143882751465, 16.037599563598633, 16.06135368347168, 16.03948974609375, 17.09193992614746, 20.280729293823242, 23.640596389770508, 23.131643295288086, 23.095794677734375, 22.881847381591797, 23.16217613220215, 22.118982315063477, 19.87140655517578, 19.370363235473633, 24.550817489624023, 23.02364158630371, 26.78107452392578, 25.59893226623535, 25.462650299072266, 19.314149856567383, 19.62843132019043, 16.651395797729492, 17.009855270385742, 16.75232696533203], "2": [16.551742553710938, 16.451736450195312, 17.152559280395508, 16.56915283203125, 16.715429306030273, 17.19022560119629, 20.44086456298828, 20.182661056518555, 21.100173950195312, 21.173664093017578, 20.89738655090332, 21.09807777404785, 21.766441345214844, 21.769893646240234, 23.067657470703125, 26.473217010498047, 26.188274383544922, 26.497507095336914, 19.487913131713867, 19.2685604095459, 19.609661102294922, 18.226999282836914, 16.77804946899414, 16.900480270385742], "3": [16.5689754486084, 16.499422073364258, 16.678998947143555, 17.433324813842773, 16.753122329711914, 17.576017379760742, 20.2404727935791, 21.52837371826172, 27.775583267211914, 33.18410873413086, 36.22542953491211, 37.047420501708984, 39.80369186401367, 40.03837585449219, 37.672576904296875, 37.87584686279297, 39.32982635498047, 28.262928009033203, 24.244295120239258, 19.146116256713867, 19.246660232543945, 16.166271209716797, 16.021610260009766, 15.870210647583008], "4": [16.895078659057617, 20.413021087646484, 19.91655158996582, 20.36513900756836, 22.876501083374023, 19.942262649536133, 23.533679962158203, 23.544292449951172, 31.04313850402832, 38.188865661621094, 41.1519775390625, 39.46342468261719, 44.7104606628418, 39.9241943359375, 39.0002555847168, 42.10118103027344, 44.175533294677734, 39.606380462646484, 31.485271453857422, 26.579307556152344, 25.309228897094727, 26.118513107299805, 30.124847412109375, 21.358917236328125], "5": [19.858806610107422, 19.438560485839844, 19.91908836364746, 20.009628295898438, 23.30296516418457, 23.427146911621094, 26.344186782836914, 26.762226104736328, 28.180160522460938, 36.015132904052734, 41.283172607421875, 44.25739669799805, 39.029048919677734, 40.425758361816406, 38.034149169921875, 39.03666687011719, 39.3829345703125, 31.898406982421875, 19.377899169921875, 19.165512084960938, 19.743253707885742, 16.927852630615234, 16.817440032958984, 20.544706344604492], "6": [19.779218673706055, 21.385841369628906, 21.147912979125977, 19.980945587158203, 20.389833450317383, 21.890501022338867, 24.47373390197754, 25.7229061126709, 31.4888973236084, 34.32564926147461, 41.39160919189453, 41.78977966308594, 43.69520568847656, 41.06713104248047, 42.34901428222656, 35.510597229003906, 41.69560623168945, 27.751150131225586, 19.74968719482422, 20.28153419494629, 20.475664138793945, 19.448476791381836, 20.225412368774414, 20.214792251586914], "7": [20.015493392944336, 20.54545783996582, 20.410797119140625, 20.5137996673584, 22.681819915771484, 20.9222469329834, 23.331050872802734, 25.53628921508789, 33.10588073730469, 37.806602478027344, 41.83192825317383, 42.66758346557617, 42.09366226196289, 40.34020233154297, 40.62846374511719, 40.96101379394531, 40.25822448730469, 33.360267639160156, 27.208450317382812, 24.10890769958496, 24.06357192993164, 21.526742935180664, 21.35340118408203, 21.608482360839844], "8": [24.70250701904297, 24.950878143310547, 24.83877182006836, 27.738262176513672, 24.763315200805664, 24.97172737121582, 27.238107681274414, 27.902189254760742, 29.13458824157715, 27.815401077270508, 28.116737365722656, 27.54701805114746, 27.956707000732422, 23.817020416259766, 25.292484283447266, 25.31622886657715, 24.4140625, 23.977825164794922, 23.45888900756836, 23.295923233032227, 24.182680130004883, 20.986948013305664, 20.550939559936523, 19.574377059936523], "9": [20.564876556396484, 23.560077667236328, 23.68827247619629, 23.967580795288086, 25.072080612182617, 23.593847274780273, 26.213565826416016, 26.69327163696289, 26.31629180908203, 27.769596099853516, 26.776554107666016, 26.68767738342285, 25.83748435974121, 22.593400955200195, 23.830596923828125, 23.63416862487793, 24.287729263305664, 23.876869201660156, 22.282169342041016, 24.0014705657959, 22.289201736450195, 19.789100646972656, 19.808195114135742, 18.84663200378418], "10": [20.492870330810547, 19.395370483398438, 19.327259063720703, 19.663497924804688, 19.309017181396484, 20.54542350769043, 21.935163497924805, 22.11615753173828, 26.320585250854492, 31.822038650512695, 36.00346374511719, 39.55642318725586, 39.98896789550781, 41.598541259765625, 40.2184944152832, 41.504791259765625, 40.620018005371094, 31.88657569885254, 22.454259872436523, 22.47116470336914, 20.444337844848633, 17.942127227783203, 17.52269172668457, 17.422420501708984], "11": [17.874204635620117, 17.309242248535156, 17.391864776611328, 17.67124366760254, 17.295682907104492, 17.39878273010254, 20.036100387573242, 20.90394401550293, 26.031578063964844, 31.246318817138672, 34.67993927001953, 34.352195739746094, 36.1497688293457, 37.30606460571289, 34.9412727355957, 37.28292465209961, 33.4182243347168, 26.311147689819336, 18.96028709411621, 19.243528366088867, 18.461454391479492, 16.59422492980957, 15.600390434265137, 16.642799377441406], "12": [15.672628402709961, 15.798251152038574, 15.997720718383789, 15.800124168395996, 16.00371551513672, 16.0080509185791, 18.494308471679688, 19.839109420776367, 24.82090950012207, 30.892438888549805, 36.6579475402832, 33.497684478759766, 33.77695846557617, 37.184959411621094, 32.79655456542969, 34.62405014038086, 35.30595779418945, 25.92466163635254, 18.473453521728516, 18.18288803100586, 18.46023178100586, 16.412479400634766, 15.430276870727539, 15.296846389770508], "13": [15.207411766052246, 15.573481559753418, 16.51947784423828, 15.664226531982422, 15.8816556930542, 15.985435485839844, 18.279743194580078, 18.95189094543457, 21.416851043701172, 33.349327087402344, 37.65377426147461, 39.17387008666992, 38.19141387939453, 38.688751220703125, 38.203590393066406, 38.53522491455078, 37.27714920043945, 29.56957244873047, 23.784839630126953, 22.81334686279297, 23.090927124023438, 19.956100463867188, 20.35660171508789, 19.57550811767578], "14": [19.293577194213867, 19.62126350402832, 20.609758377075195, 20.790319442749023, 20.792734146118164, 24.29979133605957, 26.693103790283203, 27.60900115966797, 28.370948791503906, 34.31585693359375, 42.27189636230469, 38.63700485229492, 42.011878967285156, 39.809425354003906, 38.48194885253906, 39.023155212402344, 36.988624572753906, 30.53020668029785, 18.920499801635742, 18.10190773010254, 18.14835548400879, 17.524389266967773, 15.036375999450684, 16.0908145904541], "15": [14.963958740234375, 15.194122314453125, 15.118977546691895, 15.400948524475098, 15.09814739227295, 15.188607215881348, 18.69972038269043, 18.724393844604492, 18.856489181518555, 20.472532272338867, 22.665996551513672, 21.685880661010742, 20.488574981689453, 19.302339553833008, 19.479482650756836, 19.47332191467285, 17.79905891418457, 17.713895797729492, 17.860092163085938, 17.87693977355957, 17.843299865722656, 16.060523986816406, 15.07979679107666, 15.082669258117676], "16": [14.866694450378418, 14.92671012878418, 15.501314163208008, 15.73049259185791, 15.666333198547363, 19.038246154785156, 21.627920150756836, 22.2582950592041, 21.729145050048828, 22.164472579956055, 18.051021575927734, 17.927656173706055, 18.01044273376465, 17.900060653686523, 17.85220718383789, 17.957082748413086, 17.857450485229492, 17.70565414428711, 17.608304977416992, 17.862125396728516, 17.839454650878906, 16.270544052124023, 15.102213859558105, 15.082900047302246],