{"2019": {"6": {"1": [39.91273880004883, 35.11520767211914, 38.20950698852539, 34.0267448425293, 36.904109954833984, 35.295936584472656, 26.1626033782959, 26.56815528869629, 26.806350708007812, 34.71717071533203, 35.02650451660156, 38.00794982910156, 40.09918212890625, 39.83892059326172, 39.45586013793945, 40.18937301635742, 43.94280242919922, 37.91149139404297, 40.215049743652344, 42.219398498535156, 36.08036422729492, 49.70296096801758, 46.96660232543945, 46.299320220947266], "2": [47.93986511230469, 43.511661529541016, 45.9084358215332, 38.05718994140625, 39.139583587646484, 39.660953521728516, 26.35469627380371, 29.544160842895508, 26.905250549316406, 38.06790542602539, 38.25621795654297, 38.68526840209961, 40.33689498901367, 41.4324836730957, 39.20249557495117, 43.081787109375, 40.553279876708984, 41.74065017700195, 40.010154724121094, 38.004268646240234, 36.866790771484375, 47.78020477294922, 44.82838439941406, 45.129241943359375], "3": [44.262916564941406, 42.91591262817383, 41.37452697753906, 37.113319396972656, 37.38972091674805, 34.269866943359375, 26.852863311767578, 31.030733108520508, 38.94982147216797, 47.89851760864258, 53.48234176635742, 55.419151306152344, 57.72477340698242, 56.56666946411133, 56.324913024902344, 59.033573150634766, 58.40782928466797, 50.45463180541992, 45.047607421875, 39.77852249145508, 35.78080368041992, 48.56795883178711, 44.88640213012695, 47.87958908081055], "4": [40.102535247802734, 39.393157958984375, 38.14582824707031, 38.25464630126953, 40.10232162475586, 38.59754943847656, 28.9012508392334, 29.44347381591797, 59.521575927734375, 47.17790603637695, 51.39339065551758, 54.22425079345703, 59.760379791259766, 57.3709602355957, 56.40058135986328, 58.97327423095703, 54.52475357055664, 49.156517028808594, 45.445980072021484, 43.5457878112793, 39.0295524597168, 49.63338088989258, 44.21255874633789, 43.51310729980469], "5": [42.30358123779297, 36.508750915527344, 37.783016204833984, 36.040897369384766, 36.895652770996094, 36.11109161376953, 27.100608825683594, 29.99300193786621, 36.01242446899414, 41.80488967895508, 47.497398376464844, 49.203670501708984, 51.91191101074219, 52.97042465209961, 53.70429992675781, 53.29239273071289, 49.062530517578125, 46.90144348144531, 40.69456481933594, 43.64787292480469, 40.649192810058594, 53.278236389160156, 45.6252555847168, 43.03692626953125], "6": [41.43410110473633, 41.14570236206055, 38.8376579284668, 38.366607666015625, 38.483341217041016, 37.461395263671875, 28.60886001586914, 30.626686096191406, 36.279972076416016, 45.2569694519043, 48.08053207397461, 54.20647048950195, 56.03471755981445, 53.73591995239258, 54.17241668701172, 55.74116516113281, 56.74197006225586, 51.883968353271484, 46.99333953857422, 40.329776763916016, 38.114261627197266, 44.77443313598633, 42.58415222167969, 44.63409423828125], "7": [40.373558044433594, 39.655086517333984, 38.9653434753418, 36.91924285888672, 36.814903259277344, 36.68902587890625, 26.156490325927734, 29.197345733642578, 34.9935302734375, 47.44845199584961, 50.048370361328125, 51.890567779541016, 53.7691535949707, 53.21188735961914, 52.599220275878906, 53.58285903930664, 63.707427978515625, 51.02110290527344, 44.64763259887695, 43.32251739501953, 38.52342224121094, 50.62974166870117, 47.99289321899414, 38.586917877197266], "8": [42.19573974609375, 40.39945602416992, 38.25961685180664, 37.11710739135742, 37.132408142089844, 36.854713439941406, 27.275083541870117, 26.666234970092773, 26.849929809570312, 33.254127502441406, 35.73151779174805, 39.06317138671875, 40.38154602050781, 40.84346389770508, 41.986412048339844, 39.27687454223633, 42.62083053588867, 41.64805603027344, 42.466243743896484, 40.753700256347656, 39.595970153808594, 51.00197982788086, 45.0522575378418, 46.372257232666016], "9": [44.968589782714844, 43.64244079589844, 42.70845031738281, 38.97946548461914, 36.313087463378906, 37.92800521850586, 28.888362884521484, 28.37887954711914, 29.592212677001953, 33.55796813964844, 35.71503448486328, 34.1884880065918, 36.061859130859375, 39.208560943603516, 39.24415969848633, 38.882564544677734, 38.36571502685547, 40.62836456298828, 40.41461181640625, 40.192996978759766, 38.313350677490234, 46.544395446777344, 43.11799240112305, 42.563785552978516], "10": [43.31016540527344, 44.012298583984375, 45.12995147705078, 39.46864700317383, 37.61323547363281, 35.92426681518555, 29.374526977539062, 32.109798431396484, 40.088653564453125, 49.68973159790039, 56.184478759765625, 60.99496078491211, 58.13721466064453, 62.85407257080078, 62.50470733642578, 59.42292785644531, 58.70975875854492, 52.399993896484375, 48.5543327331543, 42.92955780029297, 42.74040603637695, 48.23723602294922, 48.45356750488281, 44.85552978515625], "11": [39.31607437133789, 41.73322296142578, 38.45698165893555, 36.789634704589844, 33.91040802001953, 37.53752136230469, 25.234045028686523, 29.90167236328125, 35.22283935546875, 61.39835739135742, 58.994468688964844, 64.49443817138672, 60.920291900634766, 59.572200775146484, 64.91503143310547, 62.32678985595703, 62.94293212890625, 54.143619537353516, 48.83600616455078, 43.09783172607422, 45.106014251708984, 47.8838005065918, 49.79551315307617, 47.354026794433594], "12": [40.56071472167969, 40.10566329956055, 43.291343688964844, 38.81452560424805, 39.250511169433594, 37.06608963012695, 30.08574676513672, 29.786088943481445, 36.48313903808594, 50.09490203857422, 61.49554443359375, 64.84212493896484, 67.35399627685547, 63.72981643676758, 68.82764434814453, 65.2015380859375, 62.48634719848633, 58.80110168457031, 54.61130905151367, 54.352684020996094, 49.1358528137207, 52.62450408935547, 53.56160354614258, 49.98634338378906], "13": [46.897682189941406, 42.337989807128906, 47.08256530761719, 35.95328140258789, 41.621803283691406, 39.50043487548828, 29.324174880981445, 32.70989227294922, 32.48328399658203, 48.214290618896484, 57.911128997802734, 62.34270095825195, 62.658111572265625, 64.86963653564453, 65.0875473022461, 65.17395782470703, 62.72395706176758, 53.756629943847656, 47.5067138671875, 47.73976516723633, 46.28650665283203, 56.342002868652344, 50.730464935302734, 48.11042404174805], "14": [43.810394287109375, 45.768951416015625, 43.94654846191406, 36.82444381713867, 38.145164489746094, 34.549835205078125, 29.459266662597656, 32.880897521972656, 37.00249481201172, 47.62227249145508, 50.75788879394531, 50.95444869995117, 55.959590911865234, 51.02485656738281, 51.655296325683594, 51.1740837097168, 51.38241958618164, 46.673240661621094, 43.90293884277344, 45.63109588623047, 38.105838775634766, 47.90365982055664, 47.861385345458984, 48.50667953491211], "15": [42.239688873291016, 41.7475471496582, 38.566402435302734, 38.196285247802734, 36.27054977416992, 38.49407196044922, 27.79305648803711, 27.52155876159668, 27.9873104095459, 33.92362976074219, 34.308597564697266, 40.80345153808594, 42.603240966796875, 39.443538665771484, 39.733577728271484, 42.43613052368164, 39.9151725769043, 42.218414306640625, 39.683536529541016, 35.055599212646484, 39.656410217285156, 43.264251708984375, 49.14919662475586, 45.11240768432617], "16": [45.09365463256836, 45.54477310180664, 43.48728561401367, 36.820735931396484, 35.27287292480469, 36.59264373779297, 23.7629451751709, 27.29937171936035, 27.142587661743164, 31.020286560058594, 33.569862365722656, 39.007083892822266, 40.46038055419922, 36.11219024658203, 39.257930755615234, 41.89077377319336, 35.37387466430664, 41.135860443115234, 38.18442153930664, 40.52206039428711, 38.11109924316406, 43.29836654663086, 47.22045135498047, 44.21952438354492],