{"2019": {"6": {"1": [15.18587589263916, 14.554329872131348, 14.726594924926758, 16.43288803100586, 17.942609786987305, 21.466997146606445, 18.777076721191406, 17.524967193603516, 13.628835678100586, 16.804834365844727, 13.214364051818848, 9.911689758300781, 11.319109916687012, 10.568778038024902, 9.727246284484863, 11.261789321899414, 9.292162895202637, 10.1129789352417, 10.715035438537598, 9.576732635498047, 9.834349632263184, 13.254074096679688, 12.845209121704102, 13.387316703796387], "2": [26.52029037475586, 18.1740665435791, 17.914976119995117, 19.218725204467773, 20.383384704589844, 22.472009658813477, 18.488967895507812, 18.93663787841797, 21.394628524780273, 19.05828285217285, 18.631549835205078, 12.633803367614746, 11.917505264282227, 11.573992729187012, 12.31641674041748, 13.917739868164062, 12.190116882324219, 12.325111389160156, 12.008528709411621, 9.512253761291504, 10.128085136413574, 12.819018363952637, 13.272493362426758, 11.83740234375], "3": [12.079444885253906, 30.004079818725586, 17.4733829498291, 19.920963287353516, 21.600004196166992, 25.11024284362793, 23.40247344970703, 20.184974670410156, 27.154481887817383, 26.793140411376953, 28.820348739624023, 28.208011627197266, 20.420522689819336, 20.832340240478516, 20.24679183959961, 20.116397857666016, 19.322551727294922, 16.139904022216797, 13.398119926452637, 12.159626007080078, 12.059161186218262, 14.661164283752441, 16.773954391479492, 19.80415153503418], "4": [23.755155563354492, 23.948469161987305, 26.212905883789062, 22.336463928222656, 29.170730590820312, 29.5043888092041, 28.08465576171875, 27.52375602722168, 53.434818267822266, 45.17878723144531, 50.05308151245117, 30.25205421447754, 24.674598693847656, 19.63753318786621, 18.489667892456055, 19.869831085205078, 20.659587860107422, 18.56239128112793, 13.973654747009277, 12.34697151184082, 12.36065673828125, 16.17275047302246, 14.063884735107422, 15.787972450256348], "5": [18.92229652404785, 23.14912986755371, 24.428756713867188, 22.519699096679688, 25.879154205322266, 24.930288314819336, 27.534164428710938, 25.30328941345215, 47.860172271728516, 44.288909912109375, 50.13835144042969, 32.244239807128906, 34.43744659423828, 31.185924530029297, 40.86760330200195, 34.061439514160156, 26.9434871673584, 17.410362243652344, 13.614831924438477, 12.611483573913574, 11.280811309814453, 27.000690460205078, 25.87673568725586, 26.14368438720703], "6": [28.404972076416016, 34.342952728271484, 32.56222915649414, 30.43601417541504, 34.51418685913086, 37.457340240478516, 33.54932403564453, 32.41765594482422, 54.20945739746094, 54.3742561340332, 50.36646270751953, 32.20491027832031, 31.695758819580078, 26.86521339416504, 23.505107879638672, 25.881010055541992, 18.040307998657227, 15.507471084594727, 28.459915161132812, 19.357810974121094, 20.384416580200195, 26.592039108276367, 26.97882843017578, 29.650318145751953], "7": [30.795223236083984, 31.066343307495117, 37.596309661865234, 33.20356750488281, 32.68231964111328, 34.16532516479492, 38.05467987060547, 30.119474411010742, 54.02198028564453, 52.77061462402344, 61.47840118408203, 62.13177490234375, 51.6744384765625, 32.59244918823242, 31.58660316467285, 23.52145767211914, 16.123971939086914, 15.931333541870117, 11.806548118591309, 12.965827941894531, 10.490447998046875, 23.257240295410156, 25.573406219482422, 25.9018611907959], "8": [27.97079849243164, 29.920108795166016, 28.063804626464844, 31.944416046142578, 29.200468063354492, 35.15126419067383, 34.832698822021484, 30.521936416625977, 22.41065788269043, 26.046491622924805, 25.02132797241211, 28.275306701660156, 21.580995559692383, 8.537109375, 8.498403549194336, 8.657273292541504, 9.538524627685547, 9.647954940795898, 8.501422882080078, 9.083450317382812, 8.64174747467041, 11.731839179992676, 22.331340789794922, 21.850353240966797], "9": [23.026691436767578, 26.576284408569336, 28.28131103515625, 25.897811889648438, 27.224197387695312, 28.066904067993164, 27.439002990722656, 32.81462097167969, 22.556095123291016, 22.63468360900879, 18.01653289794922, 13.407395362854004, 9.11622428894043, 9.219047546386719, 9.121753692626953, 9.642340660095215, 9.206270217895508, 9.187243461608887, 10.085633277893066, 9.840631484985352, 8.658815383911133, 11.468904495239258, 24.245437622070312, 24.49162483215332], "10": [21.022415161132812, 22.86207389831543, 21.086441040039062, 24.9517879486084, 21.06391716003418, 26.80780792236328, 24.189899444580078, 25.900388717651367, 26.10869789123535, 29.721590042114258, 18.207061767578125, 17.743270874023438, 20.213815689086914, 19.992023468017578, 23.198772430419922, 21.89569091796875, 21.746990203857422, 21.43857192993164, 16.538618087768555, 14.561473846435547, 15.338144302368164, 18.322181701660156, 17.219539642333984, 16.92371940612793], "11": [14.443793296813965, 21.71238899230957, 19.069211959838867, 22.015575408935547, 17.81247901916504, 23.87668800354004, 21.435710906982422, 20.57283592224121, 22.458465576171875, 25.981887817382812, 24.71712303161621, 19.474699020385742, 23.174028396606445, 22.519954681396484, 21.339113235473633, 21.19637680053711, 20.666048049926758, 20.001127243041992, 14.760743141174316, 12.431953430175781, 12.790387153625488, 15.7355375289917, 15.608566284179688, 15.455941200256348], "12": [17.476282119750977, 12.970860481262207, 12.192666053771973, 12.494702339172363, 12.03902530670166, 11.64928913116455, 9.235944747924805, 9.251803398132324, 13.25738525390625, 15.13520622253418, 15.79162311553955, 19.992691040039062, 18.976694107055664, 20.360496520996094, 20.777421951293945, 21.46932029724121, 21.262969970703125, 17.61703872680664, 13.64244270324707, 12.213711738586426, 11.96619987487793, 13.89413070678711, 13.271038055419922, 15.432622909545898], "13": [14.527506828308105, 15.395642280578613, 14.62881088256836, 14.037923812866211, 14.34349250793457, 14.44842529296875, 11.71090316772461, 11.659377098083496, 15.465636253356934, 17.571945190429688, 20.476085662841797, 24.80617332458496, 22.406213760375977, 23.288848876953125, 21.234169006347656, 19.595748901367188, 19.82549285888672, 17.85988998413086, 13.14344596862793, 12.726862907409668, 12.047930717468262, 15.688501358032227, 14.591547012329102, 16.35953140258789], "14": [15.081886291503906, 15.47925853729248, 14.715529441833496, 16.3072509765625, 15.389191627502441, 18.985774993896484, 16.553924560546875, 17.58045196533203, 36.88341522216797, 20.960548400878906, 19.3450984954834, 22.0064754486084, 21.974157333374023, 25.38541030883789, 24.015605926513672, 23.476842880249023, 23.219675064086914, 19.899728775024414, 15.630797386169434, 14.83409309387207, 14.006397247314453, 15.906100273132324, 16.372589111328125, 16.017549514770508], "15": [19.99964141845703, 18.139110565185547, 18.03363609313965, 20.24544906616211, 19.98770523071289, 19.6009464263916, 22.105682373046875, 17.235820770263672, 20.71196746826172, 18.101472854614258, 12.5973482131958, 12.077557563781738, 11.594918251037598, 11.30982780456543, 11.119915008544922, 12.633678436279297, 11.632546424865723, 11.981385231018066, 11.388489723205566, 11.22222900390625, 11.838921546936035, 14.225797653198242, 14.345389366149902, 14.016475677490234], "16": [15.635799407958984, 14.189801216125488, 21.080673217773438, 19.141620635986328, 20.681293487548828, 23.113157272338867, 18.771896362304688, 18.838092803955078, 18.668066024780273, 18.173494338989258, 14.702242851257324, 13.1615629196167, 10.031298637390137, 10.29399585723877, 9.77197551727295, 9.315281867980957, 9.569786071777344, 9.465400695800781, 10.90710163116455, 9.31811237335205, 10.733047485351562, 10.817317008972168, 12.031896591186523, 12.693747520446777],