{"2019": {"6": {"1": [29.956096649169922, 28.874935150146484, 29.345829010009766, 31.24969482421875, 29.705549240112305, 30.891952514648438, 25.339706420898438, 24.685834884643555, 27.339855194091797, 24.695280075073242, 43.81721496582031, 44.831050872802734, 44.022987365722656, 43.79759979248047, 44.32660675048828, 42.92502212524414, 44.492855072021484, 43.89025115966797, 27.384777069091797, 24.717178344726562, 25.181659698486328, 28.652437210083008, 27.87250518798828, 29.82875633239746], "2": [27.616697311401367, 29.810548782348633, 30.491365432739258, 30.060426712036133, 29.808246612548828, 28.22379493713379, 26.07062339782715, 25.739425659179688, 25.83914566040039, 26.304502487182617, 26.281845092773438, 26.406301498413086, 26.453231811523438, 26.96368408203125, 24.4293270111084, 25.942766189575195, 26.99925994873047, 25.042518615722656, 26.15692138671875, 27.381616592407227, 25.961822509765625, 28.59285545349121, 30.394737243652344, 30.070960998535156], "3": [27.35379409790039, 30.484830856323242, 30.0147647857666, 30.92674446105957, 29.14492416381836, 29.5104923248291, 23.628936767578125, 26.9179744720459, 48.71294403076172, 56.232452392578125, 57.57160949707031, 60.925254821777344, 56.7917366027832, 63.059261322021484, 57.53598403930664, 58.37785720825195, 56.43596267700195, 52.42060470581055, 50.819461822509766, 29.833988189697266, 27.771419525146484, 32.0081787109375, 31.71062469482422, 31.895761489868164], "4": [31.62820053100586, 31.991756439208984, 31.69520378112793, 32.75397491455078, 35.27838897705078, 32.71311569213867, 28.911752700805664, 28.92640495300293, 53.184043884277344, 59.89869689941406, 62.91103744506836, 60.040191650390625, 63.116676330566406, 65.61426544189453, 59.694419860839844, 59.68785858154297, 51.98386001586914, 50.459571838378906, 48.771331787109375, 28.342021942138672, 28.112398147583008, 30.533607482910156, 30.913524627685547, 31.39645767211914], "5": [34.0113525390625, 33.60832214355469, 32.73310470581055, 30.341760635375977, 33.40072250366211, 31.861770629882812, 29.334552764892578, 31.780235290527344, 54.30831527709961, 62.12948226928711, 63.92978286743164, 64.06764221191406, 64.53787231445312, 66.91993713378906, 65.60096740722656, 63.946346282958984, 60.36540222167969, 52.99957275390625, 51.703006744384766, 30.482519149780273, 30.955190658569336, 31.201644897460938, 34.9116096496582, 33.4257926940918], "6": [34.05620574951172, 35.86098861694336, 32.45381546020508, 33.54961013793945, 33.77806091308594, 34.951820373535156, 30.18975067138672, 32.07783126831055, 54.87141799926758, 58.2182731628418, 61.16182327270508, 58.4265251159668, 60.30157470703125, 61.91646194458008, 61.34864044189453, 57.18333053588867, 54.74610137939453, 51.623958587646484, 48.812835693359375, 35.83975601196289, 29.719438552856445, 31.051673889160156, 31.692779541015625, 30.5154972076416], "7": [31.34136199951172, 31.97665786743164, 33.501285552978516, 32.247066497802734, 33.372745513916016, 32.42963409423828, 30.564733505249023, 29.367650985717773, 53.20280075073242, 56.09294128417969, 56.08296585083008, 60.42294692993164, 57.76290512084961, 57.62141036987305, 54.57289505004883, 59.18128967285156, 52.68979263305664, 51.44966506958008, 49.1634407043457, 27.86370086669922, 27.944055557250977, 32.36062240600586, 31.944459915161133, 29.96143913269043], "8": [32.736915588378906, 32.449867248535156, 33.49892044067383, 33.05399703979492, 32.56501770019531, 31.37016487121582, 28.628131866455078, 30.443782806396484, 28.28067398071289, 29.808568954467773, 46.69725799560547, 46.7631721496582, 46.331077575683594, 47.43097686767578, 44.99702835083008, 44.76716232299805, 45.652103424072266, 44.300296783447266, 27.58601951599121, 26.707185745239258, 28.80048179626465, 29.45916748046875, 31.142065048217773, 32.5786018371582], "9": [29.920671463012695, 31.376039505004883, 31.154891967773438, 32.147705078125, 33.251564025878906, 32.13700866699219, 30.36109161376953, 27.922775268554688, 28.227367401123047, 27.493816375732422, 29.467761993408203, 27.565767288208008, 26.35778045654297, 26.296449661254883, 26.404253005981445, 26.565465927124023, 28.15716552734375, 29.136030197143555, 26.794353485107422, 29.081748962402344, 27.397539138793945, 31.117372512817383, 29.754600524902344, 32.04581069946289], "10": [31.165748596191406, 31.614763259887695, 33.51490783691406, 29.87371826171875, 31.839351654052734, 29.594451904296875, 27.715341567993164, 27.0170841217041, 51.10127258300781, 57.04130935668945, 60.781742095947266, 61.21266555786133, 61.610877990722656, 58.93836212158203, 58.26966094970703, 59.29838943481445, 55.83183670043945, 54.46685028076172, 51.200958251953125, 27.633930206298828, 27.772682189941406, 28.73322868347168, 32.461124420166016, 31.771411895751953], "11": [31.013870239257812, 32.82185363769531, 30.15558433532715, 30.41800308227539, 31.567440032958984, 31.43416976928711, 26.100900650024414, 27.702463150024414, 54.74988555908203, 60.69462203979492, 61.60454177856445, 64.02235412597656, 63.27592086791992, 66.08558654785156, 64.97588348388672, 61.418697357177734, 62.78755187988281, 57.27799606323242, 56.42230224609375, 27.34317398071289, 27.204618453979492, 31.775739669799805, 33.14606475830078, 31.71930503845215], "12": [31.07017707824707, 33.974124908447266, 32.8615837097168, 32.99601364135742, 30.088552474975586, 31.594411849975586, 27.054044723510742, 29.469818115234375, 50.601844787597656, 57.38605880737305, 60.96171951293945, 67.46808624267578, 69.5367202758789, 67.09304809570312, 65.30873107910156, 65.06243133544922, 61.76873016357422, 57.326663970947266, 55.18769836425781, 29.468759536743164, 31.43354606628418, 31.33875274658203, 32.27769470214844, 30.630046844482422], "13": [32.4058952331543, 31.841798782348633, 33.25871276855469, 32.08639907836914, 32.293941497802734, 33.013458251953125, 29.786136627197266, 29.117544174194336, 50.92524719238281, 55.68918228149414, 57.82081985473633, 60.48466491699219, 58.34733200073242, 57.85297775268555, 57.68684387207031, 57.32585906982422, 55.99791717529297, 51.83824157714844, 48.06398391723633, 30.664066314697266, 30.93129539489746, 32.577484130859375, 32.91434860229492, 34.49631118774414], "14": [33.103668212890625, 32.43885040283203, 29.828346252441406, 32.47211456298828, 30.55353546142578, 31.396940231323242, 26.315147399902344, 28.24846076965332, 48.3968620300293, 52.48794174194336, 54.28339385986328, 53.59526824951172, 55.97254943847656, 54.73213577270508, 53.407249450683594, 53.595115661621094, 52.22391128540039, 47.128231048583984, 46.49332809448242, 28.742307662963867, 28.172115325927734, 30.793453216552734, 30.637256622314453, 31.82439422607422], "15": [29.1817626953125, 31.66608428955078, 30.55780601501465, 32.152584075927734, 30.755704879760742, 30.902881622314453, 28.5430850982666, 25.02191162109375, 26.809072494506836, 28.05278205871582, 46.8004150390625, 46.02214050292969, 43.658103942871094, 47.003787994384766, 43.82567596435547, 44.08883285522461, 43.700870513916016, 45.75914001464844, 27.576461791992188, 28.047548294067383, 26.304006576538086, 31.588266372680664, 30.76360321044922, 29.674224853515625], "16": [30.583616256713867, 30.972368240356445, 29.658828735351562, 30.74357032775879, 31.122020721435547, 30.28844451904297, 27.25189971923828, 26.57248878479004, 27.805700302124023, 27.042816162109375, 27.27134132385254, 27.661590576171875, 28.4086856842041, 27.79412078857422, 26.227828979492188, 27.321176528930664, 26.816150665283203, 28.638355255126953, 27.76920509338379, 27.865680694580078, 26.697420120239258, 29.77349090576172, 31.37180519104004, 31.41541290283203],