{"2019": {"6": {"1": [517.9130249023438, 488.118896484375, 510.4146728515625, 502.65545654296875, 491.7718505859375, 459.9297180175781, 462.7713317871094, 463.08343505859375, 579.2888793945312, 639.6242065429688, 661.2523193359375, 687.4419555664062, 706.037109375, 708.6254272460938, 700.3014526367188, 704.5648803710938, 728.336181640625, 707.8840942382812, 700.4190063476562, 631.8519287109375, 652.1107177734375, 574.3597412109375, 549.130615234375, 557.5949096679688], "2": [524.8025512695312, 504.0312194824219, 488.1957702636719, 454.6572265625, 460.9197082519531, 465.2701110839844, 468.5756530761719, 466.19927978515625, 524.7762451171875, 597.2211303710938, 592.6175537109375, 597.6714477539062, 628.0050659179688, 644.7948608398438, 661.1669921875, 651.5658569335938, 653.0025024414062, 666.9901123046875, 649.2247314453125, 630.654296875, 618.2268676757812, 595.9725952148438, 581.1915283203125, 555.9716186523438], "3": [535.5325317382812, 540.92041015625, 478.10076904296875, 459.3003845214844, 462.33477783203125, 476.22412109375, 525.1216430664062, 567.9755859375, 646.8075561523438, 717.3175659179688, 885.7861938476562, 849.533447265625, 841.3143920898438, 829.51123046875, 790.3318481445312, 860.3988647460938, 845.090576171875, 826.6174926757812, 745.3746337890625, 688.9938354492188, 678.8802490234375, 653.0846557617188, 620.164306640625, 508.1737365722656], "4": [490.1744384765625, 485.6015930175781, 481.46087646484375, 481.13726806640625, 470.30828857421875, 475.04425048828125, 533.2388916015625, 579.0560913085938, 671.3909912109375, 720.1845703125, 775.14453125, 791.2614135742188, 812.1181640625, 836.3591918945312, 832.8989868164062, 871.2258911132812, 819.6910400390625, 790.6265869140625, 745.3568115234375, 690.1690673828125, 680.0049438476562, 610.108154296875, 597.15234375, 556.912353515625], "5": [492.8688659667969, 475.5186462402344, 506.23724365234375, 521.6412353515625, 518.29296875, 480.9393005371094, 553.2742309570312, 548.4606323242188, 720.0458374023438, 713.1638793945312, 766.5963745117188, 757.912841796875, 765.166015625, 792.10595703125, 828.6283569335938, 794.1644287109375, 735.7412719726562, 710.3654174804688, 674.7864379882812, 633.9447021484375, 618.9441528320312, 600.4984130859375, 566.1951904296875, 505.6559753417969], "6": [463.70892333984375, 465.0792236328125, 460.1751403808594, 453.72576904296875, 456.6868896484375, 460.5457763671875, 530.5999755859375, 544.1519165039062, 690.3657836914062, 727.3271484375, 743.9382934570312, 741.998291015625, 762.4580688476562, 817.564697265625, 832.745361328125, 828.5906982421875, 794.5800170898438, 756.7687377929688, 728.1754150390625, 657.573486328125, 594.5364379882812, 593.9961547851562, 590.6788940429688, 507.5408020019531], "7": [469.51361083984375, 465.3262634277344, 458.9097595214844, 459.5950622558594, 462.8706359863281, 464.18707275390625, 528.5003051757812, 570.0322265625, 680.1061401367188, 705.5371704101562, 745.795166015625, 781.0321655273438, 795.5220947265625, 813.0300903320312, 783.2500610351562, 747.7887573242188, 736.9592895507812, 721.9478759765625, 686.4334716796875, 629.5878295898438, 583.3035888671875, 575.4247436523438, 577.975341796875, 496.2396545410156], "8": [468.9859619140625, 468.9983215332031, 454.9422912597656, 464.3697509765625, 465.00408935546875, 475.3563537597656, 471.5755310058594, 470.7107238769531, 541.849609375, 543.8110961914062, 577.0499877929688, 635.1542358398438, 619.674560546875, 609.06103515625, 669.1536254882812, 671.9127197265625, 659.5946044921875, 667.2354736328125, 652.33154296875, 610.782958984375, 591.2913208007812, 546.488037109375, 506.9841613769531, 530.9428100585938], "9": [455.4949645996094, 457.9130554199219, 476.80450439453125, 481.406494140625, 481.4288330078125, 471.5670471191406, 459.21063232421875, 465.03472900390625, 500.1066589355469, 535.7866821289062, 534.8035888671875, 533.0133666992188, 588.7777099609375, 578.7860717773438, 571.2039794921875, 584.3367919921875, 590.3255615234375, 602.291015625, 602.3958129882812, 568.0208740234375, 555.9176025390625, 525.96875, 554.0174560546875, 482.75341796875], "10": [520.16943359375, 474.5074768066406, 491.65606689453125, 484.2944641113281, 478.4972229003906, 489.7278747558594, 534.854736328125, 626.854248046875, 772.5671997070312, 704.9031982421875, 769.6411743164062, 801.9652709960938, 810.2633056640625, 817.76416015625, 844.4811401367188, 871.8069458007812, 812.0857543945312, 798.7249755859375, 763.3316040039062, 726.6348876953125, 711.576171875, 678.1260375976562, 675.0547485351562, 601.7327270507812], "11": [544.6731567382812, 531.8469848632812, 555.585205078125, 552.1521606445312, 528.7421875, 514.26025390625, 581.8496704101562, 650.094970703125, 810.6103515625, 808.96826171875, 829.0504760742188, 841.40771484375, 851.4036254882812, 870.7791748046875, 887.2611083984375, 896.0648193359375, 926.8049926757812, 884.4449462890625, 842.0926513671875, 787.96630859375, 764.7288818359375, 741.2686767578125, 721.662109375, 660.3440551757812], "12": [570.2284545898438, 592.942138671875, 603.7589111328125, 551.4676513671875, 597.4773559570312, 564.5280151367188, 610.35400390625, 670.3365478515625, 732.5159301757812, 837.6180419921875, 952.1024169921875, 937.8422241210938, 946.76806640625, 949.423095703125, 930.5870361328125, 939.1341552734375, 912.7196044921875, 880.1508178710938, 829.017822265625, 787.6531372070312, 751.778076171875, 757.6300048828125, 745.2141723632812, 677.1783447265625], "13": [630.559814453125, 606.0034790039062, 609.4774169921875, 600.380615234375, 593.23046875, 610.8196411132812, 606.3342895507812, 643.37841796875, 738.4150390625, 772.3961791992188, 847.2907104492188, 942.9434814453125, 923.5911865234375, 950.72802734375, 943.1240844726562, 919.53173828125, 900.7130737304688, 895.9404296875, 886.962646484375, 785.3965454101562, 754.811279296875, 731.701416015625, 689.7938232421875, 585.4502563476562], "14": [515.099853515625, 525.7085571289062, 481.35284423828125, 512.182373046875, 510.6953430175781, 486.7175598144531, 540.45556640625, 579.473388671875, 668.0097045898438, 727.126953125, 764.6648559570312, 845.4010009765625, 823.7230834960938, 819.4302368164062, 874.848876953125, 847.6138305664062, 834.2142944335938, 819.8436279296875, 795.9202880859375, 683.2583618164062, 672.3870849609375, 630.8111572265625, 594.708984375, 503.406005859375], "15": [521.1838989257812, 472.852783203125, 469.8653259277344, 489.29559326171875, 465.5443115234375, 465.5096130371094, 472.7518005371094, 468.25384521484375, 523.8787841796875, 513.554443359375, 593.1527709960938, 627.6520385742188, 667.9854736328125, 683.5150756835938, 666.1668090820312, 713.5908203125, 689.4877319335938, 689.8673095703125, 666.9892578125, 704.7210693359375, 668.0284423828125, 573.8869018554688, 583.2908935546875, 531.7110595703125], "16": [519.0086059570312, 513.8050537109375, 506.44781494140625, 468.0436096191406, 465.18121337890625, 464.66497802734375, 458.19085693359375, 462.2295837402344, 507.2557678222656, 554.2359008789062, 567.3561401367188, 580.65087890625, 605.8125610351562, 656.898681640625, 591.27099609375, 596.2210693359375, 609.8043212890625, 599.4337768554688, 649.50439453125, 629.6238403320312, 634.2755737304688, 624.0972900390625, 553.4019165039062, 530.2599487304688], "17": [531.4339599609375, 495.9558410644531, 506.67181396484375, 475.696533203125, 455.8224792480469, 455.10589599609375, 526.5281982421875, 569.5715942382812, 756.5740966796875, 784.3162231445312, 826.9694213867188, 858.3080444335938, 882.6156005859375, 897.4389038085938, 916.572998046875, 921.5236206054688, 882.4851684570312, 860.7222290039062, 821.592041015625, 785.5711059570312, 767.7161254882812, 689.0947265625, 713.5363159179688, 589.7605590820312],