{"2019": {"6": {"1": [345.2762451171875, 342.4993896484375, 353.0390319824219, 338.4600830078125, 346.148193359375, 341.2900390625, 344.2381286621094, 332.7384033203125, 359.05987548828125, 372.8017272949219, 385.2578125, 385.165283203125, 389.1727294921875, 424.7232971191406, 434.8309326171875, 431.4448547363281, 427.2729797363281, 420.0685119628906, 412.406982421875, 403.1298522949219, 386.8986511230469, 394.3954772949219, 394.1694030761719, 374.00177001953125], "2": [356.24688720703125, 353.7767333984375, 339.2165222167969, 348.1043395996094, 342.03912353515625, 341.3931884765625, 333.724609375, 332.788330078125, 354.0653381347656, 355.59503173828125, 361.1095886230469, 372.9067687988281, 398.5794677734375, 411.53033447265625, 435.3039855957031, 433.1339111328125, 433.3011474609375, 426.852294921875, 390.5718688964844, 433.6446533203125, 456.3839111328125, 434.2691345214844, 428.1628112792969, 405.0123596191406], "3": [392.2467041015625, 380.4173889160156, 388.4413146972656, 382.74749755859375, 355.87384033203125, 360.28509521484375, 364.2842712402344, 365.8808898925781, 386.4795227050781, 415.5757141113281, 432.68414306640625, 408.9048156738281, 432.8942565917969, 439.991943359375, 452.95556640625, 433.3481140136719, 399.9422302246094, 436.8903503417969, 434.7542419433594, 453.1463317871094, 445.1966247558594, 429.0266418457031, 432.8695373535156, 418.2764892578125], "4": [429.1028137207031, 430.49847412109375, 412.6336364746094, 420.5365905761719, 410.85675048828125, 391.9317321777344, 366.6219482421875, 402.7815246582031, 391.997802734375, 418.7507629394531, 437.02520751953125, 411.9100341796875, 445.6096496582031, 503.4757080078125, 429.12054443359375, 457.8891296386719, 419.1644592285156, 430.58172607421875, 470.2306823730469, 468.2401123046875, 445.1365051269531, 445.0682678222656, 441.46337890625, 447.3636169433594], "5": [445.9434509277344, 449.7688293457031, 439.018798828125, 427.3286437988281, 404.449951171875, 391.72271728515625, 401.4924011230469, 391.8852233886719, 443.17413330078125, 426.43572998046875, 481.33282470703125, 449.68450927734375, 469.6588439941406, 465.1485290527344, 437.5062561035156, 410.9148864746094, 407.8082580566406, 418.6980895996094, 409.70562744140625, 395.4836120605469, 401.95458984375, 379.939208984375, 436.8162536621094, 459.0189514160156], "6": [447.7550048828125, 403.6247863769531, 414.8858642578125, 389.5217590332031, 414.99871826171875, 395.2113342285156, 378.1620788574219, 392.9579772949219, 382.0879821777344, 449.44659423828125, 456.60980224609375, 458.98065185546875, 442.4614562988281, 443.07525634765625, 423.6208190917969, 471.21697998046875, 462.4313659667969, 493.9358825683594, 455.33734130859375, 443.0942687988281, 427.40130615234375, 447.056640625, 445.8681640625, 442.9332580566406], "7": [399.8978576660156, 420.12451171875, 406.5602111816406, 399.3952331542969, 380.9021911621094, 327.5193176269531, 355.1036071777344, 333.4456481933594, 392.9272155761719, 383.5090026855469, 399.6531982421875, 403.90924072265625, 423.5589599609375, 430.9981384277344, 418.6977844238281, 436.3686828613281, 465.7817687988281, 430.9258117675781, 443.38543701171875, 412.19573974609375, 404.5941467285156, 416.9964904785156, 404.53466796875, 388.3745422363281], "8": [402.90264892578125, 382.9615478515625, 377.5245361328125, 369.1465759277344, 365.0271911621094, 359.4073486328125, 344.5099792480469, 366.14215087890625, 390.8684997558594, 399.07818603515625, 385.0055847167969, 404.6505432128906, 384.99017333984375, 393.48480224609375, 402.96551513671875, 397.9425964355469, 404.5702819824219, 415.18707275390625, 435.77081298828125, 406.72161865234375, 392.91387939453125, 402.02056884765625, 419.687255859375, 390.3680419921875], "9": [397.2968444824219, 388.8338317871094, 371.967529296875, 382.9664001464844, 373.4587097167969, 379.1767578125, 320.9442138671875, 381.60552978515625, 384.22235107421875, 389.2918395996094, 392.3828125, 373.8116760253906, 382.98114013671875, 379.88909912109375, 404.76141357421875, 453.86920166015625, 444.4498291015625, 483.90704345703125, 421.7789611816406, 424.71514892578125, 355.8592834472656, 368.6565856933594, 389.59326171875, 380.9946594238281], "10": [371.52490234375, 366.3520812988281, 351.123046875, 372.40118408203125, 348.94775390625, 335.4416198730469, 362.0222473144531, 356.2080993652344, 377.0332946777344, 374.2751770019531, 387.2582702636719, 395.2446594238281, 390.9077453613281, 414.73431396484375, 413.61822509765625, 414.7035217285156, 423.6767578125, 413.8912353515625, 397.7440490722656, 381.70916748046875, 381.39556884765625, 370.5989990234375, 359.3001403808594, 360.9783630371094], "11": [339.621826171875, 335.7391357421875, 334.9546813964844, 338.7864990234375, 340.1890563964844, 340.6371154785156, 336.61004638671875, 327.22833251953125, 349.068603515625, 367.8166198730469, 397.18621826171875, 395.09478759765625, 425.1033020019531, 436.3901672363281, 423.6355285644531, 419.9533996582031, 424.7977294921875, 422.6571960449219, 426.170654296875, 409.8453674316406, 392.2752685546875, 389.6539306640625, 406.2875061035156, 407.8246765136719], "12": [394.99285888671875, 363.842529296875, 364.77410888671875, 358.200927734375, 354.3023986816406, 353.4079284667969, 345.696044921875, 330.2727355957031, 346.4597473144531, 363.3699645996094, 430.1342468261719, 424.5483703613281, 420.1419677734375, 423.2190246582031, 440.6620178222656, 428.0003967285156, 428.49847412109375, 413.1213073730469, 408.4976501464844, 403.23162841796875, 382.9795227050781, 390.80914306640625, 383.7498474121094, 401.1634521484375], "13": [421.2207336425781, 406.91876220703125, 406.94805908203125, 395.97503662109375, 396.3609924316406, 382.9791564941406, 359.9450988769531, 326.5594787597656, 344.1175231933594, 364.856201171875, 388.59271240234375, 398.010009765625, 409.70953369140625, 407.6844482421875, 415.7812805175781, 412.17901611328125, 406.88946533203125, 405.05853271484375, 402.9124450683594, 399.793701171875, 395.49102783203125, 393.9689025878906, 401.42852783203125, 406.32122802734375], "14": [399.6220397949219, 361.5608215332031, 349.5179443359375, 350.8094177246094, 361.9179382324219, 367.93109130859375, 347.32489013671875, 358.4283752441406, 363.119140625, 367.7544860839844, 392.6919860839844, 387.5780334472656, 380.7195739746094, 405.9891662597656, 438.5567626953125, 422.3725891113281, 414.00054931640625, 420.5218811035156, 390.2458801269531, 401.8296203613281, 370.8991394042969, 371.4447326660156, 385.5954284667969, 354.0970458984375], "15": [357.252197265625, 364.410888671875, 360.10736083984375, 368.05169677734375, 356.5222473144531, 384.6168518066406, 352.9985656738281, 344.0484619140625, 372.1923828125, 360.4705810546875, 369.62158203125, 371.0531921386719, 380.1661071777344, 409.79693603515625, 407.30224609375, 421.6318664550781, 413.99981689453125, 411.7973937988281, 401.19915771484375, 386.3025207519531, 407.6551513671875, 396.97430419921875, 395.06097412109375, 399.9757080078125], "16": [364.63970947265625, 362.8878479003906, 365.0117492675781, 364.9981994628906, 358.302734375, 351.7000427246094, 342.8949279785156, 342.595458984375, 347.8305969238281, 355.30828857421875, 384.2879638671875, 392.8435974121094, 414.4129638671875, 436.8724060058594, 429.80181884765625, 419.5407409667969, 417.9273681640625, 402.9126281738281, 386.3493347167969, 382.7684631347656, 381.46771240234375, 376.72705078125, 408.92657470703125, 369.0628356933594], "17": [368.8487548828125, 361.5565185546875, 345.58245849609375, 342.7303466796875, 343.0048522949219, 334.7810974121094, 323.642578125, 96.20589447021484, 342.9317321777344, 370.1073303222656, 382.493408203125, 398.36578369140625, 424.42083740234375, 428.06512451171875, 418.4002990722656, 424.73004150390625, 410.5382385253906, 419.6543884277344, 405.2703857421875, 418.0743408203125, 395.15972900390625, 397.5115051269531, 401.4060974121094, 398.22406005859375],