{"2019": {"6": {"1": [49.57671356201172, 49.73415756225586, 49.387672424316406, 49.061378479003906, 47.485233306884766, 47.39134979248047, 43.756465911865234, 44.436954498291016, 45.51396560668945, 44.8254280090332, 47.22153091430664, 50.874759674072266, 51.04518127441406, 53.19219207763672, 48.48634719848633, 52.19062423706055, 49.398983001708984, 50.865997314453125, 47.97016525268555, 51.01114273071289, 47.349517822265625, 48.35023498535156, 47.198768615722656, 50.163246154785156], "2": [49.77482986450195, 50.28956604003906, 49.21227264404297, 47.92805480957031, 47.93030548095703, 46.983699798583984, 43.52654266357422, 43.82942581176758, 44.407196044921875, 43.577362060546875, 43.5972785949707, 44.114986419677734, 45.60350799560547, 43.781314849853516, 52.55241775512695, 61.7193489074707, 62.51395034790039, 62.132137298583984, 64.41417694091797, 57.13579177856445, 47.92693328857422, 51.740779876708984, 58.188785552978516, 50.187068939208984], "3": [67.79723358154297, 50.16166687011719, 49.069122314453125, 49.220069885253906, 48.439327239990234, 48.591407775878906, 43.44941711425781, 53.191402435302734, 56.91468048095703, 55.36981201171875, 60.22611999511719, 62.002235412597656, 63.39531707763672, 66.98271942138672, 65.5197982788086, 64.517822265625, 61.10652160644531, 52.582763671875, 46.73662185668945, 48.47126007080078, 51.58071517944336, 51.46059799194336, 87.08671569824219, 48.46017837524414], "4": [77.59185791015625, 49.97697448730469, 54.272560119628906, 69.60536193847656, 64.79338073730469, 64.36075592041016, 42.31105422973633, 44.122440338134766, 51.95700454711914, 56.09516906738281, 62.32868576049805, 68.4961929321289, 71.48970794677734, 84.52576446533203, 75.29556274414062, 73.4780502319336, 88.02049255371094, 78.10964965820312, 69.81745910644531, 69.27127075195312, 69.95848846435547, 75.4424057006836, 67.38795471191406, 58.04076385498047], "5": [57.53697967529297, 71.4697494506836, 81.4070053100586, 76.70492553710938, 52.00370788574219, 51.73513412475586, 49.71097946166992, 51.96221923828125, 58.04404067993164, 81.76837921142578, 92.93109893798828, 70.02366638183594, 79.0506591796875, 71.66719055175781, 68.83570098876953, 86.8684310913086, 87.8045883178711, 71.89854431152344, 68.50928497314453, 66.62024688720703, 73.01055908203125, 63.7180061340332, 72.98821258544922, 53.02180862426758], "6": [57.45579528808594, 50.48100280761719, 57.36919021606445, 60.92888641357422, 76.28684997558594, 53.614986419677734, 50.14424514770508, 76.69286346435547, 58.246944427490234, 89.25263214111328, 90.28080749511719, 93.43531799316406, 94.18334197998047, 91.05488586425781, 96.37472534179688, 93.83248901367188, 105.90403747558594, 93.85598754882812, 61.49028396606445, 66.87954711914062, 73.753662109375, 67.4837417602539, 55.59104919433594, 57.82312774658203], "7": [53.72665023803711, 56.70794677734375, 60.2833251953125, 55.44144058227539, 54.12819290161133, 54.56142807006836, 49.60136413574219, 55.76811981201172, 54.35029220581055, 62.98318099975586, 64.03923797607422, 70.35287475585938, 66.62115478515625, 65.46673583984375, 70.5945816040039, 82.53138732910156, 68.04804992675781, 69.28734588623047, 70.90471649169922, 70.46968078613281, 74.57930755615234, 74.7902603149414, 62.381893157958984, 54.598472595214844], "8": [53.334686279296875, 54.13747787475586, 53.16579818725586, 54.77875518798828, 58.61322784423828, 57.41291809082031, 49.53280258178711, 48.9535026550293, 49.37401580810547, 52.17530059814453, 54.07516860961914, 63.449520111083984, 65.4882583618164, 61.175968170166016, 61.2679328918457, 58.716644287109375, 65.9070816040039, 62.464378356933594, 57.91672134399414, 55.9884033203125, 58.54810333251953, 75.06025695800781, 63.86262893676758, 52.356346130371094], "9": [61.538326263427734, 55.07387161254883, 52.34321594238281, 54.89598846435547, 53.84423065185547, 53.8192138671875, 56.182743072509766, 54.20492172241211, 51.6612548828125, 49.53823471069336, 49.480796813964844, 51.6998291015625, 51.64653396606445, 48.629966735839844, 50.09421920776367, 52.48551940917969, 59.42735290527344, 54.387420654296875, 88.45457458496094, 69.63067626953125, 65.33211517333984, 64.89442443847656, 53.9642333984375, 65.52373504638672], "10": [48.47450256347656, 49.93293762207031, 49.51941680908203, 49.31277847290039, 54.327327728271484, 53.88206100463867, 44.87042236328125, 45.72062683105469, 47.242462158203125, 50.5339469909668, 57.13636016845703, 56.426513671875, 54.72351837158203, 61.56488800048828, 56.153724670410156, 56.5699462890625, 72.13567352294922, 64.82049560546875, 57.90324401855469, 51.06070327758789, 49.2650146484375, 53.046142578125, 58.44540023803711, 48.17451095581055], "11": [47.26180648803711, 44.22564697265625, 45.12413787841797, 44.583595275878906, 44.40430450439453, 43.76100540161133, 41.759002685546875, 41.72004318237305, 43.20820236206055, 46.793251037597656, 55.531578063964844, 56.299896240234375, 56.30225372314453, 55.35631561279297, 57.5844841003418, 74.31747436523438, 76.81293487548828, 69.94888305664062, 65.64153289794922, 66.3837661743164, 65.12379455566406, 63.82633590698242, 62.13823699951172, 44.224910736083984], "12": [43.158355712890625, 41.59090805053711, 42.50895690917969, 42.61671829223633, 43.27964401245117, 44.40179443359375, 42.491275787353516, 72.88693237304688, 61.35249710083008, 66.1654281616211, 73.51746368408203, 77.72041320800781, 81.85867309570312, 75.38082122802734, 74.13493347167969, 82.5713119506836, 84.26173400878906, 78.57598114013672, 81.37096405029297, 67.13988494873047, 67.38150787353516, 79.57099914550781, 76.51579284667969, 54.35872268676758], "13": [53.12123107910156, 51.929500579833984, 53.434608459472656, 54.39485168457031, 61.490013122558594, 61.634029388427734, 57.21138381958008, 56.366119384765625, 61.059268951416016, 60.33761215209961, 63.93424606323242, 71.96488189697266, 90.8111572265625, 82.24563598632812, 85.65467834472656, 79.21955871582031, 87.3934555053711, 67.54985809326172, 75.67381286621094, 70.03107452392578, 73.78980255126953, 79.83683776855469, 73.32982635498047, 59.1285400390625], "14": [56.73971176147461, 54.511146545410156, 51.42775344848633, 50.15999984741211, 47.34992599487305, 45.83930206298828, 40.14024353027344, 46.80015182495117, 45.416114807128906, 45.96477508544922, 50.27864074707031, 52.2565803527832, 53.46006774902344, 51.071109771728516, 51.524574279785156, 50.375823974609375, 71.61254119873047, 72.17610168457031, 81.67533874511719, 73.13327026367188, 67.62480163574219, 71.37715148925781, 75.21142578125, 56.11066818237305], "15": [46.7335319519043, 45.334590911865234, 44.614009857177734, 44.436397552490234, 43.11104202270508, 42.8990592956543, 38.74467086791992, 38.285736083984375, 41.686580657958984, 41.97910690307617, 45.03316879272461, 46.087772369384766, 49.02887725830078, 51.61504364013672, 52.419925689697266, 52.2888069152832, 68.32988739013672, 58.76016616821289, 58.746978759765625, 66.30670928955078, 63.061031341552734, 63.55036926269531, 62.78424072265625, 48.641422271728516], "16": [48.1463623046875, 47.163570404052734, 46.169639587402344, 45.06326675415039, 43.72999954223633, 43.566246032714844, 39.98310470581055, 37.21432113647461, 36.670230865478516, 37.02789306640625, 36.48750686645508, 36.35104751586914, 36.73280715942383, 38.015174865722656, 37.6800537109375, 48.88187789916992, 63.38507080078125, 56.480140686035156, 55.78805923461914, 58.68158721923828, 56.73369216918945, 61.866363525390625, 63.906742095947266, 48.22439956665039], "17": [48.703277587890625, 48.49561309814453, 47.64630889892578, 46.13050079345703, 45.66670227050781, 44.641746520996094, 40.74326705932617, 40.73897933959961, 41.56166076660156, 49.48894500732422, 52.2664680480957, 52.19479751586914, 46.40897750854492, 67.20160675048828, 70.40624237060547, 70.10552215576172, 77.3203125, 75.78992462158203, 71.19638061523438, 73.019775390625, 74.87447357177734, 77.55894470214844, 66.98678588867188, 50.439598083496094],