{"2019": {"6": {"1": [91.54654693603516, 91.30221557617188, 80.4970932006836, 82.59719848632812, 81.09829711914062, 81.93714141845703, 77.08039855957031, 89.36175537109375, 97.24217987060547, 106.28275299072266, 195.7954559326172, 195.74122619628906, 153.0302276611328, 206.8466796875, 206.4036102294922, 202.90838623046875, 128.93133544921875, 137.38143920898438, 119.33506774902344, 81.343505859375, 80.7315444946289, 85.66703033447266, 86.30370330810547, 86.84976196289062], "2": [82.98260498046875, 85.76013946533203, 84.00968170166016, 85.26465606689453, 85.35929870605469, 84.5361557006836, 80.69744873046875, 91.97874450683594, 167.85333251953125, 103.17816925048828, 120.86416625976562, 195.90679931640625, 160.64256286621094, 178.01309204101562, 218.1234588623047, 212.6258087158203, 213.20553588867188, 208.2822265625, 185.95114135742188, 89.76508331298828, 86.95589447021484, 92.06564331054688, 89.7936019897461, 91.86097717285156], "3": [89.15812683105469, 88.00521850585938, 88.3478012084961, 88.87642669677734, 91.64151000976562, 91.52046966552734, 86.71571350097656, 111.24271392822266, 153.46221923828125, 238.8739471435547, 227.34573364257812, 180.99974060058594, 184.39944458007812, 220.426513671875, 202.57862854003906, 228.50537109375, 208.86087036132812, 239.26727294921875, 162.3950653076172, 203.80511474609375, 131.88540649414062, 133.65548706054688, 114.46278381347656, 110.13760375976562], "4": [101.80269622802734, 97.4786605834961, 83.97846984863281, 84.12431335449219, 84.39175415039062, 84.02267456054688, 79.35601043701172, 106.42125701904297, 156.16990661621094, 174.01600646972656, 171.79412841796875, 180.95130920410156, 183.36776733398438, 199.51611328125, 180.19482421875, 224.741455078125, 241.3211669921875, 195.22300720214844, 194.56283569335938, 144.40040588378906, 200.9881134033203, 196.80238342285156, 111.03929138183594, 107.28485870361328], "5": [95.43372344970703, 94.61183166503906, 83.39800262451172, 83.71307373046875, 84.71633911132812, 83.30618286132812, 79.80416107177734, 94.6114273071289, 150.43841552734375, 180.11981201171875, 186.95664978027344, 186.58131408691406, 187.02999877929688, 189.51097106933594, 183.4063720703125, 187.70260620117188, 182.21255493164062, 169.10293579101562, 155.4149169921875, 134.6287078857422, 121.11082458496094, 126.1388168334961, 112.6473159790039, 109.59425354003906], "6": [100.17790985107422, 96.3317642211914, 87.63594055175781, 84.43144989013672, 85.88077545166016, 84.01055908203125, 81.25480651855469, 92.0772933959961, 147.90342712402344, 168.02908325195312, 172.52340698242188, 183.93927001953125, 174.2987518310547, 170.1035614013672, 172.41506958007812, 172.7829132080078, 170.44403076171875, 159.38258361816406, 147.62326049804688, 138.37265014648438, 121.47675323486328, 131.01585388183594, 114.30126953125, 107.69692993164062], "7": [98.66571044921875, 96.81358337402344, 85.84227752685547, 84.0902328491211, 85.83984375, 85.23372650146484, 79.77700805664062, 85.54784393310547, 149.85897827148438, 171.0036163330078, 176.46585083007812, 180.82240295410156, 181.69619750976562, 162.98597717285156, 165.66458129882812, 170.4940948486328, 226.2719268798828, 179.65574645996094, 150.37432861328125, 130.73477172851562, 106.13545227050781, 112.5910415649414, 100.42707824707031, 99.51667022705078], "8": [99.27745056152344, 93.97178649902344, 84.70629119873047, 84.21275329589844, 83.99707794189453, 84.23123168945312, 78.91136169433594, 80.9051742553711, 82.28996276855469, 98.0242691040039, 112.31527709960938, 109.31865692138672, 111.88373565673828, 107.67980194091797, 107.45734405517578, 107.10757446289062, 108.74124908447266, 106.39591979980469, 91.20642852783203, 79.5943832397461, 78.61983489990234, 85.75424194335938, 83.50716400146484, 82.27972412109375], "9": [84.4178466796875, 84.53776550292969, 86.0167007446289, 85.89274597167969, 84.99768829345703, 85.66858673095703, 79.96295928955078, 79.88802337646484, 75.17324829101562, 79.26206970214844, 87.50041961669922, 88.93151092529297, 108.2637710571289, 108.03473663330078, 106.07386016845703, 106.59003448486328, 107.02088165283203, 101.8844985961914, 88.37494659423828, 79.82191467285156, 78.35595703125, 83.93643951416016, 83.31672668457031, 82.02108001708984], "10": [82.91493225097656, 82.49691009521484, 84.55179595947266, 82.98265838623047, 83.50684356689453, 82.62350463867188, 75.88156127929688, 90.87918090820312, 138.20193481445312, 168.28831481933594, 240.2209930419922, 174.93760681152344, 177.13404846191406, 175.0491485595703, 226.92127990722656, 191.10989379882812, 177.44580078125, 170.76206970214844, 214.3375701904297, 217.04335021972656, 163.72286987304688, 133.51097106933594, 109.67949676513672, 104.78095245361328], "11": [93.36344909667969, 89.76608276367188, 81.24796295166016, 81.9298324584961, 83.10147857666016, 81.20999908447266, 78.56326293945312, 85.17797088623047, 178.9623565673828, 177.10650634765625, 200.78526306152344, 179.97433471679688, 186.77220153808594, 191.15994262695312, 253.79165649414062, 203.0171356201172, 259.388671875, 251.42340087890625, 237.8885040283203, 220.54327392578125, 207.76084899902344, 184.68191528320312, 109.98973846435547, 106.20362854003906], "12": [102.64027404785156, 94.17413330078125, 83.60082244873047, 83.13433074951172, 83.39291381835938, 81.81153869628906, 75.71619415283203, 87.38862609863281, 173.8048095703125, 192.6374969482422, 251.67108154296875, 256.4330139160156, 263.3504638671875, 266.479736328125, 268.595947265625, 275.064208984375, 266.52880859375, 258.2430419921875, 248.40281677246094, 224.73727416992188, 129.11715698242188, 127.92659759521484, 105.40428161621094, 101.34805297851562], "13": [94.76097869873047, 93.83153533935547, 84.8561782836914, 84.90031433105469, 85.11742401123047, 85.03277587890625, 77.57420349121094, 86.97477722167969, 168.6811065673828, 243.10311889648438, 254.49342346191406, 258.8847961425781, 264.2583312988281, 265.89764404296875, 268.62445068359375, 263.5204772949219, 261.7692565917969, 247.30429077148438, 243.9033966064453, 220.01512145996094, 195.55442810058594, 135.7679901123047, 112.11183166503906, 108.33473205566406], "14": [95.70654296875, 91.08341979980469, 81.48936462402344, 85.40686798095703, 86.71424102783203, 85.37882232666016, 79.3203353881836, 89.51734161376953, 139.49127197265625, 164.55819702148438, 169.37860107421875, 266.8305969238281, 179.50347900390625, 225.34573364257812, 238.43177795410156, 177.3050994873047, 241.90509033203125, 178.96022033691406, 161.77947998046875, 128.49940490722656, 102.52893829345703, 102.40060424804688, 97.76139831542969, 98.01953125], "15": [94.38079833984375, 84.4735336303711, 84.34608459472656, 83.46646881103516, 84.56951141357422, 87.06424713134766, 81.65010070800781, 81.44869995117188, 82.37041473388672, 91.19384765625, 99.76333618164062, 105.60379028320312, 106.64189910888672, 106.34693908691406, 109.4526138305664, 109.09829711914062, 109.6018295288086, 106.15618133544922, 93.03691864013672, 79.87665557861328, 78.98287963867188, 83.97504425048828, 85.05213165283203, 84.19915771484375], "16": [84.24607849121094, 82.75607299804688, 85.42620849609375, 86.87117004394531, 85.19266510009766, 85.16178131103516, 80.58051300048828, 82.61437225341797, 78.0047836303711, 76.6597900390625, 81.45877838134766, 98.17937469482422, 109.77757263183594, 108.96491241455078, 108.97411346435547, 110.35637664794922, 109.52339172363281, 105.5091552734375, 84.07042694091797, 79.8924560546875, 80.78020477294922, 83.15800476074219, 86.02445983886719, 83.7257308959961], "17": [84.09058380126953, 84.0989990234375, 84.39860534667969, 85.67945098876953, 84.62256622314453, 84.17446899414062, 81.60315704345703, 88.69945526123047, 214.63636779785156, 198.5894317626953, 231.15304565429688, 252.43597412109375, 253.14215087890625, 262.37200927734375, 268.8500061035156, 270.5552978515625, 258.8132019042969, 246.35891723632812, 234.51095581054688, 222.6819305419922, 200.19371032714844, 197.34591674804688, 112.2695541381836, 103.71952819824219],