{"2019": {"6": {"1": [385.9371643066406, 361.8726806640625, 333.7110290527344, 344.6352844238281, 359.4250793457031, 356.0472717285156, 375.4908447265625, 439.4873046875, 495.4092102050781, 472.5559387207031, 465.4382019042969, 480.34332275390625, 448.41864013671875, 488.7706298828125, 487.456298828125, 464.9239501953125, 475.7984619140625, 481.0226135253906, 487.4806823730469, 466.4447021484375, 447.8448486328125, 421.7663879394531, 449.7419738769531, 436.0517272949219], "2": [393.5980529785156, 372.6767272949219, 352.6677551269531, 350.3424987792969, 349.6492614746094, 349.43316650390625, 391.8293151855469, 455.1004943847656, 491.8124084472656, 525.4918212890625, 462.8404541015625, 503.4636535644531, 502.9611511230469, 503.9710693359375, 502.28082275390625, 489.4845886230469, 489.33966064453125, 490.2625732421875, 503.1102294921875, 476.0411071777344, 488.0997619628906, 481.6781005859375, 452.7181701660156, 465.423095703125], "3": [416.2862854003906, 371.0892333984375, 373.9533996582031, 367.1809387207031, 360.7781982421875, 363.69158935546875, 434.1746520996094, 476.2354736328125, 542.947998046875, 518.4263305664062, 543.2542114257812, 541.4983520507812, 556.815185546875, 518.286865234375, 517.001708984375, 518.9002685546875, 498.1736145019531, 493.3540344238281, 482.3226623535156, 447.32855224609375, 456.5154113769531, 435.3348388671875, 449.3641357421875, 450.3827209472656], "4": [401.8507995605469, 386.4314880371094, 364.53106689453125, 367.6895751953125, 368.4848327636719, 358.2596435546875, 392.6649169921875, 469.1156921386719, 542.3208618164062, 571.5877075195312, 537.6828002929688, 544.7485961914062, 516.1183471679688, 512.2158203125, 533.6590576171875, 515.4698486328125, 520.0694580078125, 517.5887451171875, 480.92901611328125, 469.26287841796875, 480.2487487792969, 476.7170104980469, 466.7647705078125, 474.8927001953125], "5": [403.1365966796875, 374.75689697265625, 381.8177795410156, 356.20257568359375, 378.05242919921875, 352.8911437988281, 414.64471435546875, 485.2905578613281, 538.3399047851562, 547.781005859375, 479.5011901855469, 498.16107177734375, 503.04718017578125, 481.0412902832031, 492.3695068359375, 494.02496337890625, 518.6765747070312, 474.6214904785156, 481.88006591796875, 454.5490417480469, 454.6905517578125, 453.05889892578125, 442.26177978515625, 456.8127136230469], "6": [420.27740478515625, 400.8313293457031, 382.1292724609375, 401.3621520996094, 388.2132263183594, 394.01666259765625, 435.032958984375, 464.8350830078125, 539.98046875, 569.2319946289062, 503.6204528808594, 535.0250244140625, 499.4377136230469, 496.8618469238281, 483.8540344238281, 480.19842529296875, 503.1189880371094, 470.8749084472656, 457.78424072265625, 431.9063415527344, 432.47393798828125, 426.3427734375, 435.4422912597656, 443.3233947753906], "7": [428.6054382324219, 396.53546142578125, 373.3700256347656, 384.1249084472656, 373.2038879394531, 393.93280029296875, 396.55975341796875, 489.306640625, 530.5606079101562, 598.158447265625, 566.63427734375, 525.1879272460938, 500.3482360839844, 487.42742919921875, 505.4452819824219, 499.2831726074219, 491.8974609375, 493.6182556152344, 483.0001525878906, 453.4555358886719, 458.6946105957031, 457.5487365722656, 443.51483154296875, 438.4434814453125], "8": [436.661376953125, 402.49920654296875, 401.6625671386719, 407.7391357421875, 407.3106384277344, 409.7001953125, 409.3212585449219, 455.7751770019531, 419.4737548828125, 452.5261535644531, 447.2752380371094, 434.0331115722656, 440.48529052734375, 436.4180603027344, 448.59521484375, 459.57891845703125, 459.98321533203125, 469.3873291015625, 468.42572021484375, 462.06121826171875, 452.9074401855469, 427.5635986328125, 435.99163818359375, 423.12982177734375], "9": [423.11492919921875, 397.40753173828125, 410.907470703125, 394.51605224609375, 396.4788513183594, 403.14013671875, 411.5375671386719, 443.5144348144531, 451.9123229980469, 455.5003967285156, 443.99945068359375, 461.4619140625, 452.7843322753906, 463.5254211425781, 482.946533203125, 479.05450439453125, 463.2333984375, 446.57635498046875, 439.79034423828125, 444.49755859375, 438.3904113769531, 414.9529113769531, 428.8105163574219, 412.41265869140625], "10": [405.7444763183594, 379.7300109863281, 383.41497802734375, 380.29254150390625, 381.2170715332031, 382.3768005371094, 385.86669921875, 402.5250549316406, 476.75323486328125, 496.68048095703125, 511.906982421875, 518.53857421875, 531.3589477539062, 500.9059753417969, 521.0899047851562, 503.779296875, 514.9730224609375, 487.70758056640625, 474.7727355957031, 470.5417785644531, 452.5093688964844, 378.3164367675781, 371.0466003417969, 359.1850891113281], "11": [365.2648010253906, 334.3920593261719, 323.88702392578125, 329.509033203125, 322.9039001464844, 327.3326110839844, 337.67974853515625, 367.3086853027344, 408.3713684082031, 457.1885986328125, 464.7157897949219, 489.1385192871094, 480.4593200683594, 470.1792297363281, 479.1625671386719, 487.6782531738281, 474.7438049316406, 450.68658447265625, 445.9254455566406, 436.0891418457031, 440.83648681640625, 416.80120849609375, 384.92529296875, 398.0004577636719], "12": [382.04400634765625, 365.4409484863281, 343.74322509765625, 346.1776428222656, 336.7052917480469, 355.8258361816406, 344.8762512207031, 383.2605895996094, 436.9462585449219, 453.7084655761719, 482.7880554199219, 500.0211181640625, 523.8713989257812, 498.5823059082031, 513.7575073242188, 527.2753295898438, 523.6318359375, 522.61962890625, 498.1540832519531, 457.7188415527344, 445.1490173339844, 423.6822204589844, 409.746826171875, 397.65338134765625], "13": [386.73193359375, 357.7560729980469, 338.3427429199219, 332.6053466796875, 334.44879150390625, 333.9803771972656, 322.005126953125, 363.3249206542969, 412.8979797363281, 432.4643859863281, 428.0173645019531, 485.7354736328125, 485.417236328125, 471.8330993652344, 492.0238342285156, 499.56927490234375, 487.98431396484375, 483.6453857421875, 441.18572998046875, 433.19598388671875, 434.0537109375, 400.64947509765625, 367.0521240234375, 374.4430847167969], "14": [362.85333251953125, 331.36431884765625, 316.96624755859375, 324.6423645019531, 325.3141784667969, 331.1387634277344, 340.1240234375, 356.8356018066406, 394.62884521484375, 405.00091552734375, 440.7198486328125, 501.8647155761719, 483.84307861328125, 468.85260009765625, 493.2842102050781, 481.88018798828125, 498.71240234375, 476.16912841796875, 449.9254455566406, 435.6492614746094, 416.0028381347656, 374.2325439453125, 374.51251220703125, 366.51568603515625], "15": [348.24853515625, 324.0829162597656, 315.0359802246094, 333.5849609375, 319.0871276855469, 320.898681640625, 349.42279052734375, 350.229736328125, 361.9051513671875, 372.0958251953125, 368.458984375, 377.6558532714844, 370.5738525390625, 374.0255432128906, 407.3346862792969, 388.2926025390625, 399.5683288574219, 401.95458984375, 408.9898376464844, 411.8306579589844, 407.5608825683594, 395.47381591796875, 366.8927917480469, 376.2208557128906], "16": [353.4176025390625, 324.2110290527344, 318.1794738769531, 319.1794128417969, 331.96441650390625, 324.19659423828125, 326.5355529785156, 377.2166442871094, 394.38916015625, 417.22918701171875, 395.6002502441406, 415.368896484375, 415.20556640625, 431.5854797363281, 422.48736572265625, 420.6540222167969, 430.26153564453125, 428.6100769042969, 428.7104797363281, 421.6868896484375, 428.3744201660156, 386.3323974609375, 373.97076416015625, 375.5256042480469], "17": [362.33514404296875, 314.5773620605469, 335.49322509765625, 326.5098571777344, 320.86712646484375, 329.24566650390625, 372.2669677734375, 415.0374450683594, 458.5272216796875, 449.59014892578125, 501.5404968261719, 534.305908203125, 503.7982177734375, 534.6370849609375, 538.7561645507812, 503.8175354003906, 503.2494812011719, 502.9535827636719, 464.3669738769531, 452.8225402832031, 447.0312805175781, 436.67340087890625, 392.8119201660156, 380.9084777832031],