{"2019": {"6": {"1": [33.80831527709961, 33.882633209228516, 34.94596862792969, 34.43971252441406, 34.87030029296875, 35.76976013183594, 23.31597900390625, 22.518878936767578, 35.621952056884766, 46.89012145996094, 48.57258987426758, 49.1246452331543, 49.2795524597168, 43.52008819580078, 43.36173629760742, 41.359039306640625, 40.61992263793945, 40.40897750854492, 40.759700775146484, 40.79905700683594, 28.70266342163086, 40.02755355834961, 41.02126693725586, 40.70616149902344], "2": [33.76380920410156, 33.817684173583984, 33.84287643432617, 34.043739318847656, 33.85048294067383, 34.75070571899414, 22.34308624267578, 21.91683578491211, 34.91465377807617, 37.820430755615234, 39.49041748046875, 42.6394157409668, 42.78073501586914, 42.47067642211914, 43.36006546020508, 44.329139709472656, 45.93885040283203, 45.552146911621094, 41.987998962402344, 41.87651062011719, 28.636581420898438, 44.48273468017578, 42.3626708984375, 42.09572219848633], "3": [35.76402282714844, 38.37681579589844, 38.10811233520508, 37.93399429321289, 38.40555953979492, 38.59553909301758, 27.82886505126953, 27.015260696411133, 48.343902587890625, 50.174232482910156, 55.29481506347656, 54.8759765625, 56.24538803100586, 60.27787780761719, 59.91643142700195, 59.97951889038086, 59.60447311401367, 52.25212860107422, 49.55233383178711, 48.236045837402344, 35.66019821166992, 48.57667541503906, 51.64329528808594, 42.71369171142578], "4": [35.624542236328125, 34.92346954345703, 35.338111877441406, 35.32935333251953, 35.6124267578125, 35.502140045166016, 22.460922241210938, 22.631309509277344, 48.86595916748047, 54.99082946777344, 55.92203903198242, 55.625511169433594, 60.944576263427734, 61.237876892089844, 60.1822395324707, 74.01082611083984, 59.316158294677734, 58.03836441040039, 56.151119232177734, 53.053733825683594, 34.60721969604492, 39.60008239746094, 41.41143798828125, 42.51898193359375], "5": [36.085289001464844, 35.866737365722656, 36.6144905090332, 36.07216262817383, 36.81611633300781, 36.27971649169922, 23.741519927978516, 24.44436264038086, 48.071109771728516, 52.00997543334961, 60.82897186279297, 60.85832214355469, 61.82744216918945, 61.84791564941406, 60.30118179321289, 54.53673553466797, 54.81671905517578, 58.69243240356445, 57.252681732177734, 56.431488037109375, 41.78002166748047, 59.1259765625, 49.12834167480469, 43.63365936279297], "6": [37.724098205566406, 36.55378723144531, 36.5942497253418, 36.52495193481445, 36.65892791748047, 36.588043212890625, 24.135587692260742, 23.30025863647461, 45.43471908569336, 50.046852111816406, 51.5275993347168, 52.87752914428711, 53.60219955444336, 55.01530456542969, 54.49199676513672, 59.26659393310547, 58.54076385498047, 57.88496398925781, 53.82421112060547, 52.939239501953125, 41.36830139160156, 38.9246711730957, 41.30294418334961, 41.303401947021484], "7": [35.70473861694336, 34.7859992980957, 36.0455322265625, 35.089019775390625, 35.730159759521484, 35.41183090209961, 22.75636100769043, 22.348600387573242, 53.846038818359375, 55.226646423339844, 57.845680236816406, 60.30415725708008, 60.94095993041992, 59.66764450073242, 59.03108596801758, 60.20128631591797, 59.2449951171875, 57.05738830566406, 50.20988845825195, 43.578468322753906, 30.51454734802246, 37.81972122192383, 41.911224365234375, 42.54237365722656], "8": [35.80962371826172, 35.52497863769531, 36.27626419067383, 35.1851921081543, 35.6464958190918, 36.154151916503906, 22.83621597290039, 23.24979591369629, 35.90995407104492, 50.53255081176758, 49.7119140625, 49.63188934326172, 49.627994537353516, 42.17569351196289, 42.42417907714844, 40.16136169433594, 39.854591369628906, 39.416168212890625, 41.052268981933594, 39.071224212646484, 29.872262954711914, 37.996429443359375, 43.917999267578125, 42.321075439453125], "9": [35.485225677490234, 36.26991271972656, 36.44770050048828, 36.036293029785156, 35.99112319946289, 36.714019775390625, 23.306154251098633, 23.40732192993164, 36.29975128173828, 42.03647232055664, 49.14204788208008, 50.775081634521484, 49.07048797607422, 44.875667572021484, 43.82887268066406, 42.365867614746094, 40.50607681274414, 39.20149230957031, 40.10720443725586, 38.694610595703125, 28.826107025146484, 41.65096664428711, 41.53107452392578, 40.98642349243164], "10": [34.55409240722656, 34.096561431884766, 35.71904373168945, 35.01420974731445, 35.000614166259766, 35.81385040283203, 23.804492950439453, 23.23870849609375, 55.44573211669922, 54.27423095703125, 56.453216552734375, 56.70903778076172, 58.45331573486328, 58.878475189208984, 57.95756149291992, 58.556453704833984, 58.58903121948242, 55.857234954833984, 46.646453857421875, 46.045448303222656, 34.00551223754883, 44.865386962890625, 48.6508903503418, 41.188411712646484], "11": [35.477027893066406, 34.04053497314453, 34.218589782714844, 34.42684555053711, 34.53357696533203, 34.19977951049805, 23.01333999633789, 22.83467674255371, 49.75309753417969, 53.502479553222656, 52.66514205932617, 52.23093795776367, 53.726016998291016, 56.9702033996582, 58.1842041015625, 58.50971221923828, 56.37147903442383, 55.91515350341797, 50.02950668334961, 47.06462860107422, 34.90388488769531, 37.691158294677734, 43.80396270751953, 44.52569580078125], "12": [37.876914978027344, 37.00934982299805, 37.892948150634766, 37.48515701293945, 37.24479675292969, 36.69621658325195, 26.06253433227539, 25.874956130981445, 51.048885345458984, 57.303619384765625, 57.78772735595703, 56.918209075927734, 57.408206939697266, 57.20297622680664, 56.3734130859375, 55.10816955566406, 58.556610107421875, 57.412559509277344, 54.63381576538086, 59.59728240966797, 36.04099655151367, 43.2637939453125, 48.60647964477539, 41.10892105102539], "13": [34.21125411987305, 34.05384826660156, 34.27812576293945, 35.289085388183594, 34.86882019042969, 34.41541290283203, 23.222124099731445, 23.633377075195312, 48.56047058105469, 50.45646667480469, 52.335296630859375, 53.33487319946289, 53.52666091918945, 53.361480712890625, 51.77228546142578, 53.0421142578125, 56.237220764160156, 53.42951202392578, 53.18080139160156, 52.6072998046875, 34.926082611083984, 34.29913330078125, 40.92101287841797, 42.09230041503906], "14": [35.18654251098633, 35.566490173339844, 35.53583908081055, 35.204185485839844, 35.832794189453125, 35.49051284790039, 24.96410369873047, 25.006675720214844, 43.77228546142578, 46.3415641784668, 49.94145965576172, 56.775390625, 55.959373474121094, 56.78431701660156, 55.93487548828125, 60.546051025390625, 58.354801177978516, 57.347564697265625, 55.55073928833008, 54.11262893676758, 41.43177032470703, 33.51542282104492, 41.111488342285156, 41.650291442871094], "15": [34.6148796081543, 34.60865783691406, 34.651283264160156, 34.317413330078125, 35.505313873291016, 35.775630950927734, 25.0135555267334, 24.967973709106445, 36.93343734741211, 44.33949279785156, 43.34760284423828, 44.13581848144531, 42.30937957763672, 42.990718841552734, 42.38814163208008, 40.40549087524414, 40.49237060546875, 39.92327117919922, 46.19196319580078, 45.0465087890625, 34.31464385986328, 32.785953521728516, 40.67890167236328, 41.48524856567383], "16": [34.65654373168945, 33.768375396728516, 35.70610809326172, 35.03913497924805, 34.90001678466797, 34.516815185546875, 24.65275764465332, 24.784942626953125, 36.324398040771484, 41.443939208984375, 42.884708404541016, 43.302059173583984, 43.05994415283203, 41.08116912841797, 42.44866943359375, 40.37268829345703, 36.47154235839844, 37.89925003051758, 41.076393127441406, 39.6451530456543, 28.68459701538086, 37.68869400024414, 40.253318786621094, 40.9587516784668], "17": [34.42387008666992, 35.431461334228516, 34.401668548583984, 34.62785339355469, 35.83973693847656, 34.215965270996094, 23.877208709716797, 24.799022674560547, 58.32596206665039, 57.0485954284668, 60.63019561767578, 62.5557861328125, 62.7628173828125, 60.661468505859375, 59.696380615234375, 59.663238525390625, 59.56553649902344, 59.156982421875, 57.22190856933594, 53.978553771972656, 41.43095397949219, 50.202877044677734, 50.913692474365234, 41.17109680175781],