{"2019": {"6": {"19": [86.47692108154297, 86.3561782836914, 85.9482421875, 83.83958435058594, 79.79443359375, 78.14410400390625, 77.87374877929688, 78.10124969482422, 78.03137969970703, 78.70672607421875, 79.72520446777344], "20": [79.13141632080078, 78.57201385498047, 78.7554702758789, 78.5844497680664, 77.70941925048828, 77.60882568359375, 75.20520782470703, 75.42463684082031, 80.37448120117188, 86.3440933227539, 87.61900329589844, 86.03646850585938, 84.88526916503906, 84.69900512695312, 86.96456146240234, 85.58401489257812, 81.59213256835938, 79.33738708496094, 79.06491088867188, 79.1438217163086, 79.30687713623047, 78.6844711303711, 79.41507720947266, 80.05207824707031], "21": [79.9011459350586, 78.60468292236328, 78.27079772949219, 77.8224105834961, 77.46700286865234, 77.0303955078125, 75.27275085449219, 82.2078628540039, 86.33340454101562, 88.00069427490234, 87.62079620361328, 88.61079406738281, 88.52413940429688, 88.63738250732422, 88.67608642578125, 89.22187805175781, 85.6852798461914, 83.61549377441406, 82.48773956298828, 81.96975708007812, 81.23445892333984, 80.10475158691406, 80.54716491699219, 81.64093017578125], "22": [80.63883209228516, 80.41461944580078, 79.95478820800781, 80.45154571533203, 80.58367156982422, 80.36736297607422, 77.23957061767578, 76.46788024902344, 76.10169982910156, 76.80656433105469, 77.14563751220703, 78.49137115478516, 79.14961242675781, 79.48551940917969, 79.71676635742188, 79.97705841064453, 79.96956634521484, 80.66155242919922, 80.44789123535156, 80.43921661376953, 79.14015197753906, 78.63499450683594, 79.19837188720703, 80.0008544921875], "23": [79.17240905761719, 79.27220153808594, 78.71150970458984, 78.54497528076172, 77.40575408935547, 77.16088104248047, 75.2426528930664, 75.72933197021484, 76.64036560058594, 76.6173324584961, 77.13736724853516, 77.43351745605469, 77.38841247558594, 78.88922119140625, 79.33173370361328, 79.30244445800781, 79.0220718383789, 78.99253845214844, 78.12260437011719, 79.26432037353516, 77.87178039550781, 77.2125244140625, 77.57642364501953, 78.21710205078125], "24": [78.31704711914062, 78.66255187988281, 79.31303405761719, 79.1202163696289, 78.61201477050781, 78.29607391357422, 76.44110870361328, 80.8192367553711, 86.0213851928711, 87.62254333496094, 86.6905746459961, 85.56871795654297, 86.10037231445312, 85.62604522705078, 85.57402801513672, 85.8145523071289, 81.97342681884766, 80.2836685180664, 79.53421783447266, 77.99231719970703, 79.29717254638672, 77.34291076660156, 77.14506530761719, 78.35220336914062], "25": [77.65373229980469, 78.05772399902344, 78.91604614257812, 78.30400085449219, 78.28067016601562, 77.42092895507812, 74.67526245117188, 79.55999755859375, 86.60274505615234, 88.33662414550781, 86.8899917602539, 89.38075256347656, 87.64762115478516, 88.00387573242188, 90.14457702636719, 87.70877075195312, 85.69808959960938, 81.61906433105469, 80.82731628417969, 80.44322967529297, 80.21400451660156, 78.34622955322266, 79.43991088867188, 80.49971771240234], "26": [79.25439453125, 79.39437103271484, 80.04812622070312, 80.02098083496094, 79.94026184082031, 79.59903717041016, 76.19927978515625, 77.16338348388672, 84.17479705810547, 89.06681823730469, 90.17598724365234, 88.92544555664062, 88.18762969970703, 89.10285186767578, 89.5736083984375, 88.55810546875, 86.23664093017578, 83.31407165527344, 82.94078826904297, 82.09133911132812, 81.5718994140625, 79.93653869628906, 80.68385314941406, 81.05026245117188], "27": [81.281982421875, 80.61199188232422, 80.82247924804688, 80.67882537841797, 80.44947052001953, 79.06019592285156, 77.72396087646484, 80.38582611083984, 86.70606994628906, 87.50605773925781, 87.10894775390625, 87.2618637084961, 87.88174438476562, 87.69861602783203, 89.39662170410156, 92.85066986083984, 89.23558807373047, 83.97350311279297, 82.8899917602539, 82.35368347167969, 81.47612762451172, 80.7160415649414, 79.49620056152344, 80.8203353881836], "28": [80.71524810791016, 80.65064239501953, 80.36458587646484, 80.3410873413086, 80.14114379882812, 79.49317932128906, 76.78076171875, 82.46837615966797, 86.63836669921875, 89.79701232910156, 88.60183715820312, 88.56599426269531, 87.99236297607422, 87.24394989013672, 87.55256652832031, 86.09247589111328, 83.06861877441406, 81.29196166992188, 79.4883041381836, 79.53038787841797, 78.7010269165039, 78.50605010986328, 79.55524444580078, 80.7738265991211], "29": [79.75969696044922, 80.26484680175781, 80.04719543457031, 79.6513900756836, 79.77474975585938, 79.06067657470703, 76.97711944580078, 76.64920043945312, 77.92585754394531, 78.42891693115234, 78.78803253173828, 79.93338775634766, 79.78499603271484, 81.16871643066406, 81.41387939453125, 82.64949035644531, 82.27965545654297, 82.23870086669922, 82.17076873779297, 81.72722625732422, 81.50862121582031, 79.85780334472656, 80.66280364990234, 82.41380310058594], "30": [81.10027313232422, 80.42670440673828, 79.60663604736328, 79.23734283447266, 77.97486877441406, 78.0165023803711, 75.42890930175781, 75.86925506591797, 77.64875793457031, 79.28153991699219, 79.80802917480469, 80.21133422851562, 80.51997375488281, 81.19187927246094, 82.42117309570312, 83.28528594970703, 83.68870544433594, 83.89514923095703, 84.4206771850586, 85.0503921508789, 82.52571105957031, 80.78538513183594, 80.9921875, 82.3438949584961]}}}