{"2019": {"6": {"1": [1325.803726196289, 1360.9262084960938, 1325.3367614746094, 1338.2917785644531, 1338.5926361083984, 1329.7972259521484, 1349.9642486572266, 1291.390884399414, 1322.8253173828125, 1350.1673736572266, 1464.9146118164062, 1475.5577697753906, 1423.4171752929688, 1414.3960571289062, 1352.3450317382812, 1415.8929595947266, 1392.1327514648438, 1351.684814453125, 1348.4565887451172, 1339.0623474121094, 1360.6366729736328, 1389.06494140625, 1395.5166473388672, 1357.8893280029297], "2": [1340.569564819336, 1348.2488555908203, 1337.375473022461, 1350.4878692626953, 1330.9677276611328, 1339.8849029541016, 1371.8515319824219, 1297.5319366455078, 1374.2511749267578, 1308.4378662109375, 1407.2328643798828, 1401.4367218017578, 1387.6669616699219, 1379.2926330566406, 1367.6985473632812, 1377.2218322753906, 1342.4031982421875, 1366.369888305664, 1400.8187255859375, 1292.3935089111328, 1319.573013305664, 1358.9412689208984, 1368.4432983398438, 1370.109375], "3": [1361.9794311523438, 1395.2320709228516, 1329.4947357177734, 1336.0794372558594, 1315.4460754394531, 1366.370346069336, 1338.5852508544922, 1482.9073638916016, 1538.1259155273438, 1547.6438903808594, 1603.5225524902344, 1596.9686584472656, 1589.058334350586, 1569.2249603271484, 1604.9937438964844, 1578.462417602539, 1495.6342010498047, 1472.2919006347656, 1462.0757446289062, 1363.7949676513672, 1373.8363647460938, 1362.7406921386719, 1310.7306671142578, 1262.7608642578125], "4": [1227.3365478515625, 1256.0381469726562, 1224.2317657470703, 1216.2847137451172, 1219.1788635253906, 1217.3973999023438, 1236.8905181884766, 1372.906997680664, 1549.487075805664, 1601.250244140625, 1677.5186767578125, 1706.836166381836, 1596.3670654296875, 1588.6852111816406, 1568.959213256836, 1543.6643371582031, 1545.7925872802734, 1551.3260192871094, 1505.8603820800781, 1408.3085021972656, 1377.1975708007812, 1372.2169952392578, 1396.4147491455078, 1337.8536834716797], "5": [1337.6552734375, 1350.4258728027344, 1332.5208740234375, 1318.0788879394531, 1330.4644622802734, 1338.535385131836, 1340.5536346435547, 1431.9677124023438, 1458.4283142089844, 1648.2325897216797, 1653.4722747802734, 1609.1305236816406, 1648.1570434570312, 1605.2083587646484, 1643.4232940673828, 1652.7128295898438, 1584.5688018798828, 1564.942855834961, 1592.6320343017578, 1482.2443542480469, 1492.120361328125, 1427.41552734375, 1415.2144622802734, 1406.940689086914], "6": [1369.9066467285156, 1349.3260650634766, 1346.9795837402344, 1367.1976623535156, 1388.7903289794922, 1355.3213348388672, 1372.1569519042969, 1464.7980041503906, 1522.243667602539, 1617.2991943359375, 1617.3175048828125, 1627.9376525878906, 1634.8926849365234, 1608.2384490966797, 1658.2997283935547, 1643.1779174804688, 1657.9982147216797, 1616.9443817138672, 1567.7218322753906, 1473.6051025390625, 1441.7911071777344, 1414.3804473876953, 1398.4664916992188, 1444.419921875], "7": [1400.1532592773438, 1376.8648681640625, 1385.3106689453125, 1376.6192779541016, 1383.388671875, 1378.406478881836, 1396.0409088134766, 863.084545135498, 1523.2134704589844, 1547.5454711914062, 1636.3235931396484, 1616.5088806152344, 1621.4445037841797, 1583.1270446777344, 1617.9944152832031, 1621.8236846923828, 1615.3489532470703, 1600.5615692138672, 1569.6195831298828, 1476.3069458007812, 1469.0508270263672, 1425.4398651123047, 1415.3966979980469, 1478.61767578125], "8": [1398.044921875, 1403.8294067382812, 1395.897705078125, 1358.4418182373047, 1350.60498046875, 1359.386459350586, 1359.6614532470703, 1356.9149780273438, 1349.7433624267578, 1385.011962890625, 1464.653305053711, 1501.3709259033203, 1492.1063079833984, 1488.8635559082031, 1434.5460052490234, 1434.8858032226562, 1395.6072235107422, 1395.6032409667969, 1365.4555206298828, 1376.9715576171875, 1407.7798614501953, 1397.0197296142578, 1401.338134765625, 1387.1228942871094], "9": [1371.2650604248047, 1356.0386047363281, 1359.4614715576172, 1366.6022644042969, 1355.273208618164, 1364.5091247558594, 1352.3848266601562, 1380.8156433105469, 1348.1708374023438, 1360.4855499267578, 1446.2094421386719, 1484.898666381836, 1461.6675567626953, 1458.3573150634766, 1419.5481414794922, 1412.358413696289, 1425.2115783691406, 1367.5547485351562, 1207.8827362060547, 1435.1088409423828, 1730.7191314697266, 1446.1043701171875, 1420.582778930664, 1351.9221496582031], "10": [1251.1043243408203, 1426.3766174316406, 1435.5331420898438, 1385.9682312011719, 1374.1429901123047, 1363.4858703613281, 1377.5028991699219, 1463.4287567138672, 1525.5588836669922, 1575.671875, 1582.505874633789, 1663.3626251220703, 1699.0441284179688, 1645.8258209228516, 1680.0936431884766, 1746.6735229492188, 1703.7554473876953, 1691.6697540283203, 1652.406997680664, 1546.7422637939453, 1534.2213592529297, 1500.8381805419922, 1437.8917694091797, 1456.6516571044922], "11": [1400.838150024414, 1403.0738983154297, 1399.4776153564453, 1403.8757019042969, 1398.3424682617188, 1395.4674682617188, 1415.9782409667969, 1562.0032348632812, 1620.5522766113281, 1720.6741180419922, 1719.997299194336, 1724.3849487304688, 1689.1715698242188, 1653.312728881836, 1698.5546112060547, 1788.6046447753906, 1715.5671844482422, 1693.335952758789, 1685.854721069336, 1540.3860626220703, 1517.836654663086, 1539.4951629638672, 1533.556884765625, 1501.5304870605469], "12": [1438.6466674804688, 1449.2516784667969, 1475.117172241211, 1459.442642211914, 1387.4935302734375, 1400.0897521972656, 1409.778060913086, 1537.1365356445312, 1628.144302368164, 1688.881607055664, 1723.119155883789, 1753.6544799804688, 1797.0588073730469, 1728.48974609375, 1793.302734375, 1758.6180572509766, 1657.0941162109375, 1605.8001403808594, 1633.8547668457031, 1534.5917510986328, 1551.4712829589844, 1508.3839111328125, 1511.2504425048828, 1474.9880981445312], "13": [1417.210189819336, 1407.4572296142578, 1367.3092498779297, 1438.4526977539062, 1448.9712219238281, 1406.3372955322266, 1420.3409423828125, 1603.9492492675781, 1545.3705596923828, 1675.6666564941406, 1682.4015655517578, 1663.570541381836, 1682.2425231933594, 1699.585464477539, 1731.3194427490234, 1754.6222076416016, 1675.8641967773438, 1589.7198791503906, 1649.7515411376953, 1573.1624603271484, 1518.1116333007812, 1572.4237823486328, 1491.7232513427734, 1431.1546173095703], "14": [1446.8595733642578, 1382.9443969726562, 1392.5904846191406, 1403.1617736816406, 1412.5180053710938, 1414.7131805419922, 1393.434066772461, 1558.5878601074219, 1559.6465301513672, 1642.3104400634766, 1647.5518035888672, 1633.9844360351562, 1648.9412841796875, 1664.0482635498047, 1655.05029296875, 1625.1076965332031, 1604.962905883789, 1592.5994415283203, 1644.9118347167969, 1491.9152069091797, 1490.3844299316406, 1465.6797790527344, 1467.4542083740234, 1474.043960571289], "15": [1431.8820343017578, 1414.2515106201172, 1419.5225677490234, 1399.0687561035156, 1410.853744506836, 1396.5428009033203, 1382.9961395263672, 1410.8860168457031, 1382.505630493164, 1430.019515991211, 1524.435073852539, 1504.071517944336, 1502.1225128173828, 1521.7383880615234, 1517.104507446289, 1486.2125701904297, 1530.050048828125, 1467.0528869628906, 1412.609146118164, 1422.6996002197266, 1441.9420928955078, 1447.5660247802734, 1401.4707794189453, 1385.8758544921875], "16": [1355.0421905517578, 1327.2534484863281, 1332.5955047607422, 1315.9288482666016, 1337.4129028320312, 1343.4764099121094, 1358.052963256836, 1353.2738189697266, 1354.4376678466797, 1331.998062133789, 1415.8321380615234, 1498.9127044677734, 1502.6178894042969, 1534.7387084960938, 1471.4159240722656, 1467.0262298583984, 1505.4435424804688, 1524.1108093261719, 1520.2772064208984, 1519.5836639404297, 1519.0919189453125, 1541.8341979980469, 1453.7496948242188, 1433.251205444336],