{"2019": {"6": {"1": [213.5412139892578, 201.01451110839844, 178.0152130126953, 172.19300842285156, 166.54534912109375, 167.12327575683594, 182.00746154785156, 288.7794494628906, 433.3725280761719, 405.4586181640625, 433.1401672363281, 419.0748291015625, 418.9281005859375, 425.80517578125, 423.9833679199219, 411.2168273925781, 394.95184326171875, 399.4474792480469, 397.5992126464844, 376.5679931640625, 389.06671142578125, 397.8175964355469, 236.87998962402344, 224.1356964111328], "2": [219.4350128173828, 179.18284606933594, 172.11212158203125, 173.240478515625, 166.1952667236328, 166.8345489501953, 165.30970764160156, 285.5256652832031, 432.0068359375, 405.3775939941406, 392.34033203125, 396.71551513671875, 385.19647216796875, 413.3505554199219, 414.49639892578125, 407.0125427246094, 418.5975341796875, 422.78228759765625, 410.7828369140625, 416.53375244140625, 406.3666687011719, 392.2327575683594, 231.12887573242188, 218.17111206054688], "3": [214.62860107421875, 197.05091857910156, 174.44749450683594, 171.81048583984375, 173.6620635986328, 169.1055908203125, 199.41893005371094, 300.2433776855469, 433.6936340332031, 421.0735168457031, 422.3505859375, 432.0, 423.03778076171875, 415.33148193359375, 423.26141357421875, 423.97296142578125, 415.3135681152344, 410.89007568359375, 395.58087158203125, 391.50787353515625, 396.1053771972656, 394.8645935058594, 230.37904357910156, 211.74044799804688], "4": [198.63243103027344, 195.85130310058594, 185.25421142578125, 180.43618774414062, 176.73780822753906, 179.60304260253906, 209.96702575683594, 307.26605224609375, 438.8319396972656, 435.3278503417969, 429.6187744140625, 415.3045959472656, 378.512451171875, 408.8586120605469, 408.5988464355469, 410.2491760253906, 408.502685546875, 413.8644104003906, 390.2073974609375, 379.3946533203125, 373.4661865234375, 383.1199035644531, 245.75180053710938, 225.46571350097656], "5": [204.2312469482422, 200.68292236328125, 180.45277404785156, 182.09095764160156, 177.2876739501953, 181.77305603027344, 211.343994140625, 307.1357421875, 421.6775207519531, 406.8681945800781, 365.4109802246094, 421.388671875, 422.6744079589844, 405.925048828125, 402.1163635253906, 410.3389892578125, 398.52642822265625, 384.9458312988281, 372.72479248046875, 374.4767761230469, 371.5269775390625, 385.7320251464844, 322.7449035644531, 363.9004821777344], "6": [236.1128692626953, 214.90554809570312, 206.13394165039062, 208.75701904296875, 211.4556121826172, 295.59759521484375, 234.56182861328125, 327.24066162109375, 346.5336608886719, 393.32733154296875, 405.8813781738281, 375.0843200683594, 387.7238464355469, 370.13458251953125, 373.88568115234375, 332.2991638183594, 360.3196105957031, 366.9527893066406, 342.3848571777344, 383.475830078125, 373.7995910644531, 257.06634521484375, 232.8937225341797, 230.11123657226562], "7": [217.95541381835938, 223.86936950683594, 202.0022430419922, 200.7439422607422, 201.83880615234375, 196.34751892089844, 207.79481506347656, 232.58872985839844, 490.27740478515625, 381.81561279296875, 351.21044921875, 409.5594787597656, 412.7236328125, 391.7628479003906, 403.3153381347656, 403.7774963378906, 394.5726318359375, 386.80535888671875, 316.36346435546875, 306.56500244140625, 279.6136474609375, 306.65618896484375, 217.92250061035156, 205.25836181640625], "8": [199.93336486816406, 187.93736267089844, 182.8151397705078, 182.86085510253906, 181.34811401367188, 186.51986694335938, 190.4074249267578, 194.0717010498047, 252.34483337402344, 273.3902282714844, 328.8256530761719, 336.7663879394531, 324.1918029785156, 312.7840881347656, 323.9053039550781, 312.60223388671875, 344.9100036621094, 296.6324157714844, 284.40582275390625, 293.944091796875, 289.0445861816406, 292.59130859375, 221.6551513671875, 200.47787475585938], "9": [203.48057556152344, 182.85475158691406, 185.84849548339844, 178.7174530029297, 180.53170776367188, 173.9717254638672, 179.4371337890625, 188.17498779296875, 260.8507385253906, 315.8863220214844, 334.7666015625, 334.359130859375, 312.6685791015625, 313.1475830078125, 321.953369140625, 304.2716979980469, 307.1912841796875, 278.33453369140625, 272.8854064941406, 280.76776123046875, 288.14093017578125, 304.6133117675781, 219.77688598632812, 202.32933044433594], "10": [201.0289764404297, 183.62965393066406, 179.35581970214844, 178.33497619628906, 173.0078125, 170.6221466064453, 201.8328399658203, 325.8042297363281, 379.79541015625, 380.4165954589844, 412.9138488769531, 418.14666748046875, 415.18975830078125, 398.5533447265625, 415.4394836425781, 387.87823486328125, 402.765380859375, 413.921142578125, 333.8143615722656, 324.78253173828125, 284.9331970214844, 310.05767822265625, 237.03387451171875, 229.0948028564453], "11": [208.28004455566406, 196.6844940185547, 175.6922149658203, 176.25270080566406, 172.58767700195312, 172.4140167236328, 204.88734436035156, 324.92919921875, 421.404541015625, 411.4194641113281, 424.69580078125, 424.0000915527344, 433.5029296875, 437.9393310546875, 429.8171081542969, 437.47027587890625, 429.84173583984375, 413.3214111328125, 336.23284912109375, 329.7020568847656, 356.8048400878906, 361.5116271972656, 232.4212188720703, 220.7830047607422], "12": [209.56040954589844, 206.75318908691406, 189.15834045410156, 191.70758056640625, 185.70692443847656, 186.6943817138672, 277.9224548339844, 286.3186340332031, 394.3574523925781, 444.5594482421875, 440.9970703125, 437.05029296875, 437.13800048828125, 440.6927490234375, 433.83319091796875, 444.2736511230469, 436.6819763183594, 477.7649230957031, 358.8245544433594, 340.3570556640625, 324.87542724609375, 358.60479736328125, 223.06588745117188, 220.2124786376953], "13": [210.88572692871094, 199.7606658935547, 196.37110900878906, 191.03338623046875, 187.34213256835938, 189.70700073242188, 285.9878845214844, 294.8159484863281, 420.6734313964844, 414.55389404296875, 431.989990234375, 440.1880798339844, 422.2237548828125, 412.0531311035156, 430.486083984375, 412.4193420410156, 435.5947265625, 435.2939453125, 336.13372802734375, 343.2010192871094, 362.3404235839844, 464.18121337890625, 405.3567810058594, 368.7855224609375], "14": [211.8960418701172, 189.0398406982422, 178.6748504638672, 175.73951721191406, 175.71774291992188, 172.6209259033203, 206.6258087158203, 229.77915954589844, 499.672119140625, 415.7825927734375, 401.616943359375, 399.74652099609375, 401.3764343261719, 418.2306213378906, 399.2000427246094, 395.9476318359375, 396.8287048339844, 391.2547912597656, 319.6922302246094, 312.9864807128906, 297.63653564453125, 292.5277099609375, 244.8218536376953, 221.45033264160156], "15": [211.04660034179688, 189.03578186035156, 183.02447509765625, 179.9037628173828, 176.27737426757812, 175.57980346679688, 177.11329650878906, 197.97860717773438, 248.13279724121094, 411.873046875, 345.74273681640625, 351.6438293457031, 340.634765625, 337.8360290527344, 342.4517822265625, 328.5982971191406, 335.42138671875, 312.6380310058594, 290.2991638183594, 295.0409240722656, 293.4937438964844, 299.5494384765625, 224.69769287109375, 222.24276733398438], "16": [209.1494598388672, 206.50994873046875, 183.97943115234375, 172.12664794921875, 174.94679260253906, 170.26593017578125, 170.3528289794922, 188.51742553710938, 315.79718017578125, 326.93048095703125, 303.2261047363281, 320.7739562988281, 319.9107971191406, 321.0194396972656, 324.1316223144531, 301.37469482421875, 329.3554992675781, 308.5091552734375, 311.7310791015625, 315.28533935546875, 307.3701171875, 313.3041687011719, 237.47857666015625, 224.21852111816406], "17": [214.49757385253906, 187.8120880126953, 172.7529296875, 174.33489990234375, 172.52699279785156, 173.46763610839844, 205.85809326171875, 219.7947540283203, 334.0839538574219, 448.0498962402344, 436.5749206542969, 434.5088195800781, 436.6385498046875, 445.84844970703125, 440.11114501953125, 429.64117431640625, 433.3687438964844, 431.43145751953125, 342.5234069824219, 376.7054138183594, 329.98431396484375, 303.6180419921875, 225.39840698242188, 218.3576202392578],