{"2019": {"6": {"1": [164.0162811279297, 150.87109375, 150.2890167236328, 140.89044189453125, 134.82530212402344, 127.81665802001953, 122.7437744140625, 122.41771697998047, 138.82574462890625, 148.68411254882812, 141.6770782470703, 156.62962341308594, 156.13792419433594, 173.84373474121094, 167.14100646972656, 169.94284057617188, 165.1744384765625, 169.1259002685547, 177.59278869628906, 171.41555786132812, 166.34701538085938, 168.76307678222656, 167.881103515625, 170.30821228027344], "2": [158.5123748779297, 153.36805725097656, 147.137451171875, 129.85928344726562, 127.23603057861328, 127.59162902832031, 119.51045227050781, 130.98683166503906, 130.80857849121094, 143.57772827148438, 153.06381225585938, 155.15773010253906, 178.97630310058594, 179.84371948242188, 177.05555725097656, 166.1169891357422, 161.5203094482422, 171.2516632080078, 168.64288330078125, 173.8428497314453, 172.58836364746094, 175.79783630371094, 177.12887573242188, 174.13356018066406], "3": [151.89352416992188, 149.6864013671875, 139.23385620117188, 127.9177017211914, 129.8198699951172, 129.85545349121094, 158.0426025390625, 172.9189910888672, 187.19972229003906, 199.6227264404297, 204.22225952148438, 208.0167694091797, 210.91143798828125, 200.61866760253906, 213.73492431640625, 208.9029998779297, 203.00706481933594, 227.1889190673828, 209.3996124267578, 200.65866088867188, 200.39027404785156, 196.1625213623047, 168.72080993652344, 166.03619384765625], "4": [167.18801879882812, 149.7900848388672, 142.3087615966797, 135.80123901367188, 126.779541015625, 130.81044006347656, 148.1673583984375, 156.72979736328125, 180.06753540039062, 184.9213409423828, 194.38345336914062, 187.7306671142578, 190.61163330078125, 195.7032470703125, 194.22299194335938, 198.02191162109375, 206.07406616210938, 194.2752227783203, 200.91720581054688, 207.3020782470703, 209.93502807617188, 205.12840270996094, 183.91940307617188, 172.3099822998047], "5": [168.4957275390625, 149.68014526367188, 142.8972625732422, 130.7032470703125, 125.68244934082031, 128.9213104248047, 147.19577026367188, 152.1077117919922, 173.3259735107422, 180.8472900390625, 197.82211303710938, 189.7793426513672, 205.09283447265625, 206.09906005859375, 213.73468017578125, 216.3490753173828, 196.59710693359375, 191.19711303710938, 194.5873565673828, 196.14805603027344, 189.64093017578125, 194.6154327392578, 187.25100708007812, 179.6837921142578], "6": [167.8190155029297, 142.99813842773438, 154.1878662109375, 139.03134155273438, 137.70181274414062, 136.5615234375, 157.8436737060547, 172.5538330078125, 174.42001342773438, 187.51963806152344, 188.71934509277344, 186.6638641357422, 197.11630249023438, 196.32571411132812, 205.46434020996094, 189.87843322753906, 187.97442626953125, 193.99864196777344, 179.10519409179688, 206.83090209960938, 209.12416076660156, 202.79962158203125, 174.06607055664062, 175.33340454101562], "7": [168.46177673339844, 160.3181915283203, 148.6751251220703, 141.29298400878906, 140.01939392089844, 140.17529296875, 164.91188049316406, 167.33505249023438, 188.2692413330078, 205.9041290283203, 203.55010986328125, 203.57627868652344, 204.1638641357422, 191.5962677001953, 198.34317016601562, 197.48313903808594, 194.50616455078125, 199.7019805908203, 190.7447052001953, 195.4406280517578, 199.9781494140625, 203.96456909179688, 176.22996520996094, 182.93118286132812], "8": [170.9099884033203, 160.17098999023438, 158.10928344726562, 144.93899536132812, 138.8961944580078, 137.73182678222656, 128.6044158935547, 132.27517700195312, 138.15353393554688, 143.18417358398438, 150.87432861328125, 165.14317321777344, 165.9529571533203, 160.43910217285156, 157.55126953125, 157.55950927734375, 183.7558135986328, 167.3885955810547, 166.8947296142578, 171.50344848632812, 167.82102966308594, 171.3104705810547, 172.575927734375, 175.09353637695312], "9": [174.27365112304688, 161.224853515625, 154.26878356933594, 141.74351501464844, 139.88961791992188, 134.57623291015625, 135.80995178222656, 133.49261474609375, 133.30316162109375, 146.2929229736328, 143.3621063232422, 157.78515625, 160.6667938232422, 177.2410430908203, 168.0988311767578, 165.82852172851562, 171.3809356689453, 173.59051513671875, 181.04702758789062, 176.0146026611328, 172.5009765625, 180.0290985107422, 185.68463134765625, 184.02191162109375], "10": [165.7042694091797, 152.8775634765625, 141.33387756347656, 142.49545288085938, 136.16172790527344, 134.18734741210938, 162.4294891357422, 163.22950744628906, 174.34812927246094, 197.64637756347656, 196.05380249023438, 205.0340118408203, 212.25146484375, 210.81719970703125, 207.7477264404297, 216.93698120117188, 215.91612243652344, 196.67543029785156, 214.56114196777344, 220.3529815673828, 208.55459594726562, 203.8250274658203, 186.84896850585938, 189.7174835205078], "11": [172.45855712890625, 148.10105895996094, 142.8827667236328, 135.01409912109375, 133.7531280517578, 132.5182342529297, 153.2523193359375, 152.71861267089844, 173.200927734375, 198.6982421875, 197.86630249023438, 206.24932861328125, 221.49513244628906, 222.7572021484375, 212.78860473632812, 216.8115997314453, 222.98776245117188, 227.05555725097656, 239.54481506347656, 227.41725158691406, 238.45162963867188, 228.8004913330078, 183.7356719970703, 173.3622589111328], "12": [169.87620544433594, 156.94517517089844, 144.8613739013672, 137.79757690429688, 135.51943969726562, 138.55064392089844, 155.50494384765625, 160.80848693847656, 196.0242156982422, 219.3606414794922, 211.04193115234375, 199.80038452148438, 224.83973693847656, 232.76699829101562, 226.7718505859375, 227.79876708984375, 231.62527465820312, 230.5469207763672, 238.6463165283203, 240.0699462890625, 240.98898315429688, 243.3122100830078, 187.92491149902344, 194.55401611328125], "13": [182.99757385253906, 181.67654418945312, 160.64060974121094, 146.61605834960938, 137.07078552246094, 143.55062866210938, 162.05572509765625, 170.91354370117188, 185.80397033691406, 208.5628662109375, 212.79165649414062, 226.18016052246094, 230.07769775390625, 224.38217163085938, 215.80319213867188, 222.29141235351562, 219.5652313232422, 223.36524963378906, 222.7057342529297, 230.99574279785156, 220.87855529785156, 205.37176513671875, 178.6039581298828, 176.55581665039062], "14": [165.0343780517578, 162.9078369140625, 140.7281494140625, 131.9584503173828, 130.59510803222656, 136.54078674316406, 154.24453735351562, 159.9973602294922, 174.6620330810547, 193.5720672607422, 190.98500061035156, 199.76068115234375, 214.9426727294922, 209.43209838867188, 210.3298797607422, 227.12875366210938, 200.06793212890625, 198.66342163085938, 213.37667846679688, 240.35501098632812, 213.57594299316406, 203.9702911376953, 177.06993103027344, 167.9717559814453], "15": [168.5864715576172, 158.2234344482422, 146.32492065429688, 137.5272216796875, 134.0675506591797, 133.5238037109375, 128.82754516601562, 134.7051544189453, 127.19407653808594, 143.259765625, 151.50802612304688, 177.92918395996094, 176.10594177246094, 169.57058715820312, 172.07078552246094, 176.96018981933594, 171.83412170410156, 168.4767303466797, 180.34539794921875, 189.2681121826172, 177.007080078125, 164.41763305664062, 176.504150390625, 171.96424865722656], "16": [169.14515686035156, 153.5406951904297, 158.15011596679688, 144.5214080810547, 140.01687622070312, 133.7471466064453, 129.41766357421875, 132.44049072265625, 141.67822265625, 152.33401489257812, 144.7899932861328, 157.6470489501953, 183.60635375976562, 185.62490844726562, 169.53292846679688, 183.91209411621094, 177.63951110839844, 163.966552734375, 173.63424682617188, 186.71669006347656, 190.65191650390625, 188.00765991210938, 186.9181365966797, 161.07763671875],