{"2019": {"6": {"1": [98.51187133789062, 101.1732177734375, 106.20172882080078, 93.91693878173828, 93.56452178955078, 99.26172637939453, 119.91080474853516, 115.78799438476562, 128.5038299560547, 134.99510192871094, 128.31982421875, 146.77880859375, 137.7568817138672, 136.38943481445312, 141.17916870117188, 139.82254028320312, 138.66490173339844, 146.8330535888672, 152.78321838378906, 155.35626220703125, 144.07521057128906, 138.85336303710938, 140.26283264160156, 106.97535705566406], "2": [102.21378326416016, 96.3299789428711, 94.95063018798828, 100.39432525634766, 98.06925964355469, 102.47750091552734, 118.05694580078125, 121.00907897949219, 128.26577758789062, 134.09890747070312, 126.11974334716797, 132.6582794189453, 145.0962371826172, 142.56150817871094, 127.32164764404297, 144.3599853515625, 151.25440979003906, 158.0452423095703, 139.3086700439453, 141.90711975097656, 131.3286895751953, 126.20540618896484, 133.82077026367188, 108.99095153808594], "3": [108.09284973144531, 103.98725128173828, 99.87590789794922, 102.69646453857422, 97.6912612915039, 99.01405334472656, 120.27519226074219, 113.61502075195312, 126.90431213378906, 133.2358856201172, 129.48622131347656, 138.86949157714844, 142.8873291015625, 147.24758911132812, 142.09396362304688, 149.28741455078125, 144.70281982421875, 138.3819122314453, 143.4424591064453, 159.10243225097656, 151.34088134765625, 133.0413360595703, 132.07005310058594, 119.01612091064453], "4": [109.31194305419922, 101.5641860961914, 95.30558013916016, 94.48036193847656, 105.86994934082031, 110.95429992675781, 126.16691589355469, 120.19740295410156, 113.0509262084961, 123.13709259033203, 139.22918701171875, 152.76821899414062, 149.4601287841797, 152.99818420410156, 144.3577117919922, 161.34298706054688, 147.19261169433594, 143.91062927246094, 142.38116455078125, 154.70272827148438, 145.53636169433594, 140.27798461914062, 136.14840698242188, 114.00949096679688], "5": [115.47838592529297, 105.8282699584961, 103.74348449707031, 99.34154510498047, 112.0043716430664, 108.40718078613281, 129.876953125, 129.96783447265625, 128.08465576171875, 130.8179473876953, 139.9242401123047, 138.42135620117188, 143.7261505126953, 146.10511779785156, 142.59954833984375, 132.1107635498047, 144.33724975585938, 146.39553833007812, 145.8228759765625, 150.40798950195312, 158.84640502929688, 146.9286651611328, 133.12591552734375, 110.16704559326172], "6": [109.3294906616211, 113.65451049804688, 105.52801513671875, 97.91241455078125, 104.60521697998047, 105.4173812866211, 124.76726531982422, 125.44188690185547, 128.0946807861328, 134.44590759277344, 135.9910125732422, 139.57571411132812, 143.791748046875, 139.39694213867188, 148.9442138671875, 142.8123779296875, 152.99378967285156, 138.2904052734375, 141.00131225585938, 141.52011108398438, 136.32872009277344, 144.69036865234375, 130.52908325195312, 114.41246795654297], "7": [108.82695007324219, 105.88494110107422, 108.27594757080078, 103.51885223388672, 105.74659729003906, 110.66436767578125, 121.50738525390625, 129.6335906982422, 131.2056884765625, 139.70191955566406, 133.50338745117188, 136.919677734375, 149.1313934326172, 156.04031372070312, 144.71690368652344, 140.94371032714844, 147.33399963378906, 143.67730712890625, 160.43765258789062, 166.40626525878906, 143.7878875732422, 139.83624267578125, 139.65634155273438, 109.71697998046875], "8": [107.42152404785156, 109.70967864990234, 106.02700805664062, 96.6049575805664, 107.97027587890625, 102.78614807128906, 125.82365417480469, 133.06251525878906, 129.99952697753906, 129.55462646484375, 134.42514038085938, 136.45716857910156, 147.83900451660156, 152.51100158691406, 145.8897247314453, 147.3874969482422, 145.66177368164062, 147.4377899169922, 170.76617431640625, 163.5478973388672, 145.2864990234375, 145.54190063476562, 133.52377319335938, 110.12201690673828], "9": [113.61336517333984, 108.21295166015625, 97.6354751586914, 107.22797393798828, 116.16854095458984, 110.68158721923828, 129.03802490234375, 129.96176147460938, 130.16795349121094, 142.74429321289062, 141.36570739746094, 139.2130889892578, 135.8843994140625, 154.2253875732422, 142.99623107910156, 138.0568084716797, 142.34571838378906, 154.1224365234375, 146.61630249023438, 152.04934692382812, 154.50851440429688, 147.54747009277344, 141.68748474121094, 113.26150512695312], "10": [114.0909652709961, 109.09556579589844, 103.89714050292969, 99.57865142822266, 100.82262420654297, 108.00010681152344, 126.22517395019531, 129.30955505371094, 133.50027465820312, 140.49290466308594, 143.27511596679688, 141.95343017578125, 147.95565795898438, 144.8250274658203, 146.0758514404297, 142.3970184326172, 140.0234375, 147.934814453125, 164.4434356689453, 168.0103302001953, 155.35595703125, 152.656982421875, 144.38172912597656, 106.81265258789062], "11": [103.9832534790039, 102.53765106201172, 102.66476440429688, 104.49686431884766, 94.59732055664062, 102.8924560546875, 125.83209991455078, 131.7181396484375, 140.5826873779297, 144.34608459472656, 144.0752410888672, 150.7328338623047, 148.93310546875, 149.38177490234375, 150.39984130859375, 137.9953155517578, 162.33399963378906, 167.3057403564453, 166.8915557861328, 172.47740173339844, 173.39695739746094, 140.857421875, 138.65780639648438, 113.52986145019531], "12": [100.74822235107422, 106.84361267089844, 93.73902130126953, 98.77947235107422, 96.46050262451172, 99.2803955078125, 124.71622467041016, 128.37353515625, 138.77694702148438, 140.49749755859375, 142.37522888183594, 142.59304809570312, 155.59547424316406, 159.2822723388672, 160.4535369873047, 166.2930145263672, 164.0386962890625, 165.84181213378906, 172.99014282226562, 192.73829650878906, 171.9558563232422, 157.93515014648438, 150.4679718017578, 112.5316390991211], "13": [122.59512329101562, 111.703125, 98.2522201538086, 98.34281158447266, 94.5696029663086, 89.22240447998047, 131.88125610351562, 133.3273468017578, 134.74130249023438, 141.0572052001953, 135.0481719970703, 141.5019989013672, 142.93063354492188, 158.25906372070312, 147.9099578857422, 166.40798950195312, 162.0824432373047, 170.09266662597656, 167.2474822998047, 162.85516357421875, 165.74618530273438, 149.2080535888672, 142.41436767578125, 112.72058868408203], "14": [101.38961029052734, 103.15835571289062, 95.87953186035156, 96.03958892822266, 97.14215850830078, 100.57505798339844, 126.58755493164062, 127.3936538696289, 131.8682861328125, 138.4275360107422, 139.81785583496094, 145.78579711914062, 147.2211151123047, 138.6656494140625, 152.91604614257812, 150.33999633789062, 152.08169555664062, 145.42343139648438, 148.16650390625, 172.73147583007812, 157.95550537109375, 142.05303955078125, 138.21726989746094, 103.27789306640625], "15": [105.09477233886719, 99.01045989990234, 100.52772521972656, 98.2397232055664, 99.6071548461914, 98.38245391845703, 133.16046142578125, 128.74668884277344, 129.5364532470703, 142.8358917236328, 139.10765075683594, 146.98760986328125, 139.87045288085938, 143.36769104003906, 148.2683563232422, 158.5302734375, 146.99978637695312, 139.58389282226562, 166.3251190185547, 100.03579711914062, 95.01615142822266, 81.38024139404297, 85.902587890625, 84.14447784423828], "16": [86.94091033935547, 79.30709838867188, 80.81670379638672, 80.46519470214844, 75.97515869140625, 75.62883758544922, 87.32569122314453, 88.79088592529297, 89.20152282714844, 84.67447662353516, 88.13350677490234, 91.32177734375, 99.89786529541016, 103.23294830322266, 91.6454086303711, 90.25889587402344, 171.3787384033203, 177.25831604003906, 174.23252868652344, 184.68775939941406, 174.02310180664062, 152.5218963623047, 135.38058471679688, 114.22005462646484],