{"2019": {"6": {"1": [23.652006149291992, 29.276653289794922, 29.334335327148438, 24.156307220458984, 29.244571685791016, 30.966995239257812, 23.119760513305664, 22.612119674682617, 27.828500747680664, 27.78787612915039, 22.733882904052734, 26.011987686157227, 29.443443298339844, 28.886171340942383, 22.789520263671875, 25.247875213623047, 26.3261775970459, 26.003700256347656, 22.157922744750977, 25.97884178161621, 27.202421188354492, 23.161605834960938, 23.44905662536621, 28.350461959838867], "2": [28.031314849853516, 26.269107818603516, 22.99437141418457, 26.536659240722656, 29.47239112854004, 26.38446044921875, 24.216392517089844, 26.481019973754883, 35.31928253173828, 30.016422271728516, 33.727596282958984, 34.76724624633789, 34.651878356933594, 30.378705978393555, 34.35060501098633, 35.11850357055664, 32.08509063720703, 33.2836799621582, 26.689489364624023, 24.875280380249023, 21.135591506958008, 20.515605926513672, 25.806549072265625, 28.334497451782227], "3": [24.308731079101562, 22.749013900756836, 28.254100799560547, 28.40335464477539, 22.908843994140625, 29.179292678833008, 28.56669044494629, 23.711238861083984, 38.12916946411133, 48.670204162597656, 54.59782409667969, 54.11821746826172, 51.88407897949219, 53.25444793701172, 53.45024871826172, 55.66706085205078, 52.80598068237305, 44.55500030517578, 31.744487762451172, 32.28334045410156, 32.074607849121094, 27.760147094726562, 26.14155387878418, 28.171783447265625], "4": [32.80831527709961, 26.917993545532227, 25.07924461364746, 29.18045997619629, 30.543468475341797, 26.21955680847168, 24.449228286743164, 28.91082000732422, 40.86650085449219, 34.71080780029297, 54.046905517578125, 50.34098434448242, 51.62447738647461, 50.02964782714844, 59.13797378540039, 51.3283576965332, 52.72422790527344, 49.96494674682617, 33.324729919433594, 30.004133224487305, 27.245656967163086, 26.752166748046875, 29.47067642211914, 29.235013961791992], "5": [28.510974884033203, 28.375930786132812, 28.349340438842773, 29.820579528808594, 29.291112899780273, 29.1704044342041, 28.967557907104492, 30.990671157836914, 40.344642639160156, 48.28803253173828, 51.41621017456055, 55.64680480957031, 55.761268615722656, 58.42805480957031, 59.90409851074219, 56.33893966674805, 56.597618103027344, 49.36174774169922, 33.41311264038086, 30.74099349975586, 32.241973876953125, 30.940073013305664, 35.89751434326172, 34.647544860839844], "6": [34.832603454589844, 33.5075798034668, 33.54195022583008, 32.563690185546875, 32.74785614013672, 30.2108211517334, 33.705360412597656, 32.78776550292969, 45.080162048339844, 45.61882781982422, 52.79228210449219, 53.76039123535156, 52.04425048828125, 54.88529586791992, 51.75759506225586, 51.102294921875, 44.98537826538086, 43.019805908203125, 33.151546478271484, 32.879539489746094, 29.781848907470703, 33.20762252807617, 32.60237503051758, 32.896183013916016], "7": [32.5007438659668, 33.06104278564453, 32.65430450439453, 31.28055191040039, 34.62619400024414, 31.9837703704834, 30.97519874572754, 32.74446487426758, 40.59320068359375, 42.61325454711914, 47.52298355102539, 51.82426071166992, 53.8570556640625, 50.19865417480469, 49.30545425415039, 47.892066955566406, 46.05201721191406, 43.791961669921875, 29.988441467285156, 30.62183380126953, 30.23560905456543, 28.13258171081543, 29.792810440063477, 34.45792007446289], "8": [32.53403091430664, 30.49734115600586, 29.812211990356445, 30.2133846282959, 28.879966735839844, 29.673330307006836, 27.60517120361328, 29.735069274902344, 27.31038475036621, 27.894716262817383, 27.711076736450195, 29.07994270324707, 28.264795303344727, 29.024078369140625, 28.13364601135254, 28.612817764282227, 27.72688865661621, 27.67600440979004, 28.8114013671875, 28.229528427124023, 27.56871223449707, 27.044361114501953, 29.12364387512207, 28.512115478515625], "9": [29.35649299621582, 29.07506561279297, 29.78045082092285, 30.637203216552734, 29.84025764465332, 29.56128692626953, 28.3873233795166, 27.066946029663086, 38.952945709228516, 37.9949836730957, 35.845069885253906, 36.6943473815918, 36.126617431640625, 37.40647888183594, 36.18649673461914, 35.479801177978516, 35.65812683105469, 36.507118225097656, 27.66166877746582, 29.77238655090332, 29.525543212890625, 29.51189613342285, 33.063621520996094, 32.66729736328125], "10": [31.68790626525879, 33.5286750793457, 31.802637100219727, 31.006132125854492, 30.779598236083984, 30.4377384185791, 28.952842712402344, 28.591054916381836, 32.636478424072266, 38.931060791015625, 51.849761962890625, 49.70033264160156, 51.15287780761719, 42.30447006225586, 46.62571334838867, 44.17443084716797, 46.604549407958984, 41.12689208984375, 34.286964416503906, 33.740013122558594, 29.097888946533203, 29.617034912109375, 33.614906311035156, 32.97871398925781], "11": [31.50937271118164, 31.036474227905273, 31.360397338867188, 31.208417892456055, 32.560508728027344, 30.687942504882812, 29.154329299926758, 29.019107818603516, 25.53684425354004, 37.64830017089844, 45.31454086303711, 47.423030853271484, 48.21468734741211, 43.879310607910156, 48.60452651977539, 46.75852584838867, 46.08107376098633, 38.19389724731445, 34.53306198120117, 28.32452392578125, 28.41910743713379, 29.456491470336914, 28.757755279541016, 29.408498764038086], "12": [26.564720153808594, 28.170225143432617, 27.761762619018555, 28.421884536743164, 28.466522216796875, 27.974027633666992, 27.0019474029541, 26.07414436340332, 31.678449630737305, 31.4394588470459, 45.28519058227539, 46.472801208496094, 46.11544418334961, 45.272274017333984, 46.711910247802734, 47.01591110229492, 45.99375915527344, 42.10832977294922, 36.34950637817383, 33.60453414916992, 26.969112396240234, 26.580997467041016, 28.773347854614258, 26.546722412109375], "13": [28.739713668823242, 27.86629295349121, 26.78509521484375, 27.11964225769043, 27.694862365722656, 27.29220199584961, 20.527341842651367, 25.737964630126953, 31.08161163330078, 45.37799072265625, 46.35140609741211, 48.33177947998047, 43.261234283447266, 48.77719497680664, 44.328712463378906, 48.57374572753906, 40.7962646484375, 40.068206787109375, 29.71063232421875, 28.96780014038086, 28.350248336791992, 27.821929931640625, 27.178556442260742, 29.344396591186523], "14": [32.77981948852539, 30.333391189575195, 28.602584838867188, 31.31696891784668, 26.182491302490234, 30.907588958740234, 30.615848541259766, 31.0203857421875, 34.99929428100586, 36.74333953857422, 44.50368118286133, 46.775325775146484, 45.524810791015625, 43.06512451171875, 45.24573516845703, 45.8155632019043, 35.82147216796875, 43.164363861083984, 36.4811897277832, 34.17912673950195, 28.885700225830078, 30.899389266967773, 31.042993545532227, 31.54114532470703], "15": [26.306880950927734, 27.83687973022461, 27.453125, 25.694732666015625, 27.721975326538086, 26.23155403137207, 27.178693771362305, 26.527448654174805, 25.460477828979492, 25.24198341369629, 24.967849731445312, 26.673763275146484, 26.720897674560547, 27.313114166259766, 23.759201049804688, 27.130529403686523, 26.751667022705078, 27.428516387939453, 26.080392837524414, 26.62828254699707, 25.077505111694336, 26.713808059692383, 25.48215103149414, 27.581892013549805], "16": [25.35218048095703, 27.168264389038086, 25.92250633239746, 28.569259643554688, 27.93107795715332, 28.171953201293945, 25.636322021484375, 26.572864532470703, 26.92038917541504, 27.51634979248047, 24.352157592773438, 27.68161964416504, 27.614160537719727, 27.777198791503906, 27.823957443237305, 28.884845733642578, 25.912612915039062, 29.481985092163086, 26.024463653564453, 27.390838623046875, 25.561920166015625, 26.06057357788086, 22.96638298034668, 24.066190719604492],