{"2019": {"6": {"1": [32.69667053222656, 31.003604888916016, 30.240917205810547, 30.4176025390625, 30.443809509277344, 30.10332679748535, 28.981781005859375, 28.712608337402344, 31.68627166748047, 33.024532318115234, 32.691436767578125, 33.83432388305664, 33.13196563720703, 33.41571044921875, 33.714622497558594, 33.83833694458008, 32.9644889831543, 33.074005126953125, 33.01068878173828, 33.807823181152344, 32.539913177490234, 32.20439147949219, 32.44620132446289, 31.128877639770508], "2": [30.213336944580078, 30.28770637512207, 30.872854232788086, 30.52729034423828, 30.625350952148438, 29.924606323242188, 29.182289123535156, 28.8927059173584, 30.73948097229004, 32.63719940185547, 33.13058090209961, 33.39883804321289, 32.82803726196289, 34.1036491394043, 33.45936584472656, 33.269073486328125, 32.797367095947266, 33.840972900390625, 33.37908935546875, 32.48263168334961, 32.27545928955078, 32.386993408203125, 33.1418571472168, 31.404964447021484], "3": [30.321340560913086, 30.312292098999023, 30.38615608215332, 31.33428382873535, 30.69574737548828, 30.270366668701172, 32.805885314941406, 32.034725189208984, 33.003150939941406, 33.22098159790039, 33.70926284790039, 33.39071273803711, 34.04677200317383, 34.98116683959961, 34.29336166381836, 33.70143508911133, 33.80113220214844, 32.9568977355957, 33.599632263183594, 32.83161544799805, 32.086490631103516, 32.16329574584961, 32.10841751098633, 33.659141540527344], "4": [32.0654182434082, 30.256383895874023, 30.25271224975586, 30.755414962768555, 30.428936004638672, 30.72730255126953, 33.152244567871094, 32.76890182495117, 35.83906936645508, 35.36095428466797, 34.939083099365234, 35.74382781982422, 34.55075454711914, 34.70309829711914, 35.675148010253906, 34.42321014404297, 34.27716064453125, 33.38557815551758, 33.907901763916016, 33.55051040649414, 32.152252197265625, 31.895336151123047, 32.33142852783203, 33.6726188659668], "5": [31.765052795410156, 30.64468765258789, 31.725513458251953, 30.767736434936523, 30.15370750427246, 30.201343536376953, 34.8985595703125, 32.971858978271484, 33.172603607177734, 33.539764404296875, 35.55613708496094, 35.10689163208008, 34.12528610229492, 34.82118225097656, 33.92583465576172, 33.60456085205078, 34.04927062988281, 32.910400390625, 33.65190887451172, 33.50761032104492, 32.5070686340332, 31.812406539916992, 32.293853759765625, 33.491477966308594], "6": [32.25730895996094, 30.92502784729004, 31.400585174560547, 30.354312896728516, 30.60342025756836, 30.645450592041016, 32.99660873413086, 32.509437561035156, 34.46067428588867, 36.00346374511719, 34.930755615234375, 35.3878059387207, 34.742881774902344, 34.71549987792969, 35.083377838134766, 34.8027229309082, 33.52035140991211, 32.82490158081055, 32.9210319519043, 33.44438934326172, 31.42947006225586, 31.705141067504883, 31.864395141601562, 33.35382080078125], "7": [31.571138381958008, 30.213268280029297, 30.534711837768555, 30.28956413269043, 29.72233009338379, 30.180789947509766, 33.08311080932617, 32.59676742553711, 34.78872299194336, 35.92633056640625, 34.760128021240234, 34.94503402709961, 34.484100341796875, 35.09617233276367, 34.05519485473633, 33.01616668701172, 33.56181335449219, 32.48796844482422, 32.153892517089844, 32.21712875366211, 31.925960540771484, 30.78291893005371, 30.802120208740234, 33.17979049682617], "8": [31.100492477416992, 30.135963439941406, 29.902612686157227, 30.634492874145508, 30.226642608642578, 29.711767196655273, 27.983518600463867, 28.12828826904297, 30.153884887695312, 32.112518310546875, 32.71611022949219, 32.25261306762695, 33.20448684692383, 32.46546936035156, 32.71590042114258, 32.651607513427734, 32.014705657958984, 32.2366828918457, 33.347740173339844, 33.63727951049805, 32.30378723144531, 31.93523597717285, 32.22023391723633, 30.44289207458496], "9": [30.36427116394043, 30.409339904785156, 30.50094985961914, 30.356897354125977, 30.352277755737305, 30.4840030670166, 28.749717712402344, 28.696828842163086, 30.377771377563477, 32.540802001953125, 32.2248649597168, 32.23426055908203, 32.963279724121094, 32.83075714111328, 32.54896545410156, 32.409236907958984, 32.49140548706055, 32.366939544677734, 32.72937774658203, 32.89643478393555, 31.469709396362305, 32.08220291137695, 31.80411148071289, 30.299453735351562], "10": [30.136384963989258, 30.12913703918457, 30.880666732788086, 30.184537887573242, 30.08692741394043, 30.647687911987305, 33.417938232421875, 33.247901916503906, 34.10929870605469, 35.06249237060547, 33.60935592651367, 35.3607063293457, 34.52227020263672, 34.81364822387695, 33.99737548828125, 34.029563903808594, 34.18241882324219, 33.3050537109375, 32.77648162841797, 32.979026794433594, 31.483951568603516, 31.970951080322266, 32.705177307128906, 33.6450309753418], "11": [31.75483512878418, 30.644197463989258, 30.322250366210938, 30.554109573364258, 30.801666259765625, 30.252269744873047, 31.544279098510742, 32.89516067504883, 34.150352478027344, 35.326080322265625, 34.59521484375, 34.94807434082031, 34.95644760131836, 34.54254150390625, 34.40961456298828, 34.925594329833984, 34.31973648071289, 34.242862701416016, 34.13640594482422, 33.76823043823242, 33.05282974243164, 33.04798126220703, 32.72020721435547, 34.13011169433594], "12": [32.42893981933594, 31.501922607421875, 31.356094360351562, 31.733827590942383, 31.428930282592773, 31.59776496887207, 33.251380920410156, 33.318572998046875, 35.67567443847656, 34.96994400024414, 36.86252212524414, 35.916236877441406, 37.76994323730469, 36.13360595703125, 36.10862350463867, 35.6168327331543, 36.013763427734375, 34.29955291748047, 33.375938415527344, 33.37803649902344, 32.616641998291016, 32.63344192504883, 32.816280364990234, 34.01943588256836], "13": [32.076446533203125, 31.026521682739258, 31.60653305053711, 32.068355560302734, 31.532264709472656, 31.289012908935547, 33.62431335449219, 32.58218765258789, 34.09515380859375, 34.71882629394531, 35.61601638793945, 34.80873107910156, 36.447750091552734, 36.11061477661133, 38.66963577270508, 35.76967239379883, 34.37460708618164, 33.50840377807617, 33.36057662963867, 34.09224319458008, 32.93439483642578, 33.2855110168457, 32.8016357421875, 34.55684280395508], "14": [32.31465530395508, 31.391298294067383, 31.612335205078125, 31.38184928894043, 31.547096252441406, 31.383291244506836, 33.873905181884766, 32.99799346923828, 34.62396240234375, 35.86796951293945, 35.829586029052734, 35.41097640991211, 37.08126449584961, 35.2403564453125, 38.139583587646484, 35.53846740722656, 34.390384674072266, 34.25233459472656, 33.39554977416992, 33.53069305419922, 32.267051696777344, 32.32289123535156, 32.49561309814453, 33.997230529785156], "15": [32.25944137573242, 31.452579498291016, 31.382387161254883, 31.073951721191406, 30.910429000854492, 30.630088806152344, 29.618446350097656, 29.929346084594727, 31.877851486206055, 33.7913703918457, 34.54814147949219, 33.80873107910156, 34.055870056152344, 33.954097747802734, 33.34385681152344, 34.0546875, 33.71343231201172, 33.43279266357422, 32.74762725830078, 32.98556900024414, 31.916812896728516, 32.05918502807617, 32.163352966308594, 30.954151153564453], "16": [30.446250915527344, 30.45662498474121, 30.796464920043945, 30.590776443481445, 30.686790466308594, 30.244386672973633, 28.72978973388672, 27.821746826171875, 30.919044494628906, 32.625450134277344, 32.73512268066406, 33.33059310913086, 33.378028869628906, 32.98329544067383, 33.078922271728516, 32.29833984375, 32.76988983154297, 32.499000549316406, 32.37188720703125, 32.452728271484375, 31.8341121673584, 32.12733459472656, 31.845260620117188, 31.26439094543457],