{"2019": {"6": {"1": [9.08560562133789, 11.551251411437988, 9.062670707702637, 11.43130874633789, 8.87822151184082, 10.754512786865234, 9.186410903930664, 8.83951187133789, 8.856513023376465, 9.142302513122559, 9.1946439743042, 8.839932441711426, 9.20136547088623, 9.025359153747559, 8.892678260803223, 9.01514720916748, 9.853328704833984, 9.109463691711426, 11.281293869018555, 9.006609916687012, 8.944640159606934, 8.734712600708008, 8.776320457458496, 8.902563095092773], "2": [8.68857192993164, 8.632737159729004, 8.686895370483398, 10.524065971374512, 8.74127197265625, 9.940509796142578, 9.041508674621582, 8.270901679992676, 8.70155143737793, 8.747282981872559, 8.508746147155762, 8.51177978515625, 8.479458808898926, 9.215575218200684, 8.422183990478516, 8.474149703979492, 9.162138938903809, 8.276257514953613, 8.39448070526123, 8.578278541564941, 8.372095108032227, 9.098992347717285, 9.028356552124023, 8.938201904296875], "3": [8.80740737915039, 8.972308158874512, 9.018203735351562, 9.1008882522583, 9.036787033081055, 12.082197189331055, 10.11324691772461, 14.246506690979004, 13.368477821350098, 19.50389289855957, 17.498043060302734, 20.095529556274414, 19.909517288208008, 22.20937156677246, 23.472814559936523, 18.613019943237305, 19.749483108520508, 14.695027351379395, 13.827713966369629, 9.383292198181152, 8.649590492248535, 9.624714851379395, 9.910598754882812, 9.86294174194336], "4": [10.00683879852295, 9.9441556930542, 9.661905288696289, 9.78341007232666, 9.833856582641602, 12.910697937011719, 10.7257661819458, 13.886482238769531, 14.045293807983398, 19.54368019104004, 18.140911102294922, 19.18874168395996, 20.512941360473633, 20.800241470336914, 19.73004150390625, 19.973405838012695, 19.673879623413086, 15.03215503692627, 13.816288948059082, 10.042757987976074, 8.809178352355957, 9.61915397644043, 9.624382972717285, 9.724844932556152], "5": [11.031835556030273, 9.600907325744629, 9.705689430236816, 9.723962783813477, 9.763228416442871, 12.536487579345703, 11.4103364944458, 13.594319343566895, 14.549799919128418, 20.206525802612305, 19.165719985961914, 21.239355087280273, 21.09088897705078, 20.41680335998535, 20.055788040161133, 21.596181869506836, 19.5310115814209, 16.329757690429688, 14.821887969970703, 9.446002960205078, 8.49001407623291, 9.702513694763184, 9.913457870483398, 9.937775611877441], "6": [9.673211097717285, 9.725789070129395, 9.627962112426758, 9.823748588562012, 9.649703979492188, 13.147292137145996, 10.931795120239258, 14.721961975097656, 13.798089981079102, 20.61935806274414, 17.704355239868164, 18.90753173828125, 20.91615867614746, 20.679401397705078, 18.220678329467773, 18.498300552368164, 19.716487884521484, 13.899377822875977, 13.705004692077637, 9.2335844039917, 8.657807350158691, 11.535564422607422, 10.015130996704102, 9.682209968566895], "7": [9.7584867477417, 10.04228687286377, 12.02734088897705, 10.016355514526367, 10.079041481018066, 13.100470542907715, 10.83315658569336, 15.199917793273926, 14.16910171508789, 18.244413375854492, 20.051929473876953, 18.384822845458984, 19.505271911621094, 21.473979949951172, 19.14000129699707, 20.17475128173828, 19.102170944213867, 13.529716491699219, 13.8877592086792, 9.426553726196289, 8.764927864074707, 8.832748413085938, 9.83221435546875, 9.93634033203125], "8": [9.769920349121094, 9.730080604553223, 9.47996997833252, 9.93993091583252, 9.791606903076172, 10.738165855407715, 8.692377090454102, 8.21349811553955, 8.056364059448242, 8.441110610961914, 9.613579750061035, 8.585103988647461, 8.229049682617188, 8.34637451171875, 8.366107940673828, 8.440791130065918, 8.501937866210938, 8.76479721069336, 8.183868408203125, 8.325486183166504, 8.532129287719727, 9.513654708862305, 11.104715347290039, 9.231820106506348], "9": [9.185832977294922, 9.369613647460938, 9.336935043334961, 11.461960792541504, 9.415714263916016, 9.483885765075684, 8.354620933532715, 8.262438774108887, 9.55627155303955, 8.449678421020508, 8.38973617553711, 8.578153610229492, 8.40207290649414, 8.272544860839844, 8.487024307250977, 10.024063110351562, 8.396864891052246, 8.279699325561523, 8.047266006469727, 8.203324317932129, 10.100912094116211, 9.393758773803711, 9.372662544250488, 9.336034774780273], "10": [9.404376983642578, 9.369551658630371, 9.27985668182373, 9.746655464172363, 9.192940711975098, 12.25853157043457, 9.447477340698242, 15.556784629821777, 13.186735153198242, 19.288612365722656, 19.77185821533203, 18.608388900756836, 18.8147029876709, 21.345176696777344, 19.162565231323242, 17.651927947998047, 20.616058349609375, 13.993958473205566, 13.49876594543457, 9.434700965881348, 8.813423156738281, 9.766352653503418, 10.035308837890625, 9.559847831726074], "11": [9.516500473022461, 9.49072265625, 9.50472354888916, 9.612208366394043, 9.774178504943848, 12.693801879882812, 9.350136756896973, 14.81694221496582, 13.298101425170898, 19.4932804107666, 19.590669631958008, 20.115659713745117, 18.585111618041992, 19.732648849487305, 19.43727684020996, 21.181257247924805, 19.865549087524414, 14.197054862976074, 13.983779907226562, 9.539447784423828, 8.614225387573242, 9.920388221740723, 10.873159408569336, 9.601173400878906], "12": [9.80524730682373, 9.721442222595215, 9.614675521850586, 11.01175594329834, 9.705883026123047, 12.780641555786133, 8.77575397491455, 16.59581184387207, 14.315031051635742, 20.29831314086914, 18.45350456237793, 18.46257972717285, 20.268381118774414, 18.941560745239258, 18.883445739746094, 21.329374313354492, 19.390586853027344, 17.909841537475586, 13.973690032958984, 9.571520805358887, 8.549759864807129, 9.71895694732666, 9.774052619934082, 11.629961013793945], "13": [9.742385864257812, 9.969437599182129, 10.001165390014648, 9.78034496307373, 9.974798202514648, 12.039703369140625, 13.066058158874512, 16.777774810791016, 14.12226676940918, 19.796478271484375, 19.63736343383789, 18.271331787109375, 19.62750816345215, 19.533987045288086, 18.561445236206055, 20.28776741027832, 18.334257125854492, 16.28361701965332, 13.881387710571289, 9.459734916687012, 8.611184120178223, 9.378129005432129, 9.813148498535156, 9.587629318237305], "14": [9.655011177062988, 11.738089561462402, 9.511028289794922, 9.671346664428711, 9.572611808776855, 13.444290161132812, 11.105544090270996, 15.914226531982422, 13.905953407287598, 17.477201461791992, 18.403648376464844, 18.365079879760742, 19.00551414489746, 17.03255844116211, 18.56275749206543, 18.22126007080078, 17.582839965820312, 14.936615943908691, 13.47140884399414, 9.11982536315918, 9.360590934753418, 8.72707748413086, 9.16270637512207, 9.477182388305664], "15": [9.50455379486084, 9.460579872131348, 9.305465698242188, 9.406746864318848, 9.523275375366211, 10.25958251953125, 8.488419532775879, 10.856541633605957, 8.26645278930664, 8.720829963684082, 8.095978736877441, 8.071451187133789, 8.24304485321045, 8.145734786987305, 8.037899017333984, 8.144906997680664, 9.06867790222168, 8.199576377868652, 9.899232864379883, 8.015799522399902, 8.156991004943848, 8.660995483398438, 9.147439956665039, 9.365488052368164], "16": [9.276845932006836, 9.418540954589844, 9.195795059204102, 11.446748733520508, 9.194546699523926, 9.003735542297363, 8.004385948181152, 8.278358459472656, 8.151451110839844, 8.0512113571167, 8.254698753356934, 8.119681358337402, 10.485240936279297, 7.960105895996094, 8.165353775024414, 8.112971305847168, 7.985096454620361, 8.010037422180176, 7.950411319732666, 9.007109642028809, 7.769618988037109, 8.53726577758789, 9.234740257263184, 9.069751739501953], "17": [8.830812454223633, 9.152815818786621, 9.218670845031738, 8.992769241333008, 9.053801536560059, 13.245561599731445, 11.279699325561523, 13.581743240356445, 14.44543743133545, 17.041521072387695, 20.48589324951172, 19.87356948852539, 18.460857391357422, 20.891374588012695, 18.738407135009766, 18.495407104492188, 20.438512802124023, 14.675579071044922, 15.16252613067627, 9.612271308898926, 8.462809562683105, 9.17513656616211, 9.713420867919922, 9.816446304321289],