{"2019": {"6": {"1": [95.65472412109375, 93.02734375, 95.34788513183594, 95.05809783935547, 93.46162414550781, 95.08448791503906, 92.87562561035156, 99.3821792602539, 102.7804946899414, 101.91309356689453, 105.12178039550781, 105.87560272216797, 103.26897430419922, 113.37403869628906, 112.29002380371094, 113.91197967529297, 114.51560974121094, 113.48706817626953, 112.25640869140625, 111.860107421875, 107.60935974121094, 101.23945617675781, 100.54676055908203, 100.27770233154297], "2": [100.94365692138672, 99.73895263671875, 97.02378845214844, 96.32540130615234, 98.06456756591797, 98.34754180908203, 95.04347229003906, 106.10908508300781, 108.79049682617188, 105.52046203613281, 110.6112289428711, 111.7518539428711, 113.58744049072266, 112.83504486083984, 112.63865661621094, 114.3598403930664, 111.20894622802734, 112.19744110107422, 101.12513732910156, 95.16232299804688, 94.13381958007812, 99.92884826660156, 99.63749694824219, 99.5826187133789], "3": [99.75459289550781, 101.45487976074219, 101.21337127685547, 98.50152587890625, 96.42212677001953, 96.08168029785156, 103.6613998413086, 110.6543197631836, 157.7243194580078, 196.66363525390625, 194.91195678710938, 193.601318359375, 198.42626953125, 194.23805236816406, 197.7098388671875, 199.44837951660156, 195.6866912841797, 184.79444885253906, 122.77899932861328, 110.0941390991211, 102.89082336425781, 105.0057144165039, 102.38648223876953, 101.03878784179688], "4": [94.5271987915039, 93.74772644042969, 93.59744262695312, 93.89137268066406, 94.82433319091797, 92.9114761352539, 101.41044616699219, 102.55631256103516, 110.16561126708984, 180.45277404785156, 190.96908569335938, 191.56661987304688, 193.9972686767578, 195.047119140625, 191.1600341796875, 196.9416046142578, 196.0548095703125, 186.62501525878906, 129.54083251953125, 125.10050201416016, 107.10047912597656, 106.94523620605469, 102.16285705566406, 98.29035949707031], "5": [90.63384246826172, 92.97107696533203, 91.4562759399414, 89.91118621826172, 90.14385223388672, 90.68220520019531, 96.66651153564453, 100.3628921508789, 109.44630432128906, 184.0601348876953, 183.36416625976562, 181.77685546875, 192.24729919433594, 186.6862030029297, 186.3464813232422, 191.87646484375, 190.2964630126953, 175.15789794921875, 126.4617919921875, 120.10230255126953, 110.2145767211914, 111.84716796875, 106.44180297851562, 105.00546264648438], "6": [93.5111083984375, 94.60306549072266, 94.71861267089844, 92.61824798583984, 93.40763092041016, 94.38783264160156, 96.23846435546875, 108.91470336914062, 112.85343170166016, 171.2914581298828, 178.11973571777344, 180.86427307128906, 180.8278350830078, 183.09303283691406, 190.1425018310547, 180.52291870117188, 187.46234130859375, 176.63067626953125, 123.36605834960938, 112.90496826171875, 104.3311538696289, 108.9544448852539, 100.78756713867188, 97.9578857421875], "7": [90.09162139892578, 91.4032974243164, 92.85515594482422, 91.7920150756836, 90.05392456054688, 90.37023162841797, 92.05142211914062, 99.74456024169922, 107.04811096191406, 167.22442626953125, 177.1585235595703, 176.7709503173828, 177.90774536132812, 179.6813507080078, 180.46070861816406, 178.5118865966797, 178.11935424804688, 171.2059783935547, 121.8281478881836, 108.75144958496094, 98.95501708984375, 100.00000762939453, 97.98657989501953, 92.62677764892578], "8": [89.75894165039062, 91.0036392211914, 89.57868194580078, 88.86821746826172, 90.27867889404297, 90.72179412841797, 88.02103424072266, 92.05105590820312, 100.28106689453125, 95.06795501708984, 92.49273681640625, 93.39295959472656, 103.67302703857422, 101.19219970703125, 97.4635009765625, 106.16287231445312, 94.02314758300781, 103.53797149658203, 103.61251068115234, 103.1089096069336, 93.71910095214844, 89.51583099365234, 92.0989761352539, 88.99610137939453], "9": [88.34352111816406, 90.55260467529297, 90.72718048095703, 90.1922378540039, 89.82108306884766, 91.95113372802734, 89.30323028564453, 91.36984252929688, 100.24571228027344, 94.60838317871094, 94.88556671142578, 100.05696105957031, 104.17450714111328, 97.43940734863281, 99.3071060180664, 107.5450668334961, 105.86788940429688, 105.40941619873047, 97.23116302490234, 94.87161254882812, 94.01663208007812, 95.01866912841797, 94.77122497558594, 95.06143188476562], "10": [95.53486633300781, 97.18386840820312, 97.7354965209961, 95.1000747680664, 94.89574432373047, 90.61308288574219, 97.9726333618164, 100.01557922363281, 149.5301513671875, 178.0457305908203, 188.2000732421875, 191.89292907714844, 189.3855438232422, 191.18321228027344, 192.47474670410156, 191.6805419921875, 191.90902709960938, 184.634033203125, 116.46653747558594, 109.57080078125, 105.98443603515625, 106.7641372680664, 103.40753173828125, 101.84877014160156], "11": [96.37954711914062, 92.7925033569336, 93.78952026367188, 92.57386779785156, 96.32183837890625, 93.77922821044922, 102.7126235961914, 106.8238525390625, 156.9036865234375, 182.99928283691406, 186.27674865722656, 192.77207946777344, 192.57347106933594, 192.06741333007812, 193.41253662109375, 198.8174285888672, 191.60055541992188, 186.10153198242188, 122.27783203125, 123.4531021118164, 119.88282012939453, 112.28446960449219, 101.32401275634766, 102.63080596923828], "12": [94.28136444091797, 96.43806457519531, 97.25820922851562, 92.82164764404297, 96.227783203125, 93.79481506347656, 102.35231018066406, 103.8836669921875, 160.9756622314453, 182.03570556640625, 189.0949249267578, 193.31884765625, 192.74044799804688, 192.6846466064453, 201.96852111816406, 198.88572692871094, 196.805419921875, 190.81581115722656, 127.24384307861328, 121.84590148925781, 118.7564468383789, 119.16468811035156, 103.941650390625, 104.39797973632812], "13": [93.32221984863281, 95.19063568115234, 95.85508728027344, 95.44194793701172, 93.91748046875, 95.81128692626953, 100.97000122070312, 106.30657196044922, 162.0247802734375, 186.74493408203125, 192.3687744140625, 191.95758056640625, 198.50572204589844, 191.25064086914062, 198.2865753173828, 201.8085479736328, 196.08267211914062, 193.00210571289062, 129.08270263671875, 118.68193817138672, 118.50395202636719, 117.86762237548828, 107.35269927978516, 99.46464538574219], "14": [92.03753662109375, 90.01656341552734, 89.69763946533203, 91.85391998291016, 91.55876922607422, 90.555908203125, 98.49818420410156, 103.38042449951172, 156.93629455566406, 179.8335723876953, 177.92416381835938, 183.60906982421875, 181.9130859375, 183.9469451904297, 181.09303283691406, 189.25428771972656, 183.24276733398438, 174.05020141601562, 119.61737823486328, 116.39571380615234, 113.92094421386719, 113.87481689453125, 104.96623992919922, 103.37305450439453], "15": [92.52291870117188, 92.87666320800781, 92.84915924072266, 93.87753295898438, 94.09601593017578, 93.5649185180664, 91.22039031982422, 101.08726501464844, 102.38626098632812, 103.12149810791016, 110.15904235839844, 110.753173828125, 112.86263275146484, 110.8108139038086, 111.17681121826172, 112.39106750488281, 112.74909210205078, 112.255126953125, 109.78646850585938, 107.71375274658203, 109.27579498291016, 95.52023315429688, 96.4642105102539, 98.00699615478516], "16": [96.88333892822266, 95.53511810302734, 96.4381103515625, 96.73281860351562, 97.63146209716797, 96.09476470947266, 93.95130157470703, 103.51028442382812, 106.80921936035156, 105.84666442871094, 108.92235565185547, 108.76010131835938, 110.0857925415039, 109.82896423339844, 109.48868560791016, 109.51074981689453, 109.12451171875, 108.62972259521484, 98.29043579101562, 95.7686996459961, 96.09541320800781, 98.60458374023438, 95.74219512939453, 95.9793472290039], "17": [96.21514892578125, 96.85781860351562, 95.29940032958984, 94.5755844116211, 92.31620788574219, 92.09867095947266, 100.27880096435547, 104.10723876953125, 160.86756896972656, 188.37045288085938, 197.4441375732422, 196.3172607421875, 190.68162536621094, 193.82431030273438, 193.32510375976562, 195.21688842773438, 194.65797424316406, 186.49295043945312, 115.69922637939453, 106.62460327148438, 105.89865112304688, 105.40727996826172, 106.44921875, 99.7264633178711],