{"2019": {"6": {"1": [25.326553344726562, 44.85192108154297, 46.54499053955078, 45.90436553955078, 45.14399337768555, 45.068050384521484, 27.360116958618164, 39.708534240722656, 51.2219123840332, 57.56348419189453, 88.24114227294922, 90.33960723876953, 89.73184967041016, 92.11460876464844, 90.28055572509766, 91.24471282958984, 83.81800842285156, 87.94963836669922, 90.6847915649414, 88.95352172851562, 85.17485046386719, 83.6904525756836, 64.91007232666016, 39.85505676269531], "2": [13.960273742675781, 14.098883628845215, 13.76622486114502, 14.21103286743164, 13.876456260681152, 14.24245548248291, 11.645583152770996, 24.830883026123047, 49.105281829833984, 54.05342483520508, 65.49388885498047, 59.08460998535156, 89.80765533447266, 91.59496307373047, 91.32071685791016, 91.39112091064453, 83.43819427490234, 84.3554916381836, 87.0158920288086, 83.78872680664062, 78.97460174560547, 76.11328887939453, 59.593746185302734, 40.35267639160156], "3": [14.472700119018555, 13.910196304321289, 14.100939750671387, 14.003789901733398, 13.67713451385498, 13.578195571899414, 10.928768157958984, 68.04109191894531, 86.89970397949219, 90.54376983642578, 90.98416900634766, 89.70515441894531, 91.5970230102539, 91.83377838134766, 90.48101043701172, 90.48980712890625, 92.0351333618164, 94.19586181640625, 91.4657211303711, 92.09263610839844, 93.26738739013672, 85.27906799316406, 39.6427001953125, 14.76200008392334], "4": [44.95655822753906, 44.83169174194336, 45.0604133605957, 32.55548095703125, 44.47211456298828, 43.72789001464844, 37.7631950378418, 60.456363677978516, 75.6041488647461, 79.15620422363281, 89.84487915039062, 90.99571228027344, 85.85858154296875, 90.78382873535156, 90.32083129882812, 92.67982482910156, 91.43486785888672, 93.61229705810547, 92.5440444946289, 85.6491928100586, 82.23953247070312, 84.36587524414062, 38.90190887451172, 13.5358304977417], "5": [43.26169967651367, 44.09501647949219, 43.59587860107422, 45.337398529052734, 43.52595520019531, 37.89694595336914, 38.93518829345703, 69.88406372070312, 85.93272399902344, 91.21818542480469, 90.24008178710938, 85.31961059570312, 91.45489501953125, 93.1034927368164, 95.11527252197266, 94.17282104492188, 90.67741394042969, 87.54386901855469, 94.43094635009766, 86.932861328125, 85.99827575683594, 87.63822174072266, 36.609649658203125, 13.975491523742676], "6": [43.23430252075195, 44.03094482421875, 44.25299072265625, 45.412086486816406, 43.96077346801758, 41.42063522338867, 25.327049255371094, 71.68704986572266, 86.82392883300781, 75.91500091552734, 74.37991333007812, 75.0608139038086, 77.3850326538086, 78.9189682006836, 77.64094543457031, 91.6483154296875, 92.15473937988281, 92.7413558959961, 92.6950454711914, 71.29827880859375, 86.91922760009766, 72.02958679199219, 37.05950164794922, 13.519752502441406], "7": [42.54267883300781, 43.52900695800781, 45.06998825073242, 32.29560852050781, 44.65628433227539, 44.13545227050781, 38.32601547241211, 74.32347869873047, 90.21246337890625, 80.09451293945312, 82.75846099853516, 78.97623443603516, 78.15965270996094, 77.70816802978516, 76.43766784667969, 76.9020767211914, 77.13477325439453, 92.93276977539062, 93.67073822021484, 87.83544921875, 87.74100494384766, 64.78495025634766, 36.291847229003906, 14.153209686279297], "8": [43.7972297668457, 44.3918571472168, 44.41233825683594, 44.47517776489258, 44.881649017333984, 43.92401123046875, 26.21158218383789, 39.27101135253906, 48.77828598022461, 38.91402053833008, 74.24104309082031, 76.7926025390625, 77.8576889038086, 79.32170104980469, 77.04580688476562, 91.86175537109375, 84.4227523803711, 85.2895278930664, 85.7813720703125, 84.47869110107422, 82.78807830810547, 83.57215881347656, 55.79404830932617, 39.442481994628906], "9": [13.535208702087402, 14.441568374633789, 13.78708267211914, 13.801729202270508, 13.821061134338379, 14.044858932495117, 12.272022247314453, 25.745607376098633, 49.61282730102539, 65.47058868408203, 79.94495391845703, 88.3149185180664, 90.74832153320312, 93.82662963867188, 91.60597229003906, 92.99237060546875, 85.00228118896484, 85.64045715332031, 84.9151382446289, 83.18949890136719, 82.12923431396484, 81.86650848388672, 53.94968795776367, 39.319942474365234], "10": [14.003217697143555, 14.004191398620605, 14.310770034790039, 14.059326171875, 13.9037504196167, 14.334351539611816, 11.349139213562012, 68.87760162353516, 88.11165618896484, 92.56954193115234, 93.97567749023438, 92.94513702392578, 93.58155059814453, 93.30644989013672, 92.03427124023438, 92.63262176513672, 92.38259887695312, 93.32721710205078, 92.9871597290039, 91.45941162109375, 91.853271484375, 89.08586120605469, 41.142417907714844, 13.694247245788574], "11": [43.07542419433594, 43.25971221923828, 43.90232467651367, 44.798423767089844, 44.605430603027344, 43.73040771484375, 25.93465805053711, 63.587364196777344, 86.8049545288086, 90.09249877929688, 92.06983184814453, 90.9068603515625, 92.8714828491211, 94.01739501953125, 90.72920989990234, 90.10220336914062, 90.99239349365234, 91.40827178955078, 91.14111328125, 90.80792236328125, 90.85246276855469, 91.23330688476562, 53.47947311401367, 20.737457275390625], "12": [43.611026763916016, 44.8726921081543, 45.56610107421875, 44.453433990478516, 45.349449157714844, 42.43989562988281, 38.07469177246094, 68.21448516845703, 83.9259033203125, 88.96123504638672, 89.41976928710938, 88.4529800415039, 89.2387466430664, 90.81181335449219, 88.84049987792969, 89.43638610839844, 90.34874725341797, 91.7682113647461, 90.0479965209961, 94.42699432373047, 89.4192886352539, 90.17103576660156, 45.138668060302734, 19.675830841064453], "13": [48.11757278442383, 50.995609283447266, 50.40431594848633, 46.14928436279297, 45.12971496582031, 42.52454376220703, 28.284238815307617, 66.44905853271484, 86.16378784179688, 89.98706817626953, 89.35924530029297, 88.42723846435547, 90.27719116210938, 91.75338745117188, 89.64087677001953, 91.81423950195312, 91.51914978027344, 90.27230072021484, 92.58413696289062, 90.68863677978516, 90.51829528808594, 89.91166687011719, 45.58879852294922, 16.61491584777832], "14": [46.53529357910156, 44.551856994628906, 43.3013801574707, 44.03959655761719, 46.05699157714844, 41.819095611572266, 38.25507354736328, 70.00232696533203, 78.43610382080078, 85.53590393066406, 90.45614624023438, 85.9112777709961, 89.68413543701172, 90.0655746459961, 92.28727722167969, 93.53925323486328, 91.81431579589844, 79.58446502685547, 79.98165893554688, 82.65663146972656, 85.36174774169922, 83.11105346679688, 40.306060791015625, 14.873827934265137], "15": [26.283977508544922, 44.263370513916016, 44.88958740234375, 38.825775146484375, 45.21068572998047, 44.24898147583008, 38.146949768066406, 33.3636589050293, 74.87079620361328, 78.60626983642578, 86.79686737060547, 90.97499084472656, 89.43144989013672, 90.77987670898438, 91.38822174072266, 88.52215576171875, 82.30614471435547, 90.635498046875, 89.5494613647461, 89.36919403076172, 84.81685638427734, 80.5979232788086, 63.26443862915039, 41.47480773925781], "16": [12.86441421508789, 12.73914909362793, 14.100617408752441, 13.228540420532227, 12.503952980041504, 13.09510326385498, 10.779768943786621, 24.461091995239258, 75.578857421875, 77.4527359008789, 85.56375122070312, 82.71910095214844, 86.21562194824219, 88.4306411743164, 89.54472351074219, 86.38538360595703, 82.4190902709961, 88.72289276123047, 88.15821838378906, 88.28699493408203, 85.65054321289062, 84.22965240478516, 66.05001831054688, 41.428932189941406], "17": [12.2396879196167, 12.95068359375, 14.163414001464844, 12.475045204162598, 13.635454177856445, 13.989770889282227, 9.823720932006836, 66.86732482910156, 86.3282241821289, 89.84100341796875, 88.30980682373047, 88.49162292480469, 88.21350860595703, 89.88533782958984, 89.7856216430664, 89.35853576660156, 89.869384765625, 90.36231231689453, 91.98103332519531, 88.92936706542969, 90.80463409423828, 89.05905151367188, 37.69048309326172, 14.171568870544434],