{"2019": {"6": {"1": [204.93121337890625, 318.7338562011719, 255.66448974609375, 227.73391723632812, 229.5238037109375, 238.20965576171875, 211.70791625976562, 272.6254577636719, 301.9292297363281, 373.20733642578125, 380.57525634765625, 374.4629211425781, 402.137939453125, 394.8961486816406, 416.0948486328125, 400.1601867675781, 406.31597900390625, 399.8901062011719, 405.58636474609375, 297.91937255859375, 341.73638916015625, 325.6958923339844, 281.4684753417969, 261.7250061035156], "2": [243.37571716308594, 241.86776733398438, 225.77735900878906, 227.57009887695312, 238.22569274902344, 224.3056182861328, 219.9351806640625, 297.6051025390625, 333.3541259765625, 372.41424560546875, 366.5184020996094, 358.2964782714844, 376.5687255859375, 371.0624694824219, 396.92529296875, 419.6134948730469, 390.8989562988281, 406.7592468261719, 331.01031494140625, 285.2981872558594, 186.1588897705078, 290.6980285644531, 284.75921630859375, 252.88270568847656], "3": [230.3643341064453, 209.87741088867188, 241.0719451904297, 214.18679809570312, 239.47442626953125, 214.55136108398438, 243.60350036621094, 224.1371307373047, 333.49334716796875, 372.6973571777344, 402.7259826660156, 427.5380554199219, 421.5791320800781, 443.7386169433594, 463.0690002441406, 434.5106506347656, 430.44879150390625, 399.4749450683594, 389.6190490722656, 373.5936584472656, 346.1189880371094, 350.24176025390625, 276.2940673828125, 201.90106201171875], "4": [189.4366455078125, 193.29928588867188, 246.45904541015625, 242.6539306640625, 229.90293884277344, 217.88279724121094, 223.13156127929688, 243.56787109375, 305.0992736816406, 370.5970153808594, 407.2181396484375, 394.0572204589844, 444.6127014160156, 436.3034362792969, 444.2266540527344, 434.74237060546875, 429.73260498046875, 408.4773864746094, 377.756591796875, 350.3709411621094, 358.98858642578125, 277.8005676269531, 325.5202331542969, 308.00531005859375], "5": [309.1114807128906, 287.66864013671875, 280.1983337402344, 286.5169677734375, 255.772705078125, 232.15525817871094, 254.18885803222656, 247.9265594482422, 292.5150146484375, 369.0330505371094, 384.18377685546875, 408.51617431640625, 439.2947082519531, 392.76470947265625, 389.1681823730469, 418.9173583984375, 388.0263671875, 408.0993957519531, 376.9434814453125, 328.75115966796875, 373.5003356933594, 309.72076416015625, 320.312255859375, 247.00238037109375], "6": [276.0899353027344, 263.5453796386719, 252.7779541015625, 262.4737548828125, 225.6860809326172, 217.10958862304688, 235.9765625, 237.69288635253906, 302.0814208984375, 363.9842834472656, 397.7879638671875, 402.19464111328125, 416.0600280761719, 422.5113830566406, 401.442138671875, 439.03680419921875, 426.7744445800781, 399.84173583984375, 351.34515380859375, 305.9175720214844, 342.8520202636719, 273.89019775390625, 284.1567687988281, 223.38516235351562], "7": [269.8675842285156, 226.46109008789062, 226.50584411621094, 207.4886932373047, 233.49069213867188, 209.3802947998047, 235.6993408203125, 246.05616760253906, 300.121826171875, 328.1659240722656, 351.2353820800781, 338.7797546386719, 376.017578125, 391.07672119140625, 426.6320495605469, 437.31494140625, 424.53271484375, 378.0700378417969, 395.0474548339844, 346.778564453125, 344.868896484375, 299.0885314941406, 315.029052734375, 249.27369689941406], "8": [238.44668579101562, 271.77618408203125, 236.86521911621094, 234.2383575439453, 254.2364044189453, 214.9359588623047, 235.65008544921875, 260.1151123046875, 277.639404296875, 276.5355529785156, 321.372802734375, 298.89764404296875, 336.6433410644531, 355.7220153808594, 359.27447509765625, 341.10626220703125, 360.16766357421875, 334.7769775390625, 351.1127014160156, 295.771240234375, 298.2373352050781, 255.31588745117188, 260.3424377441406, 223.01202392578125], "9": [211.40087890625, 239.03515625, 219.7185821533203, 209.17491149902344, 252.0138702392578, 232.98037719726562, 209.0454559326172, 211.45889282226562, 247.6785888671875, 338.7051086425781, 329.1937561035156, 316.94073486328125, 330.7637939453125, 317.2342224121094, 342.3662414550781, 328.0365905761719, 360.2024230957031, 341.1275329589844, 322.8988342285156, 289.60809326171875, 333.47796630859375, 269.8493957519531, 181.78001403808594, 161.25413513183594], "10": [211.575439453125, 237.14505004882812, 184.6972198486328, 154.37451171875, 201.71949768066406, 232.3083038330078, 210.9116973876953, 248.30430603027344, 339.5889892578125, 384.7046813964844, 388.47900390625, 414.65948486328125, 424.0434265136719, 428.7295227050781, 427.7686767578125, 445.8152770996094, 419.9830322265625, 412.9954528808594, 403.3260192871094, 401.7549743652344, 391.4020080566406, 292.5453186035156, 325.12298583984375, 197.1463165283203], "11": [251.94607543945312, 225.13815307617188, 288.91717529296875, 238.99227905273438, 246.95126342773438, 246.1796875, 209.67303466796875, 355.3290710449219, 361.1797180175781, 416.68798828125, 439.5942687988281, 488.0112609863281, 486.6129150390625, 495.57525634765625, 508.033203125, 493.83709716796875, 486.96759033203125, 452.12591552734375, 430.35101318359375, 429.0740051269531, 416.281494140625, 399.2403869628906, 328.5697326660156, 191.45184326171875], "12": [235.8592071533203, 392.56884765625, 360.8396911621094, 264.3431396484375, 241.91595458984375, 228.1825714111328, 231.03746032714844, 303.8818054199219, 379.0339660644531, 445.5055236816406, 500.3365173339844, 474.4892272949219, 522.2391967773438, 526.5346069335938, 537.4954223632812, 529.0006103515625, 526.2382202148438, 508.6150207519531, 482.02093505859375, 458.0865478515625, 433.2676696777344, 410.7786560058594, 367.7457275390625, 321.267822265625], "13": [291.1247863769531, 283.51617431640625, 326.6278076171875, 279.2104797363281, 318.0674743652344, 259.1007080078125, 290.250732421875, 302.05401611328125, 365.3948669433594, 423.4472961425781, 449.33929443359375, 460.3590393066406, 478.5015563964844, 500.37921142578125, 482.9027099609375, 494.76947021484375, 471.4974365234375, 469.29010009765625, 438.15765380859375, 430.9739990234375, 396.969970703125, 379.1206970214844, 323.09759521484375, 268.19049072265625], "14": [263.2580871582031, 263.4151306152344, 245.5909881591797, 282.4117431640625, 246.61582946777344, 256.1217956542969, 242.88986206054688, 261.7870178222656, 322.4375915527344, 350.799560546875, 398.8911437988281, 391.1838684082031, 405.5562438964844, 424.111083984375, 395.21832275390625, 425.99578857421875, 413.87469482421875, 423.3583984375, 375.76611328125, 375.8307189941406, 374.02630615234375, 344.9423828125, 328.9912109375, 203.3527069091797], "15": [271.0749206542969, 292.1075744628906, 296.4085388183594, 257.15447998046875, 268.4346008300781, 248.63546752929688, 235.6651611328125, 252.70010375976562, 264.5166015625, 299.899169921875, 319.84521484375, 320.834228515625, 329.8081359863281, 336.4059143066406, 343.5904541015625, 359.29248046875, 323.1954650878906, 357.0260009765625, 332.9457092285156, 277.98486328125, 331.99688720703125, 324.4070739746094, 296.0986328125, 216.46588134765625], "16": [212.60546875, 208.14064025878906, 208.60154724121094, 202.96234130859375, 210.07669067382812, 185.84559631347656, 202.64756774902344, 227.8534698486328, 270.5765075683594, 301.0673522949219, 301.5394592285156, 300.4455261230469, 331.37103271484375, 339.4369812011719, 346.6256103515625, 338.45037841796875, 329.15911865234375, 340.94854736328125, 335.0030822753906, 319.9464111328125, 324.27520751953125, 330.0215759277344, 278.50921630859375, 260.3927307128906], "17": [230.3119659423828, 260.4908752441406, 202.4149169921875, 202.85220336914062, 200.97698974609375, 206.6486358642578, 200.28347778320312, 266.8038330078125, 320.2235107421875, 418.0406494140625, 420.676513671875, 418.2087097167969, 449.99346923828125, 452.7513427734375, 474.0586242675781, 490.8732604980469, 469.3112487792969, 446.7784423828125, 422.4854431152344, 398.7651672363281, 390.2954406738281, 366.7152099609375, 226.59243774414062, 306.1529235839844],