{"2019": {"6": {"1": [38.756622314453125, 40.59762191772461, 36.7856559753418, 34.17002868652344, 34.375545501708984, 34.384490966796875, 34.13935470581055, 36.07377243041992, 53.3330078125, 55.65973663330078, 53.76999282836914, 63.01667404174805, 61.8233757019043, 73.22076416015625, 78.58177947998047, 85.95211791992188, 73.78284454345703, 77.75926208496094, 75.21138763427734, 53.6805419921875, 55.75136184692383, 59.0727653503418, 40.424015045166016, 38.848182678222656], "2": [37.368003845214844, 37.40066909790039, 36.68975830078125, 37.06779861450195, 38.96879959106445, 40.658634185791016, 38.55268478393555, 36.23476028442383, 62.755428314208984, 94.23223114013672, 87.91393280029297, 76.04208374023438, 79.95330810546875, 75.03060913085938, 73.6451644897461, 75.56336212158203, 77.59036254882812, 81.18896484375, 63.03879165649414, 60.3085823059082, 57.043827056884766, 57.14313507080078, 36.569671630859375, 40.74186706542969], "3": [37.874813079833984, 39.97560501098633, 40.103965759277344, 39.201107025146484, 37.24150466918945, 37.25649642944336, 37.98643112182617, 45.794918060302734, 68.75177764892578, 76.05618286132812, 77.59960174560547, 86.68134307861328, 91.37213897705078, 88.94794464111328, 86.60916900634766, 85.17937469482422, 72.3300552368164, 77.30955505371094, 72.05894470214844, 64.62342834472656, 66.84932708740234, 65.8190689086914, 39.88451385498047, 51.74668884277344], "4": [41.74461364746094, 39.04854202270508, 33.101654052734375, 32.2409553527832, 33.721961975097656, 30.515810012817383, 28.306949615478516, 36.180477142333984, 65.3872299194336, 83.52008819580078, 91.53667449951172, 98.17878723144531, 98.61687469482422, 71.45822143554688, 73.3370590209961, 80.35176849365234, 71.78450012207031, 67.3189468383789, 65.0676040649414, 47.44293975830078, 46.95656204223633, 55.721187591552734, 48.71953201293945, 47.63337707519531], "5": [39.91836929321289, 34.61893081665039, 32.33749008178711, 27.633325576782227, 27.44967269897461, 38.26178741455078, 36.717933654785156, 45.52870559692383, 63.02777862548828, 72.98383331298828, 71.81428527832031, 69.93502807617188, 72.86398315429688, 63.7281379699707, 74.63052368164062, 75.69869995117188, 72.05056762695312, 75.51344299316406, 60.370758056640625, 58.2754020690918, 47.67281723022461, 51.62397003173828, 45.860382080078125, 43.159873962402344], "6": [38.618927001953125, 37.978694915771484, 33.05672836303711, 30.330976486206055, 27.467023849487305, 29.470800399780273, 29.10186195373535, 30.94526481628418, 52.879234313964844, 62.466461181640625, 60.2708740234375, 65.1091537475586, 78.85401916503906, 69.61334228515625, 77.4024658203125, 79.95268249511719, 72.59381103515625, 72.895751953125, 68.9056167602539, 55.25485610961914, 56.17679214477539, 51.63078689575195, 44.54701232910156, 50.218990325927734], "7": [41.59200668334961, 39.659523010253906, 34.9311637878418, 30.39670181274414, 30.51492691040039, 31.230005264282227, 31.09567642211914, 36.067012786865234, 44.029972076416016, 42.17158126831055, 43.018531799316406, 41.4017219543457, 56.00836944580078, 53.57588577270508, 47.459686279296875, 50.99943923950195, 53.74972152709961, 51.431861877441406, 58.15338134765625, 62.74109649658203, 59.877838134765625, 64.32359313964844, 44.998722076416016, 44.98430252075195], "8": [47.06589889526367, 42.103736877441406, 45.373138427734375, 33.814300537109375, 31.9377498626709, 32.080780029296875, 32.538665771484375, 32.70703887939453, 34.20111083984375, 35.79612350463867, 39.329254150390625, 39.615570068359375, 39.834068298339844, 38.614036560058594, 46.1067008972168, 44.56428909301758, 58.2917366027832, 42.6976432800293, 41.520484924316406, 47.44316482543945, 46.44258117675781, 45.585662841796875, 37.903263092041016, 38.10344696044922], "9": [37.53030776977539, 37.99256896972656, 37.333045959472656, 40.12309646606445, 38.182830810546875, 37.82441329956055, 37.08036422729492, 38.9420280456543, 37.96134567260742, 36.41447067260742, 36.66904067993164, 37.71757888793945, 42.2523078918457, 50.514625549316406, 37.158573150634766, 41.39200973510742, 37.76801300048828, 43.84767532348633, 36.70193099975586, 35.30397415161133, 35.11140823364258, 40.702850341796875, 37.54015350341797, 37.51877212524414], "10": [37.00651168823242, 36.9267578125, 37.37348175048828, 50.26176071166992, 37.3783073425293, 40.33358383178711, 37.18142318725586, 38.3163948059082, 46.41852569580078, 48.268699645996094, 53.27164840698242, 60.19891357421875, 54.343318939208984, 57.27995300292969, 51.61210250854492, 57.14228439331055, 56.501216888427734, 71.2932357788086, 65.8027114868164, 74.5025405883789, 71.90145111083984, 57.09086227416992, 45.83766555786133, 46.32563781738281], "11": [45.64998245239258, 39.797176361083984, 29.74933433532715, 38.8637809753418, 27.50784683227539, 29.366527557373047, 34.73005294799805, 37.218318939208984, 39.25144958496094, 47.11266326904297, 53.65438461303711, 51.32230758666992, 62.220489501953125, 57.42686080932617, 64.81825256347656, 62.22509002685547, 54.209815979003906, 52.047019958496094, 68.01660919189453, 52.47086715698242, 59.88880920410156, 56.350528717041016, 54.90322494506836, 50.62000274658203], "12": [36.11878204345703, 36.84827423095703, 31.92881202697754, 29.601295471191406, 42.42147445678711, 29.618419647216797, 25.966333389282227, 28.805810928344727, 38.76049041748047, 49.166683197021484, 52.87382507324219, 46.712493896484375, 51.93739700317383, 59.325008392333984, 62.043312072753906, 57.62861251831055, 60.70793914794922, 58.94346618652344, 60.22910690307617, 65.97866821289062, 61.216896057128906, 59.180904388427734, 52.1400146484375, 43.067962646484375], "13": [39.22076416015625, 39.102752685546875, 28.20154571533203, 35.997276306152344, 27.198162078857422, 24.88930320739746, 23.284128189086914, 36.58134460449219, 38.06839370727539, 49.778194427490234, 59.30978775024414, 53.78962326049805, 63.578651428222656, 47.35258865356445, 50.42371368408203, 47.60120391845703, 53.460872650146484, 51.79948043823242, 57.378910064697266, 56.72700119018555, 52.58123016357422, 48.65522384643555, 57.035850524902344, 42.99531173706055], "14": [37.95451354980469, 38.18271255493164, 33.29755401611328, 29.622371673583984, 31.40291976928711, 27.546215057373047, 29.01720428466797, 29.104961395263672, 34.25141143798828, 44.13130569458008, 52.830482482910156, 58.22599792480469, 42.22404861450195, 54.17700958251953, 52.402652740478516, 44.66566467285156, 50.61341094970703, 49.47876739501953, 54.533016204833984, 50.899330139160156, 54.8640251159668, 50.64457321166992, 50.25688934326172, 42.32838439941406], "15": [34.6471061706543, 36.936031341552734, 32.127864837646484, 29.575611114501953, 27.581207275390625, 28.0211238861084, 26.91554832458496, 33.64824295043945, 31.169496536254883, 32.13249969482422, 35.283416748046875, 35.44713592529297, 41.65603256225586, 30.211145401000977, 34.033878326416016, 46.027488708496094, 32.848209381103516, 33.49269104003906, 32.8611946105957, 32.268741607666016, 36.522674560546875, 38.65105056762695, 37.979515075683594, 30.11981201171875], "16": [27.175548553466797, 28.330467224121094, 29.64569854736328, 28.070659637451172, 28.42508888244629, 29.580869674682617, 27.272253036499023, 28.506786346435547, 32.870601654052734, 26.66703987121582, 29.524085998535156, 28.92403793334961, 26.670560836791992, 27.365802764892578, 27.8448486328125, 33.2299690246582, 38.85690689086914, 28.769594192504883, 29.6015625, 29.906675338745117, 28.708179473876953, 27.937843322753906, 28.070810317993164, 31.49285888671875], "17": [26.620384216308594, 38.19645309448242, 30.18045425415039, 26.92064666748047, 28.90916633605957, 32.4709358215332, 27.022480010986328, 29.20530128479004, 35.93110275268555, 42.08988571166992, 46.467987060546875, 47.003326416015625, 57.92084503173828, 58.749671936035156, 52.92074966430664, 50.45660400390625, 55.12466049194336, 54.4278678894043, 55.2789306640625, 63.345542907714844, 63.012855529785156, 43.94802474975586, 51.41656494140625, 39.23497772216797],