{"2019": {"6": {"1": [98.64865112304688, 100.00535583496094, 102.80020904541016, 106.42276763916016, 88.01583099365234, 83.75479125976562, 85.59880065917969, 87.73597717285156, 87.98601531982422, 91.29235076904297, 102.4412841796875, 102.83430480957031, 108.79508972167969, 90.53755950927734, 101.12992858886719, 114.20394134521484, 96.8586196899414, 103.19844818115234, 98.6528549194336, 102.761474609375, 102.55158996582031, 104.55261993408203, 113.29711151123047, 105.64873504638672], "2": [110.5462417602539, 98.59917449951172, 95.87730407714844, 86.00020599365234, 87.5718994140625, 81.37249755859375, 86.72048950195312, 87.52532958984375, 90.6934585571289, 92.48827362060547, 92.20205688476562, 94.41133117675781, 104.3101806640625, 109.4229507446289, 98.85782623291016, 105.14614868164062, 100.63591003417969, 109.89197540283203, 116.3602066040039, 114.4456787109375, 123.886474609375, 129.33274841308594, 120.13818359375, 122.88772583007812], "3": [115.55307006835938, 95.60429382324219, 93.18773651123047, 101.78064727783203, 89.08090209960938, 94.41063690185547, 93.71319580078125, 96.65840148925781, 100.12252044677734, 98.99432373046875, 91.56470489501953, 97.5004653930664, 91.36698913574219, 102.9066162109375, 102.21321868896484, 108.01304626464844, 109.2922592163086, 105.56449890136719, 114.39299774169922, 105.85740661621094, 111.9846420288086, 113.61064147949219, 120.65140533447266, 119.53400421142578], "4": [111.76018524169922, 96.49935150146484, 99.0093994140625, 92.69502258300781, 90.96797180175781, 87.17884826660156, 94.0643081665039, 97.1570053100586, 101.83627319335938, 96.65951538085938, 96.25607299804688, 99.43889617919922, 104.0831527709961, 102.54788970947266, 110.22724151611328, 102.38462829589844, 110.03144836425781, 104.90374755859375, 103.82919311523438, 118.08512878417969, 119.2500228881836, 119.5866470336914, 129.99578857421875, 113.6160659790039], "5": [115.97990417480469, 109.28710174560547, 100.138671875, 94.18831634521484, 90.69851684570312, 87.30741119384766, 95.59676361083984, 97.87004852294922, 102.2293930053711, 101.99391174316406, 101.02430725097656, 102.77342987060547, 105.86270141601562, 122.42479705810547, 119.25096893310547, 110.04713439941406, 122.11266326904297, 122.63236999511719, 125.16921997070312, 114.10179138183594, 113.57245635986328, 128.34173583984375, 135.22430419921875, 127.01240539550781], "6": [115.77263641357422, 116.56548309326172, 106.8348388671875, 97.14246368408203, 94.9886474609375, 94.3733139038086, 101.6955795288086, 104.53874206542969, 103.8454360961914, 107.33715057373047, 109.27312469482422, 108.5247802734375, 110.02227783203125, 110.44914245605469, 111.54183197021484, 107.171875, 108.91905975341797, 133.9762420654297, 110.65951538085938, 126.11697387695312, 125.56653594970703, 118.48622131347656, 131.41140747070312, 135.039306640625], "7": [130.25836181640625, 119.72431182861328, 107.0743179321289, 105.17263793945312, 103.84423828125, 95.02701568603516, 102.85452270507812, 107.8183364868164, 108.9546127319336, 106.87215423583984, 108.25695037841797, 113.46304321289062, 118.84285736083984, 119.51520538330078, 110.05867767333984, 124.51690673828125, 107.93890380859375, 125.07288360595703, 112.32478332519531, 125.1763916015625, 121.36216735839844, 121.1015396118164, 131.6385040283203, 133.5744171142578], "8": [125.12275695800781, 120.38631439208984, 106.89813995361328, 108.64362335205078, 101.61553955078125, 99.89999389648438, 109.12487030029297, 101.91177368164062, 105.67591857910156, 106.99629211425781, 110.8547592163086, 113.22343444824219, 126.39704132080078, 120.69363403320312, 117.47299194335938, 126.54135131835938, 111.35069274902344, 105.5278549194336, 112.07157897949219, 118.6629409790039, 126.26914978027344, 137.82872009277344, 124.01058959960938, 121.41981506347656], "9": [114.86857604980469, 106.1512680053711, 102.706298828125, 95.51410675048828, 97.54222106933594, 93.24437713623047, 97.79386138916016, 97.4008560180664, 105.79034423828125, 96.01053619384766, 104.13375091552734, 118.73089599609375, 120.05062866210938, 119.2474594116211, 121.39414978027344, 110.1669692993164, 107.54158020019531, 99.9495849609375, 119.9618148803711, 112.52897644042969, 123.61971282958984, 144.56314086914062, 138.37481689453125, 134.4606170654297], "10": [117.81671905517578, 101.42132568359375, 90.76737976074219, 91.08373260498047, 91.97998809814453, 89.35899353027344, 93.31929779052734, 97.98450469970703, 100.67361450195312, 103.95867156982422, 100.53199768066406, 109.33000946044922, 108.14423370361328, 101.16636657714844, 108.90770721435547, 102.0029067993164, 96.54126739501953, 102.86553192138672, 114.20879364013672, 116.16790771484375, 116.1883773803711, 126.65884399414062, 117.75808715820312, 112.09991455078125], "11": [107.8495101928711, 97.56888580322266, 92.89521026611328, 90.74954986572266, 89.42224884033203, 84.83163452148438, 95.58975982666016, 96.09027862548828, 101.38156127929688, 96.91390991210938, 95.62260437011719, 102.60596466064453, 104.05908966064453, 104.46927642822266, 94.3965835571289, 96.41480255126953, 97.96322631835938, 104.55167388916016, 106.53942108154297, 114.93009185791016, 109.62628173828125, 120.04328155517578, 122.30741882324219, 118.43258666992188], "12": [97.07301330566406, 83.547607421875, 84.5421142578125, 79.86559295654297, 73.10935974121094, 73.13679504394531, 77.17564392089844, 80.1074447631836, 92.7423324584961, 100.30352783203125, 92.83229064941406, 91.6427230834961, 103.96019744873047, 108.1859130859375, 92.97752380371094, 90.18108367919922, 94.27788543701172, 98.32182312011719, 102.56582641601562, 115.78118896484375, 109.53157043457031, 107.43943786621094, 122.94080352783203, 109.58914184570312], "13": [111.01834106445312, 94.67521667480469, 92.44007873535156, 78.28668212890625, 77.58614349365234, 73.11489868164062, 87.31940460205078, 90.03370666503906, 94.46236419677734, 99.27177429199219, 87.43628692626953, 95.49478912353516, 95.04580688476562, 94.6512222290039, 97.89440155029297, 89.81269836425781, 97.5360336303711, 107.40616607666016, 112.12958526611328, 111.00739288330078, 107.74685668945312, 112.46995544433594, 112.69725799560547, 107.75108337402344], "14": [121.33331298828125, 102.23765563964844, 88.33031463623047, 82.27182006835938, 84.05632781982422, 73.83112335205078, 80.87255859375, 85.52478790283203, 92.10585021972656, 93.5124282836914, 94.92759704589844, 93.09073638916016, 99.29415893554688, 103.91719055175781, 93.77693939208984, 99.2655029296875, 100.28337097167969, 100.29277801513672, 107.91475677490234, 112.02057647705078, 125.36039733886719, 120.25065612792969, 114.36641693115234, 103.71492004394531], "15": [100.82341003417969, 104.3040542602539, 90.7622299194336, 89.5176010131836, 81.36981964111328, 78.51545715332031, 82.97418212890625, 88.62699127197266, 102.91622161865234, 91.65194702148438, 87.57556915283203, 100.26543426513672, 96.47586059570312, 104.31778717041016, 94.3113784790039, 94.47322845458984, 94.69567108154297, 89.45095825195312, 102.62163543701172, 103.11698913574219, 111.92401123046875, 108.91998291015625, 106.62214660644531, 112.24112701416016], "16": [97.6736831665039, 95.71339416503906, 92.08692169189453, 90.05300903320312, 86.5579833984375, 79.22150421142578, 83.04926300048828, 86.13101196289062, 84.51940155029297, 84.68519592285156, 95.62883758544922, 94.07779693603516, 95.81083679199219, 100.1011962890625, 111.98058319091797, 97.47146606445312, 102.1640853881836, 117.7616958618164, 103.04132843017578, 112.76161193847656, 126.13815307617188, 137.64117431640625, 113.28267669677734, 110.69227600097656],