{"2019": {"6": {"1": [45.84750270843506, 40.18066215515137, 41.445905685424805, 32.27237606048584, 32.97488880157471, 33.9180326461792, 32.31705045700073, 31.196640968322754, 31.614907264709473, 30.467013359069824, 31.37465763092041, 30.730308532714844, 30.618778228759766, 31.017189979553223, 32.76685619354248, 30.531110763549805, 28.883277893066406, 31.336589813232422, 31.647449493408203, 32.2576904296875, 29.106539726257324, 32.16022872924805, 30.600653648376465, 29.295483589172363], "2": [27.505001068115234, 28.76763343811035, 28.713501930236816, 27.842941284179688, 27.07732105255127, 27.731295585632324, 27.317532539367676, 27.520359992980957, 30.583935737609863, 30.364564895629883, 36.404208183288574, 31.665395736694336, 32.15235233306885, 30.80951499938965, 28.957910537719727, 26.977590560913086, 27.150150299072266, 27.26198101043701, 28.059977531433105, 28.279970169067383, 28.003400802612305, 28.317605018615723, 28.532105445861816, 30.05298137664795], "3": [28.26607894897461, 30.82859706878662, 29.494894981384277, 27.125391960144043, 27.622304916381836, 27.51991081237793, 26.810603141784668, 30.499747276306152, 71.1517972946167, 82.56471252441406, 86.66820907592773, 86.01700210571289, 94.64053249359131, 88.54093360900879, 88.4371280670166, 94.53235149383545, 88.46470546722412, 51.16401767730713, 47.71623134613037, 48.16909122467041, 46.38978576660156, 49.322303771972656, 45.554320335388184, 46.11336708068848], "4": [39.47970008850098, 37.210031509399414, 32.58938503265381, 27.168822288513184, 27.972159385681152, 28.044382095336914, 28.21947479248047, 33.61351680755615, 70.69124031066895, 84.20007991790771, 89.02843856811523, 91.12556838989258, 97.29797267913818, 102.73450946807861, 103.54535675048828, 106.20763969421387, 106.14814472198486, 62.68985557556152, 59.33962059020996, 48.30186080932617, 50.450836181640625, 47.03456687927246, 47.86505126953125, 44.25067615509033], "5": [37.33531188964844, 36.956382751464844, 36.279093742370605, 30.045279502868652, 29.40816879272461, 30.129347801208496, 31.60781478881836, 31.88141918182373, 71.63155269622803, 89.0348129272461, 88.62295532226562, 89.80031681060791, 88.86197566986084, 103.0875301361084, 110.81053161621094, 100.28311920166016, 102.69994163513184, 65.89083003997803, 63.4036979675293, 63.3126859664917, 62.99177932739258, 64.77877616882324, 61.01640033721924, 53.541565895080566], "6": [40.27264404296875, 41.9797306060791, 39.757657051086426, 34.3472843170166, 33.37787342071533, 33.48815441131592, 32.67046546936035, 34.731818199157715, 72.53419208526611, 88.9761152267456, 90.31027221679688, 93.06824970245361, 93.4070987701416, 99.2432279586792, 102.20786476135254, 101.66200542449951, 100.98256492614746, 62.37612342834473, 55.5907678604126, 58.82081985473633, 53.55115222930908, 56.318562507629395, 61.1197509765625, 52.9677152633667], "7": [37.55734443664551, 42.743781089782715, 38.089341163635254, 32.30978488922119, 31.29195785522461, 32.59067726135254, 30.914669036865234, 34.893497467041016, 75.22212600708008, 90.59496974945068, 97.90745162963867, 93.28000068664551, 95.54185485839844, 105.22164249420166, 96.09101867675781, 94.52195262908936, 93.86364269256592, 58.69005107879639, 55.64320087432861, 49.42648887634277, 50.93278503417969, 52.48620414733887, 52.99074077606201, 38.53200149536133], "8": [35.44148921966553, 36.17258834838867, 33.04426956176758, 28.69528293609619, 29.00558376312256, 28.142178535461426, 29.19752597808838, 27.424803733825684, 26.438443183898926, 27.664058685302734, 27.25183391571045, 27.452518463134766, 34.50990581512451, 31.48840618133545, 35.19878101348877, 38.80666494369507, 38.888607025146484, 38.490034103393555, 40.70361137390137, 39.4854097366333, 37.14964818954468, 40.61761474609375, 51.352810859680176, 34.978753089904785], "9": [35.41611576080322, 35.21752071380615, 33.77590084075928, 33.771979331970215, 34.05242156982422, 35.363144874572754, 33.1127233505249, 33.235239028930664, 31.22379970550537, 31.885798454284668, 26.708131790161133, 26.260228157043457, 30.773049354553223, 30.056056022644043, 29.442312240600586, 26.709080696105957, 27.442655563354492, 26.224266052246094, 28.220152854919434, 27.987520217895508, 25.761859893798828, 26.165176391601562, 28.498682022094727, 25.405320167541504], "10": [24.22762680053711, 24.90977382659912, 25.35606288909912, 26.730510711669922, 24.6735897064209, 24.838257789611816, 23.79157257080078, 29.784011840820312, 65.23822212219238, 84.08997821807861, 89.5494966506958, 90.56564140319824, 90.39165878295898, 98.80911064147949, 93.81040000915527, 94.97704124450684, 91.35518264770508, 58.20398235321045, 57.10029411315918, 51.78129482269287, 49.59351921081543, 50.42207431793213, 49.37758731842041, 37.39845943450928], "11": [37.422648429870605, 36.90588092803955, 36.00703144073486, 31.835394859313965, 31.057101249694824, 31.937880516052246, 30.64840793609619, 31.55137348175049, 69.72409439086914, 88.39101123809814, 93.59646415710449, 93.64653778076172, 94.36249446868896, 93.25388145446777, 91.19286060333252, 87.28038787841797, 88.66250610351562, 53.991488456726074, 53.30377674102783, 43.69084167480469, 41.50054740905762, 40.430541038513184, 42.47653388977051, 36.22518730163574], "12": [35.96601486206055, 34.93623447418213, 33.91036891937256, 29.318184852600098, 29.00186824798584, 29.587059020996094, 28.381534576416016, 28.635287284851074, 65.24494647979736, 79.6964340209961, 86.17793846130371, 85.00265312194824, 90.65719795227051, 89.85116481781006, 89.62507820129395, 92.4770097732544, 87.73964214324951, 55.76079559326172, 54.91308784484863, 48.88193225860596, 44.510324478149414, 43.30303478240967, 48.06712627410889, 43.02993679046631], "13": [39.57394218444824, 40.2730016708374, 38.11027717590332, 32.86016273498535, 33.00785160064697, 32.99407768249512, 32.247069358825684, 32.824273109436035, 72.10497283935547, 81.74253177642822, 87.76440620422363, 91.78867244720459, 95.45149040222168, 89.71591567993164, 96.64667510986328, 93.23648929595947, 89.06988430023193, 53.07980442047119, 49.038564682006836, 48.4622917175293, 47.701077461242676, 44.667426109313965, 42.48203659057617, 37.128705978393555], "14": [34.940348625183105, 34.693315505981445, 34.62461853027344, 29.837841987609863, 35.068013191223145, 33.558119773864746, 32.886680603027344, 38.68950843811035, 73.91851043701172, 87.41426277160645, 87.10889625549316, 90.1447525024414, 90.04930019378662, 88.92331504821777, 87.79128932952881, 88.3335428237915, 85.96652698516846, 52.643935203552246, 50.52115821838379, 49.46870803833008, 46.33840465545654, 54.703229904174805, 47.453250885009766, 44.240071296691895], "15": [35.06444072723389, 33.752991676330566, 33.06941604614258, 29.53110980987549, 27.82713508605957, 28.18796730041504, 31.468814849853516, 31.93328857421875, 33.911967277526855, 26.075056076049805, 27.47303295135498, 26.14133071899414, 26.13691806793213, 28.398399353027344, 29.426344871520996, 28.859217643737793, 31.08418560028076, 33.686923027038574, 33.94929218292236, 34.58901119232178, 34.784223556518555, 36.997379302978516, 37.95753765106201, 37.823890686035156], "16": [35.92401885986328, 36.184104919433594, 34.058128356933594, 33.53226375579834, 38.4918851852417, 39.56123924255371, 33.16993808746338, 36.988375663757324, 32.48924160003662, 31.956655502319336, 30.34353542327881, 30.521032333374023, 29.884589195251465, 31.16805076599121, 29.94320774078369, 30.487329483032227, 28.956673622131348, 29.805320739746094, 29.6453275680542, 30.47692584991455, 28.129830360412598, 29.436691284179688, 30.94894504547119, 30.782276153564453],