{"2019": {"6": {"1": [45.99675369262695, 43.5889892578125, 43.21953582763672, 1.6758766174316406, 1.3081321716308594, 3.3935203552246094, 0.0, 48.303611755371094, 48.36850357055664, 50.8724479675293, 0.3122138977050781, 52.07736587524414, 2.643726348876953, 4.992748260498047, 1.7635612487792969, 52.10664749145508, 0.0, 48.18185806274414, 50.752037048339844, 0.0, 52.252952575683594, 0.09025955200195312, 0.9901924133300781, 1.5283622741699219], "2": [48.33861541748047, 45.29022216796875, 0.844329833984375, 2.1432571411132812, 2.2264556884765625, 1.5880317687988281, 0.0, 48.194358825683594, 47.66576385498047, 1.66607666015625, 1.2385749816894531, 1.1935958862304688, 54.09645462036133, 51.60892868041992, 49.79353713989258, 52.523162841796875, 51.76441955566406, 2.0779495239257812, 49.43927764892578, 1.7725334167480469, 53.20236587524414, 3.5671157836914062, 0.9212913513183594, 4.360279083251953], "3": [0.0, 0.0, 43.8004264831543, 44.02169418334961, 0.0, 2.863555908203125, 3.0536575317382812, 1.7197647094726562, 48.21744918823242, 51.751522064208984, 47.917327880859375, 0.0, 0.0, 0.1569976806640625, 50.80731201171875, 5.683036804199219, 50.355308532714844, 2.5969467163085938, 47.81737518310547, 54.133888244628906, 1.1155242919921875, 0.0, 0.0, 1.4831314086914062], "4": [1.6946830749511719, 4.951904296875, 0.07428741455078125, 0.0, 46.53208923339844, 43.93709945678711, 44.00208282470703, 1.5229263305664062, 48.47758102416992, 3.1154747009277344, 8.150627136230469, 0.0, 0.13394546508789062, 51.269527435302734, 49.98873519897461, 47.836544036865234, 3.2548789978027344, 0.6170616149902344, 3.9449691772460938, 2.887928009033203, 51.08679962158203, 1.0044479370117188, 47.535213470458984, 46.33511734008789], "5": [45.28824996948242, 44.167991638183594, 0.0, 45.16383361816406, 0.3778076171875, 0.4199638366699219, 1.8775558471679688, 2.311382293701172, 52.09450912475586, 51.08992004394531, 51.91654968261719, 0.0, 3.876750946044922, 0.0, 2.2269439697265625, 54.25319290161133, 51.48324203491211, 49.64836502075195, 2.2237205505371094, 0.4504814147949219, 0.0, 3.7759666442871094, 0.0, 48.630645751953125], "6": [1.4859848022460938, 1.3990745544433594, 2.6525039672851562, 0.0, 48.47570037841797, 46.95989227294922, 2.3013229370117188, 0.7516288757324219, 50.3857421875, 2.269500732421875, 2.75384521484375, 0.0, 1.7638816833496094, 49.21168899536133, 49.85757827758789, 49.91672897338867, 3.483612060546875, 0.9017143249511719, 3.187305450439453, 1.4600067138671875, 56.8199577331543, 1.1173362731933594, 50.39954376220703, 47.939449310302734], "7": [1.1644668579101562, 1.1398849487304688, 1.8112945556640625, 0.12154769897460938, 0.0, 47.482269287109375, 2.425506591796875, 0.0, 0.0, 0.9113578796386719, 2.3381729125976562, 1.7741241455078125, 1.1832084655761719, 52.05426025390625, 54.04644775390625, 50.65206527709961, 1.1181640625, 51.42973709106445, 0.8075599670410156, 55.18724060058594, 2.3964004516601562, 1.1079940795898438, 0.0, 45.33767318725586], "8": [0.0, 46.80291748046875, 1.3877944946289062, 47.23849868774414, 2.3786964416503906, 1.6433601379394531, 2.538738250732422, 0.6558418273925781, 48.81001281738281, 1.3587684631347656, 50.148841857910156, 3.633869171142578, 2.7779922485351562, 0.03302764892578125, 0.0, 48.76998519897461, 46.92222213745117, 49.63301086425781, 5.69720458984375, 0.0, 52.79587173461914, 49.05030059814453, 0.0, 46.40202331542969], "9": [1.9433364868164062, 46.14677047729492, 0.4726715087890625, 47.30984878540039, 2.278759002685547, 1.2168235778808594, 46.41865539550781, 1.8502769470214844, 49.66549301147461, 49.20152282714844, 1.9920272827148438, 49.14927673339844, 2.495197296142578, 47.163055419921875, 52.25318145751953, 45.821537017822266, 46.567054748535156, 3.7719764709472656, 0.49083709716796875, 48.400081634521484, 50.378990173339844, 3.3192367553710938, 0.0, 44.61671447753906], "10": [42.18923568725586, 41.4285774230957, 0.0, 2.5855484008789062, 2.3700485229492188, 42.4562873840332, 0.0, 43.72178268432617, 0.979736328125, 0.2985076904296875, 4.479866027832031, 48.83509063720703, 0.2721900939941406, 45.89740753173828, 46.054378509521484, 3.037586212158203, 3.0653114318847656, 48.660221099853516, 3.996837615966797, 0.53680419921875, 45.78921890258789, 42.59489059448242, 1.4492607116699219, 2.606201171875], "11": [2.853790283203125, 41.33099365234375, 0.0, 40.79290771484375, 0.8657035827636719, 1.8306312561035156, 4.153709411621094, 0.0, 45.9996452331543, 46.42655944824219, 2.17449951171875, 1.6396141052246094, 0.19250106811523438, 4.312351226806641, 1.6535758972167969, 49.207820892333984, 0.0, 3.50543212890625, 45.46135330200195, 48.07910919189453, 47.66743850708008, 5.390148162841797, 1.4444847106933594, 3.8571128845214844], "12": [1.2821846008300781, 3.0932044982910156, 41.929012298583984, 41.661251068115234, 40.4615478515625, 0.0, 1.2807197570800781, 3.4807510375976562, 0.5171737670898438, 0.70892333984375, 0.4063720703125, 0.8172645568847656, 48.3834342956543, 1.4429702758789062, 0.4664955139160156, 3.525074005126953, 44.90230941772461, 4.5816192626953125, 0.0, 3.7899703979492188, 50.87394714355469, 47.72742462158203, 0.0332794189453125, 2.3566932678222656], "13": [2.4702224731445312, 3.313549041748047, 0.331878662109375, 2.2457199096679688, 39.52226638793945, 40.15139389038086, 0.0, 43.614036560058594, 42.55528259277344, 8.001113891601562, 0.7635841369628906, 7.384086608886719, 1.1232109069824219, 2.1169586181640625, 50.205318450927734, 2.299266815185547, 43.61880111694336, 50.7564697265625, 43.913333892822266, 49.28890609741211, 42.95269012451172, 40.840232849121094, 2.43133544921875, 2.3463172912597656], "14": [3.4285964965820312, 2.3517532348632812, 0.6907730102539062, 39.98109817504883, 39.87677001953125, 1.4029655456542969, 2.2495994567871094, 5.184467315673828, 0.0, 0.0, 44.467586517333984, 43.4084358215332, 41.90121841430664, 2.541645050048828, 0.0, 4.7016754150390625, 1.4970893859863281, 0.049129486083984375, 43.1516227722168, 44.70524597167969, 43.373043060302734, 0.7680587768554688, 0.0, 1.4534378051757812], "15": [2.7653236389160156, 2.4500350952148438, 40.495872497558594, 39.08979034423828, 0.0, 1.4834365844726562, 3.53179931640625, 0.7861442565917969, 43.02008819580078, 0.0, 0.0, 1.5143051147460938, 2.5170211791992188, 2.939483642578125, 1.2590713500976562, 0.0, 47.99296569824219, 42.062015533447266, 42.63523483276367, 47.501365661621094, 4.555126190185547, 2.393512725830078, 3.268810272216797, 0.948516845703125], "16": [40.77741241455078, 37.24055862426758, 0.0, 1.7742652893066406, 2.23468017578125, 0.1992950439453125, 39.2078857421875, 0.0, 40.845428466796875, 1.1979637145996094, 1.9666061401367188, 3.6538619995117188, 0.0, 3.6356239318847656, 0.28104400634765625, 0.7310943603515625, 1.4641685485839844, 42.47053909301758, 0.3008613586425781, 0.29828643798828125, 46.30127716064453, 3.326702117919922, 2.8187713623046875, 1.5251388549804688], "17": [0.0, 37.34781265258789, 37.138126373291016, 1.0977020263671875, 2.7834548950195312, 2.0082664489746094, 3.219219207763672, 40.60087966918945, 0.9764480590820312, 1.7705154418945312, 4.1291961669921875, 1.4486541748046875, 0.0, 3.507251739501953, 1.5133705139160156, 0.1403656005859375, 44.020057678222656, 41.65485763549805, 3.7495460510253906, 42.45463180541992, 41.55014419555664, 0.0, 3.6343421936035156, 0.9185752868652344], "18": [0.0, 38.38725662231445, 36.997005462646484, 37.268775939941406, 1.7769241333007812, 1.9580268859863281, 4.472942352294922, 0.15964126586914062, 0.0, 42.54305648803711, 0.08183670043945312, 42.0184326171875, 8.761714935302734, 1.4026641845703125, 2.1010093688964844, 49.69612503051758, 1.0880088806152344, 47.69777297973633, 42.23466110229492, 43.13721466064453, 42.20232391357422, 0.0, 2.174957275390625, 0.39093780517578125],