{"2019": {"6": {"1": [90.5300064086914, 112.90287017822266, 101.15055847167969, 103.37468719482422, 100.6314697265625, 109.12620544433594, 103.91813659667969, 105.2508544921875, 108.13386535644531, 106.25200653076172, 102.97769165039062, 97.69699096679688, 91.48224639892578, 105.20829010009766, 103.25949096679688, 90.04739379882812, 102.2589111328125, 86.0513916015625, 99.0893325805664, 89.44140625, 105.6928939819336, 89.01966857910156, 82.36636352539062, 108.31468963623047], "2": [95.64183044433594, 104.71880340576172, 95.22005462646484, 105.66567993164062, 103.26066589355469, 96.8744125366211, 92.45060729980469, 89.02434539794922, 112.09147644042969, 102.8216323852539, 93.50384521484375, 92.26399993896484, 96.3685531616211, 97.2398681640625, 83.57734680175781, 105.11568450927734, 95.66224670410156, 93.71542358398438, 93.73165893554688, 94.56619262695312, 96.38915252685547, 113.36522674560547, 107.38675689697266, 95.7208480834961], "3": [97.83338165283203, 99.71324920654297, 99.61761474609375, 107.72590637207031, 89.88459014892578, 94.10538482666016, 108.94461059570312, 98.98670196533203, 115.73882293701172, 99.93527221679688, 108.3567123413086, 107.49042510986328, 105.67158508300781, 105.34221649169922, 104.47957611083984, 99.03998565673828, 90.89978790283203, 92.59722137451172, 81.97635650634766, 105.71049499511719, 99.18206024169922, 100.2657699584961, 96.28748321533203, 96.48435974121094], "4": [101.7784423828125, 105.93025970458984, 103.47291564941406, 105.52703094482422, 107.70262908935547, 110.73133087158203, 101.9104232788086, 109.51332092285156, 117.03079223632812, 104.84164428710938, 107.19740295410156, 115.53595733642578, 101.83003997802734, 90.65377044677734, 100.79985046386719, 99.00655364990234, 109.4739990234375, 91.05913543701172, 96.5741195678711, 93.71610260009766, 91.062255859375, 101.94845581054688, 92.71774291992188, 107.73754119873047], "5": [98.9322738647461, 94.63368225097656, 96.02613067626953, 106.83560943603516, 102.53916931152344, 96.79048919677734, 115.2096176147461, 112.39073944091797, 102.84362030029297, 116.09147644042969, 117.82438659667969, 114.63187408447266, 99.185791015625, 109.43618774414062, 105.64371490478516, 107.68443298339844, 97.657470703125, 100.14252471923828, 97.29833984375, 107.13472747802734, 98.15213012695312, 97.83392333984375, 120.10973358154297, 117.58344268798828], "6": [106.3046646118164, 111.30524444580078, 114.98804473876953, 114.85964965820312, 120.35213470458984, 128.73281860351562, 109.79129028320312, 126.80017852783203, 114.46258544921875, 109.89277648925781, 111.3776626586914, 117.42044830322266, 105.78418731689453, 100.58890533447266, 98.20125579833984, 87.49374389648438, 99.0873031616211, 95.78792572021484, 96.44705963134766, 88.59142303466797, 94.05709838867188, 89.19683837890625, 90.46196746826172, 101.97933197021484], "7": [99.67533111572266, 101.97871398925781, 111.369384765625, 116.56900787353516, 122.18463897705078, 111.14615631103516, 124.8235855102539, 119.53886413574219, 123.59578704833984, 121.20094299316406, 115.83318328857422, 123.6595458984375, 110.32827758789062, 103.14896392822266, 95.87055206298828, 101.12873077392578, 103.10437774658203, 103.91624450683594, 100.577880859375, 92.91544342041016, 102.64990997314453, 98.38544464111328, 99.69221496582031, 99.8750228881836], "8": [111.83576202392578, 112.79718017578125, 108.69608306884766, 110.95446014404297, 115.4369888305664, 121.70357513427734, 108.69380187988281, 107.0838623046875, 103.4581527709961, 115.71560668945312, 99.0045394897461, 102.40245056152344, 101.38390350341797, 107.1834945678711, 95.9621353149414, 92.63115692138672, 106.58052825927734, 93.10797119140625, 94.05936431884766, 92.19664001464844, 104.79959869384766, 96.15210723876953, 99.84259033203125, 101.16950225830078], "9": [102.82170867919922, 92.65457153320312, 101.43025207519531, 110.52801513671875, 111.81379699707031, 102.44664764404297, 104.59521484375, 117.478515625, 108.252685546875, 106.12716674804688, 89.35584259033203, 100.07672119140625, 101.56855773925781, 83.77804565429688, 83.11376953125, 95.3956298828125, 105.96782684326172, 96.5749740600586, 94.42100524902344, 93.29617309570312, 96.72118377685547, 92.07474517822266, 109.001220703125, 96.94719696044922], "10": [96.6142349243164, 117.92356872558594, 102.15496826171875, 93.20234680175781, 100.54867553710938, 110.04572296142578, 105.97056579589844, 114.86251068115234, 114.55342102050781, 115.27569580078125, 130.36314392089844, 107.63904571533203, 111.79674530029297, 91.01742553710938, 111.82169342041016, 101.2794189453125, 100.8815689086914, 104.86283874511719, 90.3387680053711, 90.88501739501953, 96.63746643066406, 98.48369598388672, 96.00184631347656, 93.95252227783203], "11": [102.3626480102539, 96.40129852294922, 99.526611328125, 90.21177673339844, 97.05277252197266, 106.91753387451172, 101.19218444824219, 101.5341567993164, 101.19831848144531, 117.15087890625, 115.37895965576172, 105.04370880126953, 129.5252227783203, 93.39591979980469, 120.41551208496094, 104.1843032836914, 109.03248596191406, 88.31942749023438, 90.56298828125, 90.78681182861328, 96.77040100097656, 84.41189575195312, 91.84637451171875, 91.03677368164062], "12": [112.44100952148438, 101.03549194335938, 91.4691162109375, 104.02213287353516, 94.88984680175781, 97.8593978881836, 96.26554870605469, 108.14801025390625, 88.15304565429688, 102.37189483642578, 93.56609344482422, 106.12122344970703, 102.35956573486328, 105.05067443847656, 96.87747955322266, 92.68905639648438, 92.93840026855469, 97.59477996826172, 94.02244567871094, 92.17222595214844, 92.07144927978516, 95.30410766601562, 97.08011627197266, 95.37022399902344], "13": [90.86885070800781, 87.06031799316406, 84.26248168945312, 89.3130111694336, 96.92693328857422, 84.06771850585938, 86.51495361328125, 86.04227447509766, 84.6235122680664, 94.47554016113281, 79.31888580322266, 90.3651351928711, 88.09959411621094, 104.29806518554688, 99.3984146118164, 95.35250854492188, 89.97348022460938, 88.98580932617188, 92.15568542480469, 91.36651611328125, 88.7349853515625, 91.28321838378906, 96.06310272216797, 93.11442565917969], "14": [90.16735076904297, 93.40108489990234, 97.33015441894531, 99.87725830078125, 96.8324966430664, 91.95622253417969, 86.6587142944336, 99.69683837890625, 86.82290649414062, 100.51990509033203, 99.4871826171875, 102.39086151123047, 117.297607421875, 92.56675720214844, 92.80764770507812, 95.26587677001953, 92.24882507324219, 75.38629150390625, 82.77474212646484, 82.98115539550781, 98.83406066894531, 86.24789428710938, 91.39863586425781, 109.21114349365234], "15": [90.32190704345703, 87.23450469970703, 91.86451721191406, 95.2593002319336, 92.9495849609375, 94.56950378417969, 81.67219543457031, 107.20905303955078, 94.1075210571289, 90.8290786743164, 92.46912384033203, 91.98834991455078, 98.9208755493164, 88.16178131103516, 95.38815307617188, 82.1936264038086, 90.70325469970703, 77.72755432128906, 91.5420150756836, 87.38184356689453, 103.13793182373047, 87.86858367919922, 89.27037048339844, 101.28711700439453], "16": [99.19821166992188, 90.48001861572266, 91.42211151123047, 86.6789779663086, 101.29203033447266, 91.67459106445312, 85.34716033935547, 100.18621826171875, 87.66620635986328, 86.80055236816406, 94.85063934326172, 83.53689575195312, 109.0916976928711, 82.65550994873047, 90.52587890625, 87.10701751708984, 87.3600845336914, 99.76431274414062, 79.83128356933594, 97.20855712890625, 79.94719696044922, 94.95757293701172, 79.59367370605469, 90.19306945800781], "17": [92.92859649658203, 100.65693664550781, 82.16847229003906, 92.37401580810547, 96.31041717529297, 95.54318237304688, 93.93458557128906, 96.21047973632812, 104.01605987548828, 87.12247467041016, 94.11964416503906, 90.29667663574219, 103.1423110961914, 94.96480560302734, 92.35880279541016, 84.89176177978516, 95.26486206054688, 90.74493408203125, 94.40581512451172, 77.36519622802734, 97.25237274169922, 83.2358627319336, 89.8116226196289, 78.8331527709961],