{"2019": {"6": {"1": [88.65950775146484, 4.594720363616943, 4.728687286376953, 4.391912460327148, 5.2062530517578125, 5.214477062225342, 3.424074172973633, 3.5695669651031494, 110.77136993408203, 155.6656036376953, 155.57801818847656, 154.84927368164062, 153.95265197753906, 154.60006713867188, 154.14111328125, 82.47195434570312, 82.22203063964844, 82.1205825805664, 82.25871276855469, 82.22151947021484, 82.21306610107422, 41.6759033203125, 41.15316390991211, 6.526843070983887], "2": [123.40032196044922, 5.36571741104126, 5.127623081207275, 4.795650482177734, 5.53305721282959, 5.035585880279541, 3.162999153137207, 3.4050049781799316, 115.71990203857422, 155.0393524169922, 154.48020935058594, 153.7995147705078, 153.64511108398438, 154.35214233398438, 153.527099609375, 153.1469268798828, 153.55926513671875, 153.10952758789062, 153.06993103027344, 153.43490600585938, 112.1964111328125, 112.21533203125, 43.11475372314453, 66.58737182617188], "3": [5.237563610076904, 4.778905391693115, 4.8132429122924805, 4.454967498779297, 5.158817291259766, 4.842864513397217, 3.5360021591186523, 3.7248239517211914, 96.30046844482422, 100.41343688964844, 100.58834838867188, 154.91734313964844, 154.35040283203125, 155.02621459960938, 154.8374481201172, 155.0356903076172, 155.60366821289062, 154.987548828125, 156.09974670410156, 154.88897705078125, 154.5330047607422, 156.6204376220703, 156.4391326904297, 44.66828155517578], "4": [75.60672760009766, 40.29600143432617, 39.898983001708984, 40.006954193115234, 40.36961364746094, 39.91123580932617, 39.1432991027832, 39.63489532470703, 42.58894348144531, 156.73435974121094, 156.38607788085938, 155.20745849609375, 154.9907684326172, 156.1956024169922, 155.61819458007812, 154.77464294433594, 156.83119201660156, 155.49293518066406, 155.11672973632812, 156.69891357421875, 155.74708557128906, 156.33746337890625, 114.77360534667969, 42.78065490722656], "5": [158.07199096679688, 40.91307830810547, 39.29347610473633, 39.242374420166016, 40.03434753417969, 39.43672180175781, 38.158714294433594, 39.42757797241211, 132.60142517089844, 154.71240234375, 155.99534606933594, 155.05093383789062, 155.71249389648438, 156.53074645996094, 155.5109405517578, 155.71836853027344, 156.23931884765625, 155.58636474609375, 156.1913299560547, 155.14453125, 154.67884826660156, 154.76773071289062, 110.48735046386719, 41.74119186401367], "6": [157.5858154296875, 41.09110641479492, 39.52102279663086, 39.655948638916016, 40.36870574951172, 40.244483947753906, 36.8717155456543, 35.42507553100586, 152.92674255371094, 156.41429138183594, 157.54901123046875, 161.70655822753906, 160.18560791015625, 161.74197387695312, 159.8228302001953, 160.26730346679688, 121.57013702392578, 159.07066345214844, 158.62303161621094, 160.62953186035156, 159.4672088623047, 159.90325927734375, 160.37184143066406, 42.43684768676758], "7": [153.02862548828125, 44.03963851928711, 41.88587188720703, 40.79152297973633, 40.341304779052734, 39.442073822021484, 38.27654266357422, 34.09480285644531, 36.00373458862305, 152.3484649658203, 152.75978088378906, 153.2218780517578, 152.0915985107422, 152.5837860107422, 152.45347595214844, 152.80921936035156, 154.1630859375, 154.14830017089844, 154.20668029785156, 153.50399780273438, 153.11190795898438, 153.52972412109375, 112.86541748046875, 40.23326873779297], "8": [154.83236694335938, 38.44386672973633, 36.63309860229492, 37.08078384399414, 36.51036071777344, 35.60854721069336, 34.27199172973633, 34.15937805175781, 95.25015258789062, 152.9351348876953, 154.63626098632812, 153.4182586669922, 153.12709045410156, 150.18197631835938, 152.09616088867188, 153.1667022705078, 152.46829223632812, 152.38131713867188, 152.178466796875, 152.6195831298828, 40.67616271972656, 81.23356628417969, 46.06444549560547, 38.67487335205078], "9": [133.8289794921875, 37.724884033203125, 36.72683334350586, 36.967430114746094, 37.08049392700195, 36.35613250732422, 34.379581451416016, 33.95656967163086, 131.38714599609375, 153.6064910888672, 153.56814575195312, 153.71697998046875, 153.3070068359375, 153.31292724609375, 152.7305450439453, 152.77609252929688, 152.4012908935547, 116.00782012939453, 109.05067443847656, 101.15694427490234, 154.3303985595703, 153.879638671875, 154.26174926757812, 130.51527404785156], "10": [40.501075744628906, 36.64007568359375, 35.97410202026367, 36.52220153808594, 36.65797805786133, 36.24776840209961, 35.19808578491211, 35.27030563354492, 111.72600555419922, 153.11260986328125, 152.54981994628906, 158.47972106933594, 158.75994873046875, 159.0484161376953, 158.5718536376953, 159.20257568359375, 159.16629028320312, 158.71029663085938, 159.21633911132812, 159.89102172851562, 159.4766082763672, 160.07237243652344, 141.72793579101562, 44.606109619140625], "11": [128.17715454101562, 42.32755661010742, 42.613285064697266, 42.61623764038086, 42.537750244140625, 42.15565872192383, 41.35261535644531, 41.178932189941406, 45.016788482666016, 159.227783203125, 159.5091552734375, 158.8531494140625, 157.2997589111328, 117.99700164794922, 117.72578430175781, 158.8897705078125, 158.2770538330078, 157.46932983398438, 157.74009704589844, 158.69964599609375, 158.388916015625, 158.95706176757812, 152.13211059570312, 46.44493103027344], "12": [160.54173278808594, 42.8117790222168, 41.69707489013672, 42.23153305053711, 41.792091369628906, 41.57966613769531, 40.702178955078125, 40.3745231628418, 44.82087326049805, 45.52190399169922, 158.59849548339844, 157.2108917236328, 157.18307495117188, 156.9905242919922, 156.4954376220703, 115.86592102050781, 127.50372314453125, 157.05039978027344, 156.63650512695312, 156.86692810058594, 156.50009155273438, 156.1085662841797, 118.88190460205078, 44.23069381713867], "13": [158.78890991210938, 42.36433029174805, 41.59670639038086, 41.65937042236328, 41.694400787353516, 42.0952033996582, 40.19381332397461, 40.17839813232422, 115.57987976074219, 150.3829803466797, 156.7396240234375, 156.73802185058594, 157.57168579101562, 157.2867889404297, 156.9664764404297, 156.78765869140625, 156.9943084716797, 157.18284606933594, 156.46974182128906, 157.8857879638672, 156.9527130126953, 156.94778442382812, 116.9402847290039, 42.08042526245117], "14": [155.6884765625, 42.755332946777344, 42.337711334228516, 42.75600814819336, 42.583518981933594, 42.40918731689453, 41.44117736816406, 41.40025329589844, 54.61639404296875, 45.025150299072266, 159.5944061279297, 158.356689453125, 118.37645721435547, 158.49713134765625, 158.80245971679688, 158.96009826660156, 158.255615234375, 158.4999542236328, 158.748291015625, 158.28689575195312, 117.8097915649414, 116.53424835205078, 120.85704040527344, 44.92148971557617], "15": [160.590576171875, 43.03852462768555, 42.36585998535156, 42.39027786254883, 42.144683837890625, 42.514888763427734, 41.5341796875, 40.081382751464844, 97.97368621826172, 159.85086059570312, 158.75543212890625, 158.67295837402344, 158.31846618652344, 157.6469268798828, 157.85684204101562, 157.07101440429688, 156.50640869140625, 156.8262176513672, 86.23263549804688, 105.9316635131836, 116.07080078125, 115.11913299560547, 44.13556671142578, 44.18304443359375], "16": [160.59283447265625, 43.97804260253906, 43.07714080810547, 42.89485549926758, 42.56636428833008, 42.351417541503906, 40.2290153503418, 39.58351516723633, 114.93647003173828, 129.93582153320312, 158.1873016357422, 157.6796875, 157.10394287109375, 156.89041137695312, 156.53890991210938, 157.26528930664062, 111.30042266845703, 65.53678131103516, 44.5300178527832, 157.07833862304688, 120.76547241210938, 59.85923767089844, 42.17393493652344, 54.42633056640625],