{"2019": {"6": {"1": [34.764095306396484, 35.6380615234375, 37.24645233154297, 34.92215347290039, 35.955116271972656, 36.943580627441406, 38.62758255004883, 37.528724670410156, 51.512779235839844, 43.81641387939453, 38.42353820800781, 40.808223724365234, 40.84810256958008, 47.682456970214844, 54.28340148925781, 55.565731048583984, 54.401023864746094, 60.22181701660156, 62.69656753540039, 79.33045196533203, 58.79553985595703, 55.276832580566406, 49.87421798706055, 43.81309127807617], "2": [39.5628547668457, 38.39018249511719, 38.24979782104492, 39.33684158325195, 39.727256774902344, 39.58728790283203, 39.610595703125, 40.40576934814453, 58.950218200683594, 55.23747253417969, 55.373939514160156, 55.1887092590332, 64.20429229736328, 69.97732543945312, 59.53493881225586, 63.39326858520508, 56.043067932128906, 62.4867057800293, 57.45906066894531, 63.311439514160156, 62.97801208496094, 58.63722610473633, 61.16132736206055, 39.12683868408203], "3": [35.79093933105469, 35.21699905395508, 36.73773956298828, 37.2721061706543, 37.22536849975586, 36.72762680053711, 34.10490036010742, 55.94038009643555, 92.3739242553711, 91.93301391601562, 87.00202178955078, 97.68031311035156, 101.12800598144531, 87.76995849609375, 84.75537872314453, 86.49464416503906, 74.3641586303711, 75.80070495605469, 65.58969116210938, 60.81181335449219, 69.90315246582031, 46.96036911010742, 45.908016204833984, 44.07301330566406], "4": [43.406375885009766, 41.20842742919922, 41.354488372802734, 42.30696487426758, 41.14799880981445, 42.3674430847168, 38.873531341552734, 64.15880584716797, 95.53099060058594, 92.09988403320312, 94.8488998413086, 74.68867492675781, 75.6224365234375, 77.70557403564453, 74.22013092041016, 77.03262329101562, 67.9944076538086, 73.70226287841797, 71.2919692993164, 92.50659942626953, 73.26362609863281, 64.96452331542969, 57.638614654541016, 45.438880920410156], "5": [37.48895263671875, 37.78781509399414, 40.14902877807617, 37.845458984375, 38.58484649658203, 40.59373092651367, 38.804779052734375, 41.92720413208008, 87.96238708496094, 89.0780029296875, 89.53089141845703, 99.09310913085938, 79.48471069335938, 80.9459457397461, 84.47927856445312, 87.0804443359375, 67.51541137695312, 80.51002502441406, 72.44548797607422, 67.48213195800781, 59.451072692871094, 58.63236999511719, 61.47064971923828, 54.176509857177734], "6": [39.04322814941406, 41.3095588684082, 41.24025344848633, 39.894317626953125, 41.661216735839844, 40.539306640625, 39.8652229309082, 45.195804595947266, 64.90402221679688, 64.5223617553711, 61.92580032348633, 67.94416046142578, 72.1807861328125, 90.92443084716797, 70.40513610839844, 70.74101257324219, 65.43867492675781, 72.86212158203125, 82.63054656982422, 70.7236099243164, 60.05489730834961, 60.07365417480469, 62.87778091430664, 50.29505920410156], "7": [40.50334548950195, 39.5439338684082, 42.49917221069336, 39.334144592285156, 38.987892150878906, 39.24977111816406, 37.69904327392578, 45.734439849853516, 85.78265380859375, 79.21044921875, 83.73861694335938, 87.9725570678711, 79.48055267333984, 73.11222076416016, 85.93247985839844, 67.70954895019531, 70.74610900878906, 71.9148941040039, 71.6414566040039, 72.46361541748047, 66.58522033691406, 71.55301666259766, 62.34714126586914, 58.41835403442383], "8": [45.88264465332031, 45.36793518066406, 43.50445556640625, 38.956851959228516, 39.73588562011719, 40.79286575317383, 39.405662536621094, 37.15777587890625, 40.00333786010742, 56.293701171875, 45.57674789428711, 59.91239929199219, 53.693939208984375, 48.73573303222656, 48.90632247924805, 49.697757720947266, 46.87248992919922, 62.79703903198242, 73.44144439697266, 67.6175765991211, 51.561710357666016, 52.92243576049805, 47.35141372680664, 52.53388595581055], "9": [48.038516998291016, 48.08763122558594, 46.09333038330078, 42.13279342651367, 40.91716766357422, 39.04631042480469, 36.02566146850586, 34.65354537963867, 39.34151077270508, 37.66701889038086, 36.942928314208984, 35.71748352050781, 33.80899429321289, 34.685909271240234, 32.99788284301758, 32.413169860839844, 31.347217559814453, 29.781497955322266, 31.1557674407959, 31.311038970947266, 32.12225341796875, 33.414703369140625, 33.796836853027344, 35.32931900024414], "10": [35.47090148925781, 35.56642532348633, 38.00322341918945, 38.57683181762695, 37.7722282409668, 38.05752182006836, 33.38916778564453, 51.55143737792969, 74.74545288085938, 73.95282745361328, 79.2220458984375, 76.29644012451172, 69.6756820678711, 70.57121276855469, 67.36193084716797, 59.844974517822266, 52.00153732299805, 49.2752685546875, 47.061466217041016, 44.44004821777344, 35.968753814697266, 35.79060363769531, 37.84714126586914, 42.78846740722656], "11": [38.17132568359375, 36.966712951660156, 36.55705642700195, 36.315731048583984, 36.19004821777344, 40.98957443237305, 39.07594299316406, 43.29841613769531, 80.64079284667969, 65.8196029663086, 86.07271575927734, 68.02091979980469, 66.65772247314453, 78.0385513305664, 70.2845458984375, 66.58235168457031, 57.79204559326172, 47.790008544921875, 45.632774353027344, 42.595863342285156, 33.9310417175293, 35.5419807434082, 37.318363189697266, 35.274845123291016], "12": [35.511756896972656, 33.115779876708984, 32.06127166748047, 33.301177978515625, 31.65583038330078, 31.99571418762207, 31.120634078979492, 36.74927520751953, 61.13124084472656, 62.21271514892578, 68.06966400146484, 74.32453155517578, 65.22237396240234, 63.971343994140625, 76.20621490478516, 80.1272201538086, 57.63896560668945, 85.13387298583984, 69.90118408203125, 78.60540008544922, 53.77532958984375, 57.74872970581055, 51.5150032043457, 44.57442092895508], "13": [34.53697967529297, 34.53048324584961, 37.439693450927734, 36.73440933227539, 32.599884033203125, 32.50832748413086, 29.388826370239258, 56.40081787109375, 89.63396453857422, 84.95938110351562, 82.64410400390625, 73.14562225341797, 84.58558654785156, 75.84777069091797, 89.1776123046875, 87.15534973144531, 75.75725555419922, 78.87407684326172, 78.16656494140625, 73.35624694824219, 37.286617279052734, 37.95627212524414, 40.0376091003418, 41.0749397277832], "14": [36.91390609741211, 35.23881530761719, 36.526641845703125, 36.4761848449707, 37.36328887939453, 37.93840026855469, 37.92917251586914, 41.00590896606445, 82.38531494140625, 78.51286315917969, 73.99859619140625, 57.6341438293457, 56.9068489074707, 70.54761505126953, 65.18472290039062, 83.75724792480469, 72.96656036376953, 54.361629486083984, 79.06790924072266, 63.842185974121094, 51.5539665222168, 51.13494873046875, 47.50168228149414, 42.84029006958008], "15": [35.019500732421875, 35.902870178222656, 36.98719024658203, 38.665409088134766, 37.289085388183594, 38.52765655517578, 38.98937225341797, 37.40605163574219, 35.60641098022461, 33.884769439697266, 31.946758270263672, 32.80964660644531, 30.538028717041016, 48.18284606933594, 35.80554962158203, 33.83122253417969, 33.031307220458984, 41.813514709472656, 60.923580169677734, 62.1113166809082, 48.766571044921875, 45.54172897338867, 43.6562614440918, 43.335723876953125], "16": [34.002872467041016, 35.50721740722656, 34.090965270996094, 35.55208206176758, 41.731632232666016, 39.48233413696289, 37.95570755004883, 39.81147384643555, 36.234676361083984, 35.586402893066406, 36.683982849121094, 39.8518180847168, 37.1983642578125, 40.236576080322266, 44.16389465332031, 49.513736724853516, 63.98906326293945, 46.09552001953125, 71.36505126953125, 60.33079528808594, 53.182655334472656, 55.415382385253906, 55.89106369018555, 45.281288146972656], "17": [43.62180709838867, 38.24571990966797, 36.43733215332031, 35.458580017089844, 37.649993896484375, 36.828094482421875, 36.79730987548828, 46.902408599853516, 79.50846099853516, 59.71464538574219, 65.2896499633789, 68.47647857666016, 64.44995880126953, 72.68452453613281, 71.09361267089844, 72.1359634399414, 53.83671951293945, 45.00066375732422, 43.50040054321289, 42.075496673583984, 36.2183952331543, 35.63023376464844, 40.34926223754883, 38.394142150878906],