{"2019": {"6": {"1": [73.94921875, 65.78350830078125, 59.958343505859375, 62.32518005371094, 61.598594665527344, 67.46525573730469, 50.37085723876953, 105.75480651855469, 180.53005981445312, 177.98949432373047, 154.05901336669922, 56.839874267578125, 39.72428894042969, 57.51921844482422, 46.71179962158203, 63.94605255126953, 44.94331359863281, 36.800514221191406, 136.41136169433594, 132.31137084960938, 134.58433532714844, 151.20951080322266, 159.50938415527344, 152.3297576904297], "2": [60.86353302001953, 75.4278335571289, 57.474998474121094, 52.32279968261719, 59.83781433105469, 57.17265319824219, 53.94041442871094, 87.64093780517578, 165.1268081665039, 177.76663208007812, 167.33615112304688, 40.043663024902344, 37.363487243652344, 52.0147705078125, 128.22187042236328, 139.6593780517578, 148.1031036376953, 140.54258728027344, 148.5902328491211, 140.09285736083984, 135.62664794921875, 148.75069427490234, 158.19725799560547, 157.22913360595703], "3": [60.17760467529297, 61.37159729003906, 58.90525817871094, 51.455902099609375, 53.578643798828125, 63.3597412109375, 83.30892944335938, 181.0975112915039, 256.418701171875, 254.4372100830078, 227.7117462158203, 208.2541732788086, 99.40876007080078, 112.29023742675781, 109.01255798339844, 121.79374694824219, 88.39857482910156, 77.13436889648438, 128.37821197509766, 138.58698272705078, 137.75019073486328, 154.15592193603516, 163.10955047607422, 156.94461059570312], "4": [72.4678955078125, 72.721435546875, 79.13697814941406, 69.05775451660156, 56.6343994140625, 72.7520523071289, 92.0339126586914, 200.71178436279297, 273.9764099121094, 265.8679885864258, 240.2127456665039, 102.6952133178711, 85.8125, 112.07696533203125, 106.87818908691406, 124.90804290771484, 88.8204574584961, 173.31961822509766, 134.64950561523438, 138.1561508178711, 155.2650375366211, 158.7165069580078, 159.0174102783203, 155.52935028076172], "5": [62.15727233886719, 59.715911865234375, 63.209678649902344, 54.23614501953125, 54.57085418701172, 64.69090270996094, 94.48431396484375, 189.70429229736328, 276.14282989501953, 265.6088562011719, 207.68507385253906, 191.31084442138672, 181.265625, 214.21063232421875, 192.43314361572266, 208.78900146484375, 185.0560073852539, 129.11932373046875, 143.5624542236328, 159.06532287597656, 145.8507308959961, 153.46273803710938, 171.25675201416016, 153.0152359008789], "6": [74.80179595947266, 85.76216888427734, 73.04940795898438, 70.71648406982422, 73.97801208496094, 81.09616088867188, 93.83910369873047, 189.35916900634766, 265.5849838256836, 256.0454864501953, 214.4377212524414, 209.60972595214844, 105.93791198730469, 138.9451446533203, 105.01100158691406, 136.14400482177734, 86.20309448242188, 169.19991302490234, 134.81455993652344, 127.78288269042969, 137.02734375, 160.09600830078125, 156.43927001953125, 161.2614974975586], "7": [82.84857177734375, 86.67652893066406, 72.25883483886719, 59.066192626953125, 69.5, 79.4703598022461, 94.52427673339844, 190.0724334716797, 296.0853805541992, 292.2000045776367, 254.60635375976562, 253.4541473388672, 114.93543243408203, 117.69854736328125, 104.01881408691406, 108.99397277832031, 89.1302490234375, 166.07775115966797, 145.57080078125, 148.9899673461914, 132.6838836669922, 154.09384155273438, 167.19092559814453, 170.11563110351562], "8": [91.11736297607422, 90.56922149658203, 82.34757232666016, 74.86255645751953, 81.83586883544922, 92.71918487548828, 87.13258361816406, 136.32796478271484, 181.98751831054688, 162.02823638916016, 137.6267318725586, 128.03404235839844, 93.80792999267578, 40.49822235107422, 42.03279113769531, 39.181434631347656, 36.00848388671875, 33.16285705566406, 123.98767852783203, 136.10161590576172, 132.42345428466797, 144.07369995117188, 146.9575958251953, 144.24591064453125], "9": [60.148948669433594, 63.55499267578125, 58.77455139160156, 57.397850036621094, 57.159690856933594, 69.30254364013672, 51.5870361328125, 93.02436065673828, 143.14530181884766, 136.63140106201172, 118.39156341552734, 117.2159652709961, 31.653656005859375, 113.4086685180664, 128.65269470214844, 138.45775604248047, 64.15869903564453, 121.20781707763672, 127.7961196899414, 129.09152221679688, 129.97877502441406, 143.78176879882812, 148.5254364013672, 150.44444274902344], "10": [59.86589050292969, 63.13264465332031, 62.18122863769531, 58.85795593261719, 60.167564392089844, 63.89580535888672, 79.8411636352539, 189.17139434814453, 258.4033203125, 230.11515045166016, 197.01436614990234, 111.14930725097656, 97.3938980102539, 91.6621322631836, 185.4414520263672, 211.69742584228516, 83.6354751586914, 78.63970184326172, 131.81400299072266, 139.22381591796875, 141.27892303466797, 159.95578002929688, 175.40260314941406, 166.5116424560547], "11": [102.47406768798828, 97.81714630126953, 78.9227523803711, 65.18697357177734, 67.65524291992188, 75.69078826904297, 82.9752197265625, 195.40696716308594, 260.3352279663086, 229.50213623046875, 139.669189453125, 129.12950134277344, 114.43714904785156, 121.75238037109375, 104.79928588867188, 110.8564453125, 90.91046905517578, 67.73230743408203, 38.68052673339844, 44.18193054199219, 49.42823791503906, 74.9942855834961, 200.0533676147461, 203.76793670654297], "12": [70.75688934326172, 83.79383850097656, 58.84013366699219, 65.90962982177734, 57.16107177734375, 68.66585540771484, 77.80320739746094, 155.87480926513672, 155.22532653808594, 131.91029357910156, 128.7439193725586, 121.80538940429688, 117.22294616699219, 106.0611572265625, 123.27813720703125, 116.96250915527344, 93.8988037109375, 81.77848815917969, 52.33061981201172, 42.96343231201172, 47.79047393798828, 57.25384521484375, 181.10475158691406, 170.4001007080078], "13": [64.8675308227539, 71.04904174804688, 61.01258087158203, 55.18340301513672, 58.37086486816406, 59.33599090576172, 75.12592315673828, 138.93214416503906, 167.83050537109375, 151.46367645263672, 141.2630157470703, 144.58141326904297, 116.67872619628906, 146.62643432617188, 122.688232421875, 147.8580780029297, 104.27259826660156, 99.94084930419922, 69.46881103515625, 34.361656188964844, 26.518409729003906, 43.38799285888672, 174.1295928955078, 166.23992156982422], "14": [60.20880126953125, 59.83385467529297, 49.633270263671875, 53.87157440185547, 53.135231018066406, 71.69866180419922, 78.93720245361328, 155.1551742553711, 172.55139923095703, 173.67069244384766, 135.33321380615234, 130.24439239501953, 100.1383285522461, 107.17330932617188, 123.39469146728516, 136.32109832763672, 84.31084442138672, 85.32917022705078, 39.36400604248047, 25.71532440185547, 34.26335906982422, 38.27598571777344, 168.81175231933594, 169.8346176147461], "15": [61.6160888671875, 75.04946899414062, 61.40126037597656, 52.8978271484375, 55.85552215576172, 58.339027404785156, 40.22374725341797, 39.6370849609375, 34.50172424316406, 40.92857360839844, 34.894065856933594, 33.32179260253906, 43.14539337158203, 42.36756134033203, 56.83917999267578, 54.088218688964844, 31.243797302246094, 30.903549194335938, 32.22156524658203, 34.833351135253906, 29.100807189941406, 37.906585693359375, 165.826416015625, 165.4677963256836], "16": [52.98357391357422, 55.068267822265625, 51.935951232910156, 51.106056213378906, 57.81217956542969, 63.76667785644531, 54.98284912109375, 36.584754943847656, 19.498397827148438, 35.32585144042969, 26.707786560058594, 31.170944213867188, 29.473876953125, 44.482688903808594, 33.13152313232422, 32.06548309326172, 30.308448791503906, 30.63933563232422, 34.45757293701172, 33.61640167236328, 30.9764404296875, 48.85356903076172, 171.47055053710938, 169.97579193115234], "17": [59.85850524902344, 58.28456115722656, 56.644737243652344, 59.2149658203125, 52.91990661621094, 67.29267883300781, 82.01113891601562, 131.11241149902344, 153.81419372558594, 132.2795181274414, 110.32514953613281, 119.32380676269531, 111.9915542602539, 155.0207061767578, 120.8270263671875, 140.72511291503906, 107.8181381225586, 84.47569274902344, 46.69020080566406, 47.7490234375, 41.76795196533203, 52.345550537109375, 175.01917266845703, 176.21306610107422],