{"2019": {"6": {"1": [21.88416862487793, 18.92551612854004, 18.616220474243164, 20.09008026123047, 19.935115814208984, 20.198274612426758, 19.67571449279785, 26.733123779296875, 26.935148239135742, 26.77717399597168, 28.899812698364258, 28.396442413330078, 27.94381332397461, 27.733089447021484, 29.588237762451172, 30.205095291137695, 31.75853157043457, 31.02126121520996, 31.340547561645508, 30.533966064453125, 26.861738204956055, 24.98777198791504, 26.230085372924805, 22.574926376342773], "2": [21.32465934753418, 21.612417221069336, 20.887083053588867, 20.530179977416992, 22.855175018310547, 22.004364013671875, 20.64289093017578, 27.170242309570312, 27.357421875, 31.66432762145996, 30.859458923339844, 30.788097381591797, 29.348224639892578, 30.90339469909668, 30.676301956176758, 32.0749626159668, 33.07898712158203, 31.7072811126709, 32.060646057128906, 30.830198287963867, 29.41611099243164, 26.885940551757812, 27.72127914428711, 24.228994369506836], "3": [23.36773681640625, 22.584047317504883, 21.654447555541992, 22.062440872192383, 23.010902404785156, 23.44631576538086, 26.413318634033203, 34.67161560058594, 62.3189811706543, 69.13227081298828, 71.83751678466797, 73.61800384521484, 71.28724670410156, 75.58412170410156, 73.61454010009766, 70.49567413330078, 70.46622467041016, 71.57357025146484, 71.55741882324219, 69.95532989501953, 62.21847152709961, 59.87316131591797, 28.8179988861084, 24.162960052490234], "4": [25.06846046447754, 24.652488708496094, 24.95440673828125, 23.344484329223633, 23.226369857788086, 23.083288192749023, 27.012022018432617, 31.863386154174805, 62.63874053955078, 69.34358215332031, 73.78711700439453, 75.11625671386719, 73.2174301147461, 79.64434051513672, 74.13896942138672, 70.35028076171875, 71.13029479980469, 68.5164794921875, 63.81048583984375, 63.369327545166016, 63.12489318847656, 60.04896545410156, 26.12141227722168, 24.09483528137207], "5": [23.24508285522461, 21.783109664916992, 23.02934455871582, 22.476449966430664, 22.530277252197266, 22.315467834472656, 26.526369094848633, 29.93184471130371, 56.34120178222656, 67.94125366210938, 69.23921966552734, 68.84825897216797, 73.08782196044922, 71.28731536865234, 71.67921447753906, 72.70053100585938, 70.16573333740234, 66.81481170654297, 65.20467376708984, 56.80471420288086, 53.224281311035156, 53.56480026245117, 29.717491149902344, 26.416095733642578], "6": [24.865171432495117, 24.37557029724121, 24.549358367919922, 24.229761123657227, 24.237014770507812, 23.933921813964844, 29.88411521911621, 33.442413330078125, 62.35380935668945, 72.82688903808594, 71.43408203125, 73.60469055175781, 71.21102142333984, 72.69749450683594, 72.19459533691406, 71.1898422241211, 74.36554718017578, 69.5588150024414, 62.23987579345703, 62.3030891418457, 57.26356506347656, 56.51010513305664, 29.101781845092773, 24.973711013793945], "7": [25.581073760986328, 24.33080291748047, 23.954927444458008, 23.482017517089844, 23.56647300720215, 23.71365737915039, 26.821767807006836, 31.360820770263672, 62.59495162963867, 71.41394805908203, 73.14915466308594, 74.31379699707031, 71.9295425415039, 71.90030670166016, 75.31660461425781, 74.56036376953125, 70.00077819824219, 64.99102020263672, 58.29892349243164, 55.56208419799805, 55.118465423583984, 48.78071594238281, 24.53633689880371, 22.350990295410156], "8": [21.934255599975586, 20.886987686157227, 21.188465118408203, 21.222732543945312, 21.711973190307617, 21.00193214416504, 20.377376556396484, 27.798423767089844, 27.9260196685791, 29.873641967773438, 29.824607849121094, 28.760807037353516, 29.021757125854492, 29.275222778320312, 47.320655822753906, 51.49665832519531, 49.67183303833008, 28.459009170532227, 28.663217544555664, 29.521724700927734, 26.665996551513672, 24.904577255249023, 25.685306549072266, 23.607263565063477], "9": [23.906360626220703, 21.76119613647461, 22.374195098876953, 22.833852767944336, 21.838232040405273, 21.742029190063477, 20.610715866088867, 26.15648078918457, 26.618680953979492, 29.5562744140625, 29.111906051635742, 29.296354293823242, 31.58635139465332, 30.939916610717773, 30.172420501708984, 30.621530532836914, 30.489381790161133, 26.7258358001709, 27.256328582763672, 27.60732650756836, 24.646047592163086, 22.297401428222656, 24.93158721923828, 22.654232025146484], "10": [22.391647338867188, 20.15519905090332, 20.21741485595703, 20.103364944458008, 20.425525665283203, 19.404499053955078, 24.1414794921875, 33.824100494384766, 59.03958511352539, 68.83596801757812, 72.9188461303711, 72.8773422241211, 75.04984283447266, 73.93987274169922, 72.20903015136719, 72.30913543701172, 74.83041381835938, 69.62825775146484, 65.63469696044922, 60.662288665771484, 59.179256439208984, 29.227296829223633, 26.06215476989746, 23.19447898864746], "11": [23.233539581298828, 21.670455932617188, 21.771583557128906, 20.919025421142578, 21.212800979614258, 21.15708351135254, 24.63767433166504, 28.092994689941406, 57.50299835205078, 68.15806579589844, 68.45550537109375, 70.70447540283203, 74.96125793457031, 70.56403350830078, 75.24800109863281, 77.84854125976562, 68.69378662109375, 66.85972595214844, 63.9147834777832, 62.79100799560547, 59.378238677978516, 59.21708297729492, 33.6202507019043, 24.88193130493164], "12": [25.406564712524414, 24.213523864746094, 23.853593826293945, 24.105194091796875, 24.05196762084961, 22.557762145996094, 26.324506759643555, 29.966482162475586, 59.02281951904297, 70.90770721435547, 76.79302978515625, 74.36888122558594, 79.4056167602539, 75.15605926513672, 77.6304931640625, 79.01089477539062, 77.17098999023438, 72.45135498046875, 66.6226577758789, 60.705230712890625, 64.37663269042969, 62.305572509765625, 48.90050506591797, 26.480106353759766], "13": [26.74729347229004, 25.148290634155273, 25.147592544555664, 25.17232894897461, 25.41340446472168, 24.987781524658203, 25.527860641479492, 31.05479621887207, 62.360843658447266, 67.45443725585938, 69.77157592773438, 73.064208984375, 79.66084289550781, 78.87757873535156, 78.80545806884766, 79.28541564941406, 75.90359497070312, 72.76287078857422, 66.61213684082031, 62.06007385253906, 59.65459060668945, 57.56223678588867, 28.962167739868164, 27.817182540893555], "14": [27.894309997558594, 26.310131072998047, 26.253589630126953, 24.4718017578125, 24.2183837890625, 24.064159393310547, 28.30313491821289, 33.480934143066406, 60.87437438964844, 68.16722869873047, 77.95509338378906, 73.16899871826172, 73.14640808105469, 74.93445587158203, 73.75961303710938, 74.39112091064453, 70.95746612548828, 72.39222717285156, 65.17613983154297, 64.40132904052734, 58.01659393310547, 34.02716064453125, 27.81731414794922, 26.934528350830078], "15": [23.02985382080078, 21.138484954833984, 21.058935165405273, 22.404451370239258, 22.193727493286133, 22.672290802001953, 20.853740692138672, 28.5880126953125, 28.881141662597656, 28.9527645111084, 29.744657516479492, 31.279760360717773, 31.42363929748535, 30.665027618408203, 31.245410919189453, 33.04658508300781, 32.324954986572266, 32.27013397216797, 32.21220397949219, 31.02240753173828, 28.567211151123047, 27.278024673461914, 27.92262840270996, 25.930795669555664], "16": [23.72235107421875, 23.22577667236328, 22.411043167114258, 24.209880828857422, 23.6373348236084, 23.231245040893555, 22.65122413635254, 27.854290008544922, 27.60810089111328, 30.95126724243164, 31.226242065429688, 31.22735595703125, 31.441082000732422, 31.710840225219727, 31.282634735107422, 32.38581085205078, 33.43120193481445, 32.4172248840332, 30.854291915893555, 31.898731231689453, 28.940996170043945, 25.257593154907227, 26.14601707458496, 25.597169876098633],