{"2019": {"6": {"1": [63.44813919067383, 64.84574127197266, 60.70444107055664, 64.82146453857422, 62.09892272949219, 62.62086486816406, 60.504756927490234, 60.06368637084961, 60.98637008666992, 64.72618103027344, 62.09976577758789, 63.25963592529297, 66.62056732177734, 65.98749542236328, 64.49981689453125, 66.13023376464844, 66.61329650878906, 68.83844757080078, 67.1253662109375, 68.45877838134766, 68.47779846191406, 66.22966003417969, 67.23346710205078, 67.07208251953125], "2": [63.603363037109375, 65.58454132080078, 62.68525314331055, 62.47606658935547, 63.368316650390625, 62.10771560668945, 60.89179992675781, 60.550453186035156, 62.686798095703125, 62.92745590209961, 62.784175872802734, 62.24949264526367, 60.73925018310547, 62.83065414428711, 67.5304183959961, 67.06934356689453, 67.3198013305664, 68.1373291015625, 68.19425964355469, 67.65882873535156, 61.066650390625, 62.01642608642578, 63.58966827392578, 64.98540496826172], "3": [64.2763671875, 63.487342834472656, 61.74455261230469, 63.57240295410156, 62.217994689941406, 58.604736328125, 61.99164581298828, 62.65144348144531, 96.00011444091797, 101.7430191040039, 110.9083023071289, 117.17526245117188, 121.54724884033203, 119.6502914428711, 120.29256439208984, 115.7494888305664, 112.93549346923828, 114.28945922851562, 86.9783706665039, 79.8218994140625, 77.84423065185547, 79.65528869628906, 67.26258850097656, 63.3142204284668], "4": [64.20356750488281, 63.71405792236328, 63.52824783325195, 60.59342956542969, 61.91408157348633, 63.388328552246094, 61.2079963684082, 66.52753448486328, 97.1654052734375, 105.73617553710938, 114.53365325927734, 118.43932342529297, 112.03662872314453, 116.01091003417969, 117.51197814941406, 112.41865539550781, 106.70258331298828, 111.0059585571289, 90.24343872070312, 82.09966278076172, 79.31355285644531, 80.16810607910156, 65.9390640258789, 62.96944808959961], "5": [61.91208267211914, 64.86276245117188, 64.14567565917969, 64.30007934570312, 62.04494094848633, 62.28778076171875, 64.18236541748047, 63.465538024902344, 102.79750061035156, 109.44822692871094, 119.61737060546875, 121.87739562988281, 114.5802230834961, 117.67949676513672, 112.72296905517578, 117.54960632324219, 111.27191162109375, 105.07170867919922, 86.6452407836914, 89.31544494628906, 76.04998779296875, 76.18021392822266, 65.39850616455078, 63.70225143432617], "6": [63.157466888427734, 64.55371856689453, 63.504249572753906, 65.9312973022461, 63.01094055175781, 64.69623565673828, 63.13848876953125, 64.46309661865234, 101.49175262451172, 110.63924407958984, 115.3588638305664, 115.51310729980469, 117.21957397460938, 117.60001373291016, 119.01065063476562, 116.75580596923828, 110.93144226074219, 112.07696533203125, 85.50210571289062, 82.87029266357422, 87.58924102783203, 83.87152862548828, 74.53219604492188, 72.86710357666016], "7": [64.9149398803711, 68.39224243164062, 66.77037048339844, 65.52163696289062, 68.79813385009766, 69.04383087158203, 67.25830078125, 68.65953826904297, 109.94957733154297, 112.98052215576172, 117.29557800292969, 113.10169982910156, 118.37796020507812, 118.40547180175781, 116.28453826904297, 128.7362823486328, 123.5597152709961, 115.80821990966797, 86.36237335205078, 77.03089904785156, 75.7498779296875, 71.81192779541016, 67.55461883544922, 64.91744232177734], "8": [63.01017379760742, 61.59051513671875, 60.57935333251953, 63.04431915283203, 62.11354064941406, 59.22956085205078, 59.14311981201172, 60.6118278503418, 61.426021575927734, 60.86785125732422, 65.29315185546875, 64.74911499023438, 61.07046127319336, 62.0931282043457, 63.27595520019531, 63.50638198852539, 64.24726104736328, 64.56250762939453, 66.81159210205078, 65.57148742675781, 66.20082092285156, 63.717105865478516, 65.8943862915039, 64.8790283203125], "9": [63.08533477783203, 64.0563735961914, 64.0256118774414, 61.598121643066406, 61.869384765625, 61.30635070800781, 62.265296936035156, 59.519004821777344, 62.767860412597656, 62.1852912902832, 65.3478012084961, 61.748199462890625, 60.00189971923828, 61.72732925415039, 64.57487487792969, 62.766292572021484, 64.49674224853516, 64.40799713134766, 63.67957305908203, 66.2328109741211, 64.43275451660156, 64.10520935058594, 64.4946517944336, 61.74711990356445], "10": [64.91153717041016, 64.82223510742188, 63.3025016784668, 64.71527099609375, 58.08315658569336, 62.08112335205078, 61.27742004394531, 66.20307159423828, 115.5699462890625, 123.36145782470703, 117.55390930175781, 135.36007690429688, 135.3975372314453, 136.66395568847656, 135.21685791015625, 134.72439575195312, 130.5792694091797, 116.11112213134766, 87.8427505493164, 85.7468032836914, 84.27825164794922, 88.36660766601562, 67.65006256103516, 67.6881103515625], "11": [64.85519409179688, 64.43367004394531, 64.24898529052734, 64.74454498291016, 64.65884399414062, 65.13701629638672, 62.877357482910156, 65.17254638671875, 118.07675170898438, 123.42742156982422, 129.46951293945312, 131.38819885253906, 142.33343505859375, 143.70542907714844, 144.27047729492188, 146.06466674804688, 138.9445037841797, 126.144775390625, 92.89513397216797, 88.11546325683594, 85.0538101196289, 84.41312408447266, 70.08009338378906, 66.43943786621094], "12": [66.87284088134766, 65.9615249633789, 65.81348419189453, 64.14939880371094, 64.71923828125, 64.4979476928711, 64.36348724365234, 64.52965545654297, 120.08941650390625, 132.11968994140625, 141.4558563232422, 145.26199340820312, 143.8629913330078, 145.6022491455078, 142.5133819580078, 141.07720947265625, 134.90150451660156, 137.2887725830078, 101.55813598632812, 101.31696319580078, 101.82638549804688, 91.164794921875, 73.77828216552734, 69.92974853515625], "13": [71.0469741821289, 69.7279281616211, 71.05450439453125, 68.35777282714844, 66.58615112304688, 67.1495361328125, 66.69293975830078, 68.46304321289062, 120.31717681884766, 134.76364135742188, 143.96060180664062, 150.8064727783203, 153.82452392578125, 157.5808563232422, 152.99989318847656, 141.92613220214844, 132.35903930664062, 128.34194946289062, 101.88765716552734, 92.97886657714844, 93.00222778320312, 88.50057220458984, 74.03792572021484, 72.09859466552734], "14": [68.02830505371094, 65.20796966552734, 64.32079315185547, 64.33853912353516, 64.9781265258789, 66.12287902832031, 64.01425170898438, 65.65059661865234, 114.18073272705078, 129.0600128173828, 135.4445343017578, 138.45889282226562, 138.69384765625, 129.91958618164062, 134.19256591796875, 129.8135986328125, 131.8750762939453, 122.7186050415039, 86.48420715332031, 82.67321014404297, 88.05801391601562, 85.47066497802734, 70.89673614501953, 69.1558837890625], "15": [68.28815460205078, 65.78144836425781, 64.21997833251953, 64.4211654663086, 64.6434555053711, 65.76187133789062, 63.66164016723633, 63.96828842163086, 62.598304748535156, 66.62715911865234, 64.48281860351562, 64.28325653076172, 66.17658996582031, 67.41326141357422, 67.35834503173828, 65.64251708984375, 68.75738525390625, 70.12361907958984, 72.61759948730469, 70.85385131835938, 70.30842590332031, 67.63107299804688, 67.2360610961914, 68.04007720947266], "16": [66.42766571044922, 66.0147933959961, 65.2430419921875, 62.36177062988281, 63.928810119628906, 62.89006805419922, 61.58194351196289, 63.824073791503906, 63.882266998291016, 65.71112060546875, 66.78297424316406, 64.87645721435547, 65.44379425048828, 67.5914306640625, 68.31918334960938, 67.55709075927734, 68.54861450195312, 69.46142578125, 71.61711120605469, 67.35238647460938, 71.0438232421875, 68.46894836425781, 68.7245101928711, 66.56971740722656], "17": [65.41831970214844, 67.4637222290039, 67.89625549316406, 63.600650787353516, 64.970947265625, 66.0760726928711, 63.79848098754883, 65.67227935791016, 118.73374938964844, 128.2565155029297, 142.3532257080078, 140.54344177246094, 141.4605712890625, 143.7148895263672, 147.7804718017578, 140.8834228515625, 139.95619201660156, 136.22120666503906, 93.72893524169922, 89.84856414794922, 87.73161315917969, 93.24375915527344, 72.67205810546875, 69.68599700927734],