{"2019": {"6": {"1": [52.3696174621582, 50.339500427246094, 48.65298080444336, 48.200294494628906, 47.932769775390625, 47.86747360229492, 51.07966232299805, 83.21014404296875, 91.25208282470703, 91.8348159790039, 101.42236328125, 95.67841339111328, 98.55225372314453, 98.606201171875, 99.3817138671875, 101.45154571533203, 95.98448944091797, 101.5578842163086, 54.29246139526367, 53.066490173339844, 53.52397918701172, 54.464317321777344, 52.99324035644531, 51.03749084472656], "2": [49.8889045715332, 50.7920036315918, 49.75294876098633, 48.34299850463867, 48.416046142578125, 49.07573699951172, 47.68998336791992, 50.683162689208984, 50.85154342651367, 54.144351959228516, 51.71461868286133, 53.82475662231445, 53.87236404418945, 55.33700942993164, 54.37213897705078, 56.42041778564453, 55.977108001708984, 56.749324798583984, 56.95877456665039, 56.27619171142578, 56.48137283325195, 58.24162673950195, 56.34697341918945, 54.027976989746094], "3": [50.822208404541016, 51.6118278503418, 50.00258255004883, 49.98756408691406, 49.397762298583984, 49.31382751464844, 52.06887435913086, 92.8575210571289, 121.97273254394531, 138.86520385742188, 143.62326049804688, 146.26222229003906, 139.87464904785156, 139.30709838867188, 138.16355895996094, 137.0435791015625, 135.58340454101562, 125.91180419921875, 112.94618225097656, 79.2646713256836, 76.61994171142578, 75.72595977783203, 69.6982650756836, 63.31988525390625], "4": [51.63316345214844, 49.69538116455078, 48.17158126831055, 46.87504959106445, 47.1469841003418, 47.22117614746094, 50.692874908447266, 84.64413452148438, 101.77701568603516, 122.3476333618164, 129.25112915039062, 129.9532470703125, 141.6425018310547, 141.10523986816406, 140.00148010253906, 147.35272216796875, 146.7743377685547, 127.5808334350586, 115.72380065917969, 82.65958404541016, 79.94281768798828, 77.88904571533203, 71.62049102783203, 69.04187774658203], "5": [54.78227996826172, 55.30010986328125, 51.91595458984375, 51.23980712890625, 49.18141174316406, 50.49943923950195, 53.327911376953125, 86.70062255859375, 110.65340423583984, 129.26422119140625, 139.8106231689453, 134.66331481933594, 143.12716674804688, 141.45391845703125, 142.90231323242188, 140.46694946289062, 136.29959106445312, 121.29619598388672, 107.15631866455078, 83.2905044555664, 77.56385040283203, 83.81737518310547, 70.9958267211914, 62.64902877807617], "6": [51.23670196533203, 50.63894271850586, 46.95368957519531, 45.880645751953125, 46.579647064208984, 45.617977142333984, 50.073402404785156, 70.32201385498047, 103.25922393798828, 118.04645538330078, 121.57705688476562, 125.13516998291016, 127.3154067993164, 125.25145721435547, 127.07632446289062, 137.4808807373047, 132.87933349609375, 125.06610870361328, 110.65983581542969, 85.14824676513672, 80.7538070678711, 82.33551788330078, 74.25070190429688, 65.2106704711914], "7": [55.51646423339844, 55.87492370605469, 54.247745513916016, 53.01591110229492, 53.07065963745117, 53.836429595947266, 56.8770751953125, 76.82770538330078, 103.4572982788086, 121.9489517211914, 123.5076675415039, 125.00923919677734, 133.40011596679688, 133.7500762939453, 136.8153839111328, 146.1317138671875, 135.89682006835938, 127.32404327392578, 112.54503631591797, 75.24287414550781, 76.85408020019531, 80.51155090332031, 62.728328704833984, 57.18063735961914], "8": [57.956111907958984, 55.802513122558594, 53.47440719604492, 51.635738372802734, 52.156497955322266, 50.80302810668945, 54.91665267944336, 78.16309356689453, 95.02385711669922, 94.14395141601562, 96.37026977539062, 96.99747467041016, 100.23316955566406, 104.75145721435547, 100.97232055664062, 100.68817901611328, 100.66851806640625, 98.83218383789062, 58.6370735168457, 59.143882751464844, 56.816429138183594, 55.861629486083984, 56.580657958984375, 55.367794036865234], "9": [54.91062545776367, 55.40370559692383, 54.97760009765625, 55.33477020263672, 54.76188659667969, 55.716819763183594, 54.378665924072266, 52.871788024902344, 54.535606384277344, 55.90943145751953, 60.86870193481445, 61.922359466552734, 61.42477798461914, 59.275997161865234, 58.5291748046875, 61.068416595458984, 58.684749603271484, 58.37141036987305, 57.85923767089844, 58.24757766723633, 57.662837982177734, 57.7075080871582, 57.06654357910156, 56.30405044555664], "10": [55.06007385253906, 54.67721939086914, 53.94640350341797, 54.0603141784668, 54.147987365722656, 54.1812858581543, 52.9058837890625, 85.24174499511719, 116.88062286376953, 143.92599487304688, 149.3325653076172, 154.44422912597656, 157.82249450683594, 158.51036071777344, 155.48634338378906, 158.41490173339844, 152.96836853027344, 138.62359619140625, 115.98219299316406, 79.0997085571289, 83.99395751953125, 79.42361450195312, 71.1635513305664, 61.08383560180664], "11": [58.54115295410156, 56.66006088256836, 54.950138092041016, 54.497314453125, 54.62500762939453, 55.30358123779297, 53.05125045776367, 84.99932098388672, 117.5799560546875, 150.2508544921875, 157.29588317871094, 156.58663940429688, 159.04345703125, 155.88316345214844, 154.97181701660156, 160.2136993408203, 157.4688720703125, 148.8502197265625, 131.03594970703125, 84.99072265625, 82.68900299072266, 71.78636169433594, 67.02948760986328, 65.62176513671875], "12": [62.1937255859375, 59.89922332763672, 59.220123291015625, 58.05696487426758, 56.8823127746582, 58.94058609008789, 56.789222717285156, 94.64543151855469, 142.2846221923828, 152.6446075439453, 159.064697265625, 162.71884155273438, 166.9547882080078, 166.35435485839844, 169.16697692871094, 168.80711364746094, 165.0778350830078, 152.29042053222656, 134.04986572265625, 87.85999298095703, 84.85206604003906, 78.05970764160156, 70.94438934326172, 69.09352111816406], "13": [54.25697326660156, 53.66812515258789, 50.77825164794922, 49.548194885253906, 49.72211456298828, 51.68577194213867, 48.55976486206055, 91.2731704711914, 133.75912475585938, 146.5543975830078, 150.43885803222656, 150.43841552734375, 151.9904022216797, 150.68612670898438, 151.6173858642578, 159.63417053222656, 157.1311798095703, 144.0365447998047, 126.78150939941406, 78.10331726074219, 77.21803283691406, 66.47087860107422, 60.904109954833984, 56.800289154052734], "14": [51.48937225341797, 52.8419189453125, 51.48134994506836, 49.71051025390625, 49.947933197021484, 50.288177490234375, 50.39085006713867, 86.56414031982422, 118.26910400390625, 141.2274169921875, 152.09364318847656, 155.43016052246094, 152.48269653320312, 156.38092041015625, 161.0675048828125, 157.5189208984375, 152.4948272705078, 141.26344299316406, 125.60737609863281, 83.8480224609375, 79.34136199951172, 72.042724609375, 62.15312957763672, 56.109954833984375], "15": [51.51443862915039, 53.01564407348633, 51.91877746582031, 51.3444938659668, 52.04313278198242, 54.05416488647461, 51.96269607543945, 84.8852310180664, 105.08279418945312, 107.82073211669922, 105.23895263671875, 105.95648956298828, 107.44852447509766, 106.31970977783203, 105.66927337646484, 103.93839263916016, 103.31573486328125, 102.3856430053711, 56.49930191040039, 57.17467498779297, 56.70024490356445, 56.364559173583984, 57.231666564941406, 56.74686813354492], "16": [56.01447296142578, 54.53388977050781, 54.93703079223633, 54.025569915771484, 54.19928741455078, 53.13231658935547, 52.32563781738281, 52.670310974121094, 52.749603271484375, 53.99057388305664, 57.41859817504883, 58.054996490478516, 59.083587646484375, 55.091400146484375, 56.647682189941406, 55.29766082763672, 56.99397659301758, 57.72200393676758, 58.442256927490234, 58.18799591064453, 56.090572357177734, 54.26936340332031, 55.91179656982422, 54.37228012084961],