{"2019": {"6": {"1": [53.1047477722168, 50.790283203125, 24.898502349853516, 25.06688690185547, 25.56512451171875, 24.757457733154297, 24.742725372314453, 22.48766326904297, 21.332870483398438, 21.57263946533203, 41.40705871582031, 102.57410430908203, 104.92684173583984, 110.56199645996094, 109.34727478027344, 106.65727996826172, 108.6332778930664, 107.25041961669922, 23.82931137084961, 23.948646545410156, 24.19702911376953, 24.18810272216797, 25.190109252929688, 24.396728515625], "2": [24.710430145263672, 24.404254913330078, 24.299007415771484, 24.57552719116211, 24.735366821289062, 24.395851135253906, 24.808086395263672, 23.46115493774414, 24.297283172607422, 24.454692840576172, 23.928630828857422, 23.777286529541016, 27.177135467529297, 76.15339279174805, 88.9953384399414, 68.43230438232422, 65.27805709838867, 83.73938369750977, 23.88442611694336, 22.967376708984375, 23.813739776611328, 23.94497299194336, 24.71103286743164, 24.365646362304688], "3": [23.962818145751953, 24.417491912841797, 24.12430191040039, 24.311622619628906, 24.108753204345703, 24.49560546875, 24.506168365478516, 33.00921630859375, 36.06169128417969, 70.88941955566406, 72.12800598144531, 74.01048278808594, 114.21086120605469, 127.1690673828125, 117.7491455078125, 110.75556945800781, 115.02571105957031, 110.41708374023438, 112.05711364746094, 92.68500518798828, 91.4675521850586, 102.67394256591797, 73.33370208740234, 52.268592834472656], "4": [52.599205017089844, 51.817344665527344, 25.15176773071289, 24.602184295654297, 25.16280746459961, 24.609725952148438, 29.607318878173828, 34.29985046386719, 39.06543731689453, 56.120216369628906, 74.2611083984375, 72.60380554199219, 116.19157409667969, 116.96473693847656, 108.65159606933594, 104.59234619140625, 109.95283508300781, 107.60477447509766, 93.99609375, 105.92412567138672, 116.57799530029297, 93.2676773071289, 70.6372299194336, 50.83270263671875], "5": [51.32475280761719, 52.78169250488281, 24.20594024658203, 23.53382110595703, 23.507225036621094, 24.834728240966797, 29.139068603515625, 33.23585510253906, 39.754661560058594, 75.68928527832031, 72.43635559082031, 74.77583312988281, 74.81263732910156, 74.45698547363281, 109.80032348632812, 73.26313781738281, 88.88395690917969, 89.39990997314453, 94.57537078857422, 74.64041900634766, 92.35814666748047, 72.33667755126953, 70.43318939208984, 51.22122573852539], "6": [49.861358642578125, 51.18363571166992, 25.005233764648438, 25.07977294921875, 24.869457244873047, 25.313396453857422, 29.192901611328125, 35.16178894042969, 38.49681854248047, 60.652305603027344, 72.33296203613281, 78.75231170654297, 74.87525177001953, 77.34029388427734, 72.95162963867188, 110.66473388671875, 111.88871765136719, 100.79145050048828, 72.85903930664062, 73.06420135498047, 104.33167266845703, 72.21099090576172, 71.06744384765625, 52.17034149169922], "7": [52.49980926513672, 56.159080505371094, 26.829898834228516, 26.995983123779297, 27.516284942626953, 29.869976043701172, 32.54688262939453, 38.16632080078125, 37.076255798339844, 76.91045379638672, 77.66068267822266, 75.4795913696289, 77.38934326171875, 75.65486145019531, 78.85574340820312, 123.12115478515625, 97.38592529296875, 92.35338592529297, 77.23346710205078, 80.05021667480469, 90.45968627929688, 60.06364440917969, 61.0493049621582, 53.14113235473633], "8": [53.95063400268555, 55.15492248535156, 25.968814849853516, 26.08907699584961, 26.166797637939453, 26.20547866821289, 25.239269256591797, 24.899208068847656, 23.290077209472656, 22.11400604248047, 44.417388916015625, 66.21269989013672, 119.21424865722656, 89.4116439819336, 95.88040161132812, 99.42169952392578, 101.17820739746094, 92.35186767578125, 24.591487884521484, 23.755210876464844, 24.320655822753906, 24.95595932006836, 24.78131103515625, 24.404499053955078], "9": [24.76443862915039, 24.728397369384766, 25.41889190673828, 25.533782958984375, 25.683120727539062, 25.460182189941406, 25.431644439697266, 23.995513916015625, 25.065635681152344, 24.686012268066406, 23.614185333251953, 23.977886199951172, 27.47824478149414, 72.6089973449707, 73.78047180175781, 68.08539199829102, 76.23543167114258, 74.55998611450195, 24.33788299560547, 24.74459457397461, 24.978076934814453, 24.760509490966797, 25.33776092529297, 28.14426040649414], "10": [25.95935821533203, 25.01180648803711, 25.515846252441406, 25.453258514404297, 25.328964233398438, 25.904842376708984, 25.188613891601562, 35.966285705566406, 38.35637664794922, 76.68212890625, 114.11402893066406, 112.07936096191406, 108.96141052246094, 128.40675354003906, 115.78202819824219, 107.14579772949219, 113.77635192871094, 111.61491394042969, 112.02931213378906, 93.93364715576172, 93.04362487792969, 110.74800109863281, 72.33605194091797, 53.346614837646484], "11": [53.58314514160156, 53.42360305786133, 26.187564849853516, 26.93846893310547, 26.027481079101562, 26.371871948242188, 31.129131317138672, 37.62031555175781, 39.67893981933594, 82.49154663085938, 114.89295959472656, 120.15850830078125, 115.482666015625, 121.01875305175781, 120.25953674316406, 125.42948913574219, 122.88717651367188, 125.20492553710938, 125.20211791992188, 115.91787719726562, 115.2569808959961, 114.32127380371094, 74.9222183227539, 52.55369567871094], "12": [52.367393493652344, 51.966346740722656, 25.998001098632812, 26.048824310302734, 25.977397918701172, 25.526782989501953, 30.038650512695312, 36.98042297363281, 85.55783081054688, 121.96458435058594, 121.94158935546875, 126.23690795898438, 127.21784973144531, 138.76268005371094, 138.1377716064453, 138.98899841308594, 137.4040985107422, 134.42625427246094, 133.82550048828125, 116.76728057861328, 115.67439270019531, 112.61224365234375, 72.94029998779297, 51.203208923339844], "13": [51.34734344482422, 52.08230209350586, 24.169586181640625, 24.08551788330078, 24.683807373046875, 25.285884857177734, 29.041912078857422, 34.830543518066406, 81.46302795410156, 117.58332824707031, 116.30561828613281, 119.89898681640625, 118.25935363769531, 127.44131469726562, 127.75587463378906, 136.2696075439453, 131.80857849121094, 127.92686462402344, 119.76507568359375, 110.78639221191406, 110.0125732421875, 114.61922454833984, 73.51993179321289, 51.498348236083984], "14": [52.82953643798828, 51.10736083984375, 23.847980499267578, 24.02789306640625, 24.595020294189453, 23.705413818359375, 26.291736602783203, 28.00218963623047, 34.01716613769531, 71.970947265625, 73.41593933105469, 106.38008117675781, 111.91973876953125, 114.166259765625, 108.34445190429688, 115.31948852539062, 108.56517028808594, 108.11042785644531, 78.04057312011719, 77.77749633789062, 82.61707305908203, 79.19482421875, 59.284446716308594, 52.476966857910156], "15": [52.55561447143555, 53.55849838256836, 25.102691650390625, 24.799068450927734, 24.967098236083984, 25.15671157836914, 24.548343658447266, 25.139968872070312, 20.985740661621094, 23.21843719482422, 74.96986389160156, 111.98505401611328, 105.04944610595703, 112.29244232177734, 110.78394317626953, 110.04224395751953, 110.9317626953125, 105.81998443603516, 24.103694915771484, 23.862960815429688, 23.344860076904297, 23.723583221435547, 24.286331176757812, 24.654964447021484], "16": [24.531494140625, 23.967620849609375, 24.447124481201172, 25.264331817626953, 24.343063354492188, 24.476318359375, 24.278549194335938, 24.235885620117188, 23.624099731445312, 24.462238311767578, 23.802051544189453, 23.322582244873047, 27.59326934814453, 87.23942565917969, 76.63854217529297, 92.34049224853516, 87.30477523803711, 67.03250503540039, 23.09731674194336, 23.54877471923828, 24.003063201904297, 23.76819610595703, 24.594886779785156, 24.308475494384766],